response_time,status_code,request_count,error_rate,cpu_usage,memory_usage,network_io,disk_io,hour_of_day,day_of_week,is_anomaly
147.9787,200.0,90.45265,0.007376439,43.658665,41.973534,286.80667,167.6406,4.0,4.0,0
330.6538,200.0,105.39022,0.020231577,44.65362,69.069374,218.6803,161.89133,0.0,6.0,0
179.54922,200.0,106.12479,0.0020482691,58.760223,63.106873,190.1166,146.8639,1.0,4.0,0
88.26973,200.0,93.002846,0.0012582097,34.13166,36.77426,86.54238,16.523438,11.0,5.0,0
204.64716,200.0,118.40608,0.04739266,42.69905,45.53128,286.2433,437.5499,2.0,6.0,0
185.81728,200.0,114.31634,0.018362379,30.822914,49.49831,284.6871,155.48553,9.0,1.0,0
175.5804,200.0,149.7969,0.006393575,42.228737,60.69851,212.74887,116.05056,19.0,5.0,0
193.76102,200.0,86.43596,0.013534773,19.764402,63.484776,196.75752,191.65005,4.0,1.0,0
294.9959,200.0,114.18305,0.0006693783,39.230824,46.89184,277.80524,0.0,4.0,0.0,0
306.09448,200.0,156.20245,0.030272506,50.87807,64.56137,409.86783,229.95181,11.0,1.0,0
116.78418,200.0,80.50599,0.0005141074,70.78119,47.987434,210.34294,59.271046,14.0,0.0,0
177.32155,200.0,105.84326,0.00077393255,49.606438,53.750473,295.01434,171.08989,4.0,5.0,0
260.76636,200.0,90.987885,0.00504505,30.895065,57.83507,106.26293,101.048744,13.0,1.0,0
336.01282,500.0,127.139725,0.0055890824,51.707325,53.184654,303.03735,145.29916,16.0,0.0,0
252.59065,200.0,58.503677,0.0077934125,41.810566,52.573963,194.49591,184.77342,8.0,2.0,0
230.14912,200.0,103.92336,0.023016674,17.14196,23.171621,229.35701,240.96455,19.0,3.0,0
234.437,200.0,66.967995,0.011251625,21.4303,59.714672,73.58605,226.07414,15.0,0.0,0
367.34857,200.0,75.74464,0.0025974268,43.997547,36.195248,249.22984,134.71326,8.0,0.0,0
150.62596,200.0,117.499725,0.004575235,24.309183,37.778503,135.64966,0.0,2.0,2.0,0
164.1632,200.0,55.50193,0.003620858,49.383842,48.852097,280.0601,257.02817,21.0,6.0,0
167.92117,201.0,57.845085,0.006064027,32.069168,52.26647,137.75195,123.22161,23.0,3.0,0
223.40784,200.0,71.22436,0.025498725,29.69369,40.36325,416.15164,127.54221,22.0,3.0,0
387.0267,200.0,145.403,0.0035399385,74.90037,30.258507,228.27736,106.334915,12.0,0.0,0
317.23715,200.0,94.11385,0.0041508544,30.563751,59.23353,273.5704,360.06738,18.0,1.0,0
199.63335,200.0,73.50835,0.028405225,63.310448,59.52962,340.65817,80.39678,7.0,6.0,0
139.49823,200.0,110.60698,0.045480184,32.480793,71.73376,168.6595,243.22989,4.0,4.0,0
103.66992,200.0,93.64668,0.006461529,21.003616,65.83004,225.84628,145.53416,18.0,4.0,0
254.50748,201.0,96.68458,0.009267353,48.026264,48.901245,64.34272,121.22249,10.0,2.0,0
258.2344,200.0,123.59712,0.010465399,12.801316,31.6474,42.616478,79.840866,0.0,3.0,0
399.16263,200.0,128.50948,0.012991982,40.862167,50.391754,354.34598,104.47162,11.0,6.0,0
151.74043,200.0,100.7074,0.00038749047,26.692984,53.375114,280.79053,0.0,22.0,3.0,0
303.53577,200.0,41.982555,0.017343555,47.10533,57.458805,269.56766,183.39871,6.0,0.0,0
94.90546,200.0,93.4218,0.0008774108,16.756313,25.593796,427.0,105.197105,23.0,4.0,0
279.4581,200.0,112.521355,0.019162552,41.416466,45.56809,283.51868,121.59139,13.0,2.0,0
184.86472,200.0,112.86448,0.0020476272,20.86937,42.76562,471.58105,120.220085,1.0,2.0,0
84.643585,200.0,125.61238,0.004212171,30.504011,29.317822,337.92303,106.92994,15.0,5.0,0
8847.181,504.0,94.846825,0.29315957,93.68534,98.70991,5816.396,8786.333,13.0,4.0,1
110.89899,200.0,84.71877,0.0046664397,62.105713,65.13354,231.14478,70.84931,11.0,3.0,0
533.9396,200.0,133.77776,0.017447948,85.151924,86.194016,372.57758,170.65562,23.0,1.0,1
280.60483,200.0,122.7396,0.015004527,76.577255,67.361755,324.0357,21.3939,8.0,5.0,0
331.44073,200.0,37.91682,0.013333209,57.345333,36.59501,401.45648,199.65437,13.0,2.0,0
7925.834,504.0,60.207005,0.28947562,93.6867,97.859245,7454.965,7773.3516,6.0,6.0,1
147.92856,200.0,115.23829,0.00034981334,40.35938,32.305416,466.55008,227.04129,18.0,0.0,0
213.02705,200.0,60.417904,0.001683204,33.758533,74.56013,180.53476,185.75955,14.0,4.0,0
192.22076,200.0,40.041355,0.008723893,58.86927,56.317825,422.85098,18.875145,20.0,3.0,0
125.477165,200.0,144.97864,0.0069131698,51.275192,48.553143,115.574165,188.43642,0.0,0.0,0
200.88847,200.0,114.43167,0.0052430504,46.1617,56.534134,291.08118,26.652521,2.0,0.0,0
190.7924,200.0,140.71553,0.018014364,28.627367,40.505615,353.84924,173.93175,18.0,2.0,0
194.64922,200.0,79.364944,0.0057734624,30.04699,43.850273,510.1262,265.30954,9.0,0.0,0
201.72209,200.0,117.93961,0.0030259932,53.51558,43.919453,410.50745,39.167187,5.0,6.0,0
148.01476,200.0,130.5891,0.010627487,40.395264,44.43802,303.97928,219.95045,9.0,6.0,0
143.17651,200.0,108.08919,0.0027368534,31.927904,37.70935,284.02512,377.68518,16.0,3.0,0
7458.045,504.0,142.57092,0.22689892,80.54387,77.64231,9910.699,9062.098,10.0,3.0,1
247.085,200.0,143.2219,0.0022866335,55.713062,40.504475,223.95566,143.89227,20.0,2.0,0
116.0478,200.0,114.67373,0.01661764,37.719612,39.604755,198.0051,93.30659,18.0,4.0,0
157.53065,200.0,164.73505,0.005995537,59.147762,49.53657,421.5247,300.56628,6.0,2.0,0
108.121376,200.0,188.83852,0.0016368806,35.556107,22.26938,148.48994,163.28246,10.0,0.0,0
233.86615,302.0,113.156395,0.024250455,57.295727,42.16646,244.56346,265.4285,20.0,3.0,0
341.4191,200.0,114.02133,0.027077667,69.41625,36.234013,237.51518,108.290054,23.0,1.0,0
125.17298,200.0,56.120953,0.0010484881,48.00614,74.86473,346.32782,184.87688,17.0,5.0,0
122.66553,200.0,117.24937,0.007964516,43.934406,67.87541,314.61713,204.15477,22.0,3.0,0
102.172806,200.0,122.129776,0.008942479,37.697613,60.25319,288.68103,239.28407,9.0,3.0,0
156.86581,200.0,112.937614,0.021470403,25.29583,63.65435,253.91275,181.37167,9.0,4.0,0
231.07343,200.0,87.77847,0.002035511,50.39172,70.122406,190.68324,90.55572,21.0,2.0,0
224.73776,200.0,112.2745,0.0064867404,24.543478,55.991745,8.654172,20.92016,14.0,1.0,0
429.14093,200.0,127.98051,0.0062800255,26.182384,61.06071,336.35522,53.586365,21.0,1.0,0
101.08204,200.0,75.84967,0.000937256,49.26405,53.32561,344.73206,97.07625,13.0,0.0,0
234.0207,200.0,143.47928,0.000545202,20.042585,40.226078,273.96655,174.70515,15.0,6.0,0
106.55219,200.0,103.03635,0.001957992,4.705832,58.33717,98.08861,248.99423,17.0,4.0,0
157.20082,200.0,72.19782,0.01131391,22.818207,33.417564,192.23323,121.708435,9.0,0.0,0
303.6918,200.0,67.849045,0.0045246202,41.563183,35.766464,268.9287,192.7977,10.0,0.0,0
419.2083,302.0,138.01384,0.018646697,34.179863,51.746284,82.199554,230.85419,20.0,3.0,0
9773.063,503.0,59.47274,0.15562116,30.217045,63.8864,226.20625,249.18646,18.0,4.0,1
206.20566,200.0,73.8643,0.0032435611,41.51531,38.405296,189.12973,0.0,4.0,5.0,0
229.51184,200.0,95.43367,0.00057258975,63.595493,60.062634,288.5683,231.46077,4.0,2.0,0
148.83038,400.0,114.68943,0.009476717,14.097949,41.714035,172.1906,243.19438,11.0,3.0,0
378.09387,200.0,96.79442,0.0021861345,12.943896,28.434292,4.645225,214.95847,14.0,1.0,0
254.28726,200.0,104.464806,0.0025915036,29.913574,46.9323,275.59366,174.9024,11.0,4.0,0
95.76829,302.0,116.16601,0.0072189104,35.611958,48.977043,150.02742,61.35676,15.0,4.0,0
172.263,200.0,61.70843,0.027223667,49.656425,28.450567,266.33728,228.02031,17.0,2.0,0
122.12903,301.0,60.932014,0.0018087296,42.61214,65.61085,301.11432,176.0838,18.0,1.0,0
339.1567,201.0,111.06389,0.0009832961,15.652721,44.105602,310.0216,147.42241,4.0,0.0,0
84.98265,200.0,89.48292,0.012033474,55.86227,59.012695,553.97394,59.223568,3.0,5.0,0
327.27853,200.0,121.972404,0.0015976693,50.159866,66.97616,119.994576,152.33777,10.0,2.0,0
73.892204,201.0,137.0235,0.020698912,21.6873,48.084858,394.12085,263.7052,5.0,0.0,0
135.11214,400.0,107.762146,0.007337108,41.94032,64.881836,169.25029,164.41815,4.0,4.0,0
87.030266,200.0,64.66101,0.0027611433,40.77778,55.725533,398.6807,95.49492,16.0,3.0,0
419.11157,200.0,81.05429,0.014672016,84.92229,97.410065,329.88803,295.96338,18.0,0.0,1
242.57904,200.0,114.084404,0.003446797,37.987614,51.754112,43.883617,251.08395,17.0,2.0,0
87.07766,200.0,120.54048,0.005396246,55.318146,67.753174,143.9432,128.10562,7.0,2.0,0
114.12533,200.0,127.23292,0.0068222936,26.952936,42.425232,155.19928,69.286,17.0,0.0,0
156.13753,200.0,97.95947,0.0008901999,40.21065,28.956675,304.66373,195.08948,4.0,1.0,0
160.30624,201.0,142.62997,0.003252197,20.831287,44.169384,361.08456,99.36727,3.0,5.0,0
161.8612,200.0,56.534966,0.03953963,47.434753,52.244328,220.08923,14.697512,19.0,3.0,0
163.63092,200.0,135.5133,0.005580341,45.455624,44.08282,284.7955,68.885185,21.0,1.0,0
901.7526,200.0,157.87874,0.05333579,59.185368,62.93511,9290.783,9485.475,22.0,0.0,1
162.71,200.0,143.24347,0.0021715125,45.42248,40.24488,245.7038,202.72272,14.0,2.0,0
106.12511,200.0,90.09896,9.752328e-05,29.264305,100.0,250.49493,0.0,2.0,4.0,0
359.71106,400.0,93.36754,0.00270493,70.77734,76.91943,312.62607,141.14835,21.0,3.0,0
193.38649,200.0,162.69145,0.012431094,14.510325,42.29206,158.28177,120.80564,15.0,1.0,0
176.24127,200.0,150.43744,0.022844361,41.13726,45.535763,173.83153,219.91084,21.0,1.0,0
191.45992,200.0,58.273884,0.0029420697,80.83798,38.72813,183.0613,159.50784,8.0,2.0,0
398.999,200.0,123.77995,0.007244837,41.690315,55.33444,97.61506,155.01172,19.0,6.0,0
260.24942,200.0,56.682205,4.7032598e-05,47.091724,53.964993,279.73502,20.307106,2.0,6.0,0
182.37256,200.0,77.32473,0.000116940864,40.92053,50.376213,228.6807,172.98355,11.0,4.0,0
139.06639,200.0,115.102425,0.0014368086,42.53448,62.854637,95.20314,75.88769,13.0,0.0,0
168.01543,200.0,123.51338,0.00040365948,33.832924,41.588467,222.51381,71.61808,22.0,5.0,0
144.90141,200.0,95.474724,0.0117176315,46.23227,54.60432,148.83144,93.420616,17.0,1.0,0
298.42712,200.0,109.82707,0.0038858885,51.089615,48.25474,199.51833,145.33847,5.0,3.0,0
180.25836,301.0,152.79665,0.0054840893,38.379578,44.88167,396.50818,140.89458,1.0,0.0,0
94.81063,302.0,76.10597,0.004647209,24.334017,55.311928,288.31265,242.91133,10.0,1.0,0
211.47533,201.0,112.37511,0.0052080387,17.863207,64.05111,210.96262,142.91748,22.0,2.0,0
254.89026,200.0,93.60345,0.0015894684,21.96826,31.50414,308.37576,210.91809,6.0,1.0,0
235.07182,200.0,83.27431,0.016325025,13.567072,47.7247,364.98907,43.107327,8.0,4.0,0
110.272064,200.0,96.41225,0.002183634,16.773756,51.204975,376.94458,134.63792,12.0,5.0,0
201.78285,200.0,117.72675,0.0011839197,29.217562,52.751003,250.93951,47.940098,5.0,2.0,0
207.96353,200.0,66.31169,0.002783816,45.99462,38.75231,126.09766,217.55452,7.0,1.0,0
169.44493,201.0,116.332794,0.00350484,11.169786,62.19786,244.11392,56.83145,23.0,6.0,0
152.87479,200.0,121.98595,0.0020360614,17.527803,52.4514,318.02078,43.627224,10.0,6.0,0
113.44941,200.0,123.7539,0.012022854,30.291822,48.694183,372.36563,188.68217,6.0,0.0,0
266.96585,200.0,71.3245,0.006629688,22.776735,30.273073,312.53638,229.7393,18.0,5.0,0
117.35392,200.0,120.894485,0.013481506,61.5539,49.75165,101.54126,226.19864,1.0,4.0,0
125.96744,200.0,87.41883,0.0078215,48.98921,40.51439,162.17792,198.37991,2.0,6.0,0
28.436993,200.0,108.54449,0.013007437,52.800182,59.37079,221.04318,241.14851,11.0,5.0,0
197.4685,200.0,55.90863,0.01924269,28.206501,28.035225,377.96915,243.06934,20.0,0.0,0
102.495766,201.0,105.86097,0.00469029,40.953823,26.106073,227.93086,195.05034,13.0,4.0,0
139.65903,200.0,86.01856,0.012924846,62.46721,26.1655,397.31027,200.34938,18.0,3.0,0
229.32289,200.0,119.08608,0.012747074,42.501915,28.614574,167.84808,144.88593,13.0,6.0,0
257.09866,200.0,101.905464,0.0015756079,52.13559,56.59197,192.94547,229.3017,18.0,3.0,0
171.19081,200.0,80.27934,0.01647853,41.39012,66.92768,38.57294,299.16312,12.0,0.0,0
212.01674,201.0,116.93776,0.02898374,20.808886,70.76463,259.0428,140.64546,6.0,4.0,0
273.01614,200.0,73.43603,3.059407e-05,38.642708,37.298992,394.70468,223.60425,22.0,5.0,0
183.69704,200.0,110.35949,0.009322064,53.20587,44.640408,248.36723,269.31036,2.0,0.0,0
203.43137,200.0,126.26228,0.0005696851,47.371693,39.62438,221.09763,125.32172,20.0,2.0,0
200.09763,200.0,54.011734,0.0016946546,67.67209,47.04882,267.89352,234.93864,9.0,4.0,0
195.23418,200.0,157.72113,0.0075037465,60.494785,31.576527,324.33307,254.18715,8.0,6.0,0
166.74507,200.0,162.01208,0.005174587,54.7813,64.77611,553.1044,182.60384,11.0,5.0,0
164.44223,200.0,111.76463,0.010738442,32.362408,72.8587,223.03674,148.06598,23.0,0.0,0
174.97235,200.0,111.443245,0.0059188325,59.822556,52.986027,208.3933,262.6219,12.0,5.0,0
187.9232,200.0,69.90376,0.024256859,31.87862,41.419926,260.8577,131.33179,15.0,0.0,0
252.93692,200.0,104.353065,0.002388302,33.835266,50.23519,81.04009,307.68112,3.0,3.0,0
5010.0444,503.0,84.82489,0.16996387,42.41108,51.555347,294.74695,127.99731,18.0,6.0,1
274.5217,200.0,129.82504,0.014406452,19.890554,55.332363,248.64932,169.6649,11.0,1.0,0
62.937057,200.0,115.51319,0.0012073787,45.669636,49.873207,244.21458,162.84402,15.0,6.0,0
335.75497,200.0,75.22071,0.0002741739,33.97328,47.151478,233.41873,155.07701,2.0,1.0,0
106.410614,200.0,132.24852,0.021091819,44.206596,58.284412,183.27168,199.7721,8.0,5.0,0
232.858,201.0,90.18977,0.009513221,53.316254,47.568604,196.7216,296.95352,5.0,2.0,0
133.25665,200.0,70.52548,0.0056174803,8.354564,26.725275,216.16069,224.90404,5.0,5.0,0
6681.123,502.0,53.025402,0.14136758,58.721146,49.698666,211.3902,150.58347,7.0,4.0,1
214.57059,200.0,82.27494,0.010409797,58.28341,46.464466,248.85889,51.561012,14.0,2.0,0
271.23068,200.0,99.97874,0.010388422,91.77788,67.609665,72.154465,158.75272,8.0,4.0,0
1278.0691,504.0,66.98997,0.22890273,69.612976,45.540325,223.47011,152.87712,16.0,1.0,1
198.51335,200.0,104.17925,0.013827054,44.373787,40.923756,292.07953,195.19714,21.0,4.0,0
153.3618,200.0,64.15186,0.008507018,67.712204,71.807304,338.54303,219.69621,11.0,2.0,0
174.38663,200.0,71.9833,0.0019992366,58.66126,37.139763,424.28598,169.28287,1.0,5.0,0
126.33472,200.0,71.6846,0.027766787,42.79854,56.252594,253.38452,196.66759,10.0,2.0,0
104.372284,200.0,90.21819,0.0010986624,49.90159,65.72364,126.77055,94.1098,14.0,4.0,0
104.43743,200.0,85.469025,0.024891794,54.983456,45.906017,325.21414,135.60582,1.0,2.0,0
240.8282,302.0,120.79868,1.9283554e-05,30.235966,47.47663,209.71196,28.641094,18.0,3.0,0
373.50665,200.0,88.30946,0.02817625,33.973835,45.09562,361.2921,128.60985,13.0,6.0,0
198.48141,200.0,96.6261,0.006365874,45.353767,72.71228,262.61612,240.35596,22.0,6.0,0
123.4586,200.0,92.67102,0.015971959,33.826603,43.542473,180.78378,62.498287,23.0,6.0,0
98.83569,200.0,118.6026,0.010877121,44.89353,35.61716,313.3965,228.42581,6.0,6.0,0
231.8935,200.0,86.77571,0.014251227,58.891884,43.062763,246.25279,0.0,0.0,2.0,0
165.30443,200.0,76.977905,0.011354765,55.31138,20.58827,370.59186,213.7896,8.0,0.0,0
324.36234,200.0,111.04195,0.0048111724,29.859787,53.014748,293.83157,121.5691,4.0,2.0,0
200.44273,200.0,108.53793,0.00030295,42.18476,61.046993,383.85834,94.73244,3.0,3.0,0
263.40417,200.0,77.75587,0.038872816,24.947218,70.62516,494.39728,112.56265,7.0,0.0,0
103.68159,200.0,105.23187,0.0060170977,42.944427,50.88985,172.35095,137.12204,11.0,1.0,0
227.27762,200.0,70.36699,0.0021437402,53.72334,63.703766,152.72137,86.876625,3.0,1.0,0
238.84505,200.0,104.51903,0.0081049865,49.804813,59.23844,315.09982,60.76577,13.0,2.0,0
39.521606,200.0,128.1046,0.00079983735,41.209877,42.17774,210.73509,221.9328,13.0,3.0,0
195.56848,200.0,84.32053,0.0012451328,55.024693,72.7612,277.03876,31.574244,6.0,0.0,0
58.668034,200.0,119.57607,0.004658312,49.47164,29.097107,163.63698,115.82209,10.0,3.0,0
278.32635,200.0,76.96601,0.000930317,27.968336,57.39725,105.12196,258.7443,5.0,5.0,0
185.26834,200.0,74.21793,0.008768049,36.562073,47.384308,193.00368,215.58463,7.0,4.0,0
399.51718,200.0,122.7977,2.4153378e-05,47.79308,29.409061,239.88058,44.4174,15.0,2.0,0
272.55988,200.0,127.320015,0.052228563,42.057026,54.14902,64.497025,29.386845,20.0,6.0,0
190.91954,200.0,122.58132,0.010810374,41.968372,25.44395,275.73996,91.24717,15.0,4.0,0
351.83463,200.0,88.5524,0.0037995428,38.80089,58.482304,289.0859,194.45488,13.0,1.0,0
197.43506,200.0,114.947945,0.013536344,27.942642,53.849625,338.66037,200.82642,4.0,6.0,0
116.842255,200.0,83.6592,0.00794903,45.61187,77.57194,257.83307,154.13696,1.0,4.0,0
127.3558,200.0,95.35673,0.003022238,52.051025,58.061928,327.34998,49.805824,17.0,3.0,0
178.95247,200.0,110.974915,0.02034338,65.26984,55.675518,279.68622,128.72507,2.0,2.0,0
103.56465,200.0,128.29662,0.01668495,59.08376,31.72981,166.29471,194.81653,15.0,3.0,0
280.98578,200.0,111.510124,0.0059857666,25.952497,19.963966,262.9865,182.9818,7.0,5.0,0
158.18266,301.0,93.83392,0.025138944,29.739853,55.896477,417.29514,129.0733,11.0,0.0,0
172.5949,200.0,106.00102,0.0073226327,24.668295,34.019897,210.4912,192.15613,21.0,1.0,0
127.74569,200.0,87.1076,0.0035428572,20.896084,72.80154,226.58131,198.0013,2.0,2.0,0
290.27963,200.0,103.398834,0.0058100806,10.4567585,46.582405,192.00548,137.81816,21.0,3.0,0
122.4406,302.0,47.880157,0.0046154154,40.0304,66.17915,469.56992,185.82483,20.0,1.0,0
472.68707,200.0,177.1019,0.040783852,97.78706,98.45109,363.66663,211.75877,15.0,4.0,1
248.2877,200.0,137.34369,0.008532238,54.78333,36.445976,146.1444,110.773285,4.0,6.0,0
187.26567,200.0,129.01898,0.0023629006,38.94794,57.883133,150.2416,164.22275,15.0,1.0,0
8676.07,500.0,144.8887,0.28341308,64.10287,40.637432,228.2595,284.21744,8.0,0.0,1
171.44092,200.0,105.49707,0.021930607,50.28499,43.122005,351.34244,127.2095,8.0,1.0,0
115.1816,200.0,147.81857,0.00066098303,27.383732,36.904015,476.40973,99.56521,13.0,5.0,0
216.6117,200.0,89.15208,0.00037826435,25.666506,13.175634,147.33647,148.91354,20.0,3.0,0
168.25113,201.0,112.204185,0.0033429763,50.515713,33.465374,282.70493,227.8885,17.0,6.0,0
161.20222,200.0,148.37172,0.005646086,29.745533,62.57271,197.99553,95.18428,7.0,5.0,0
199.32382,200.0,44.620766,0.010552329,26.569857,53.357876,273.4016,197.43918,0.0,1.0,0
229.03386,200.0,103.627174,0.01238053,33.519573,69.03622,310.45132,0.0,17.0,5.0,0
266.04745,200.0,69.01974,0.0142945405,55.28784,44.17355,260.2891,42.983147,8.0,0.0,0
153.4871,201.0,64.36665,0.0110529335,49.374203,37.961815,341.08585,102.3136,23.0,5.0,0
263.4267,200.0,121.10269,0.00077484973,33.246506,65.979355,366.70203,47.191433,1.0,2.0,0
93.97803,200.0,124.17845,0.004231834,42.854958,69.031425,203.55399,214.54895,10.0,2.0,0
244.16805,302.0,80.04434,0.004498974,46.34963,55.756626,151.94887,125.5857,2.0,0.0,0
97.68372,200.0,77.32422,0.005717681,33.13796,67.37551,226.6474,348.37186,12.0,0.0,0
184.83691,200.0,137.8252,0.011615623,33.445,50.059254,129.12651,131.57625,13.0,3.0,0
146.85938,500.0,119.69933,0.016616866,37.986145,36.65228,112.949,168.66902,3.0,5.0,0
133.03497,200.0,100.77266,0.0069421674,11.540245,65.66416,322.65845,337.9279,20.0,5.0,0
197.25554,200.0,118.12913,0.0019492211,62.621517,58.979073,349.59848,228.82935,4.0,4.0,0
533.988,200.0,84.031395,0.018440183,90.46995,95.4405,483.81848,269.96695,3.0,6.0,1
121.779144,500.0,54.0466,0.007915906,50.335567,59.57982,256.4212,225.96608,14.0,6.0,0
154.31946,200.0,29.360462,0.0029359425,20.623589,49.8146,281.15414,213.3406,13.0,5.0,0
162.62067,200.0,137.9093,0.001081427,33.545193,51.002506,150.00024,191.19006,20.0,2.0,0
120.115585,200.0,100.21855,0.005561591,52.196598,73.60838,239.15663,205.73976,18.0,1.0,0
199.2117,200.0,72.970245,0.0032036188,50.25089,40.102394,353.49762,88.09438,19.0,1.0,0
3880.0583,502.0,70.85706,0.2978782,56.16359,48.715824,391.60837,199.22162,12.0,2.0,1
186.31496,200.0,138.74513,0.01621265,28.762543,54.8525,417.72916,196.36206,21.0,5.0,0
188.3464,200.0,77.144394,0.021756016,30.387573,44.176743,146.4385,66.152306,3.0,2.0,0
132.91171,200.0,116.19826,0.018193657,0.0,55.072105,319.26135,145.07649,23.0,6.0,0
351.30768,200.0,84.57619,0.00011694764,27.229185,30.78327,314.04126,108.66896,20.0,1.0,0
87.45138,200.0,114.43111,0.0066538407,35.52044,73.37578,314.494,142.27507,20.0,1.0,0
228.16396,200.0,92.91791,0.0053700614,46.581425,35.40181,388.14017,303.63004,7.0,3.0,0
192.05212,201.0,86.42491,0.006115209,19.856903,8.206129,260.79553,127.15102,3.0,2.0,0
91.77164,200.0,114.80603,0.011007291,67.64589,72.956,245.41405,150.85881,3.0,2.0,0
152.56366,200.0,112.15882,0.007973957,50.52818,57.585617,111.454636,262.35016,1.0,5.0,0
114.401955,200.0,90.52083,0.0028877507,24.74594,49.473007,298.72302,243.71014,7.0,0.0,0
236.67824,200.0,88.41265,0.020047635,19.393288,61.472908,331.77246,137.9392,17.0,0.0,0
240.03194,200.0,97.83103,0.0065140356,49.0368,79.54354,263.6166,94.02408,9.0,6.0,0
304.35068,200.0,124.91592,0.008999513,25.41064,24.721922,186.52774,85.23271,9.0,3.0,0
146.78387,200.0,97.956894,0.033494636,38.47373,32.68745,129.94052,258.3504,13.0,3.0,0
240.47604,200.0,41.006107,0.0071429773,68.65794,70.64641,153.3502,154.19072,22.0,0.0,0
202.51743,200.0,107.62136,0.019819565,67.93774,55.651546,261.505,269.93225,5.0,5.0,0
325.32452,200.0,115.96372,7.983187e-06,24.295572,40.53642,345.42853,257.76147,17.0,0.0,0
178.81535,200.0,86.76291,1.6993627e-05,47.314827,55.64396,437.90845,211.09317,9.0,3.0,0
172.26234,200.0,119.786156,0.004565168,40.612865,23.946888,315.99014,143.6378,22.0,6.0,0
148.52771,200.0,99.50694,0.024865102,32.03738,38.802235,305.11453,152.55978,18.0,2.0,0
208.86052,200.0,129.47762,0.0017146786,34.235367,66.37943,244.8259,256.99335,8.0,0.0,0
160.19745,200.0,88.20148,0.009162794,37.783016,65.065125,202.65947,145.75244,7.0,1.0,0
280.08557,200.0,109.10133,0.004388093,38.712734,50.06133,277.31818,200.11894,5.0,2.0,0
229.02719,200.0,112.76277,0.022353863,38.425396,46.828354,355.32632,0.0,19.0,4.0,0
156.51555,200.0,85.90231,0.004237666,23.575855,26.34231,519.3789,185.00436,10.0,0.0,0
51.08418,200.0,60.54022,0.02288095,62.08839,48.4818,335.5668,195.73137,16.0,3.0,0
214.38896,200.0,104.50354,0.015205582,28.165195,57.339687,122.47689,188.61307,1.0,0.0,0
269.26184,200.0,78.39436,0.027007174,61.41008,23.799515,345.83994,246.47537,0.0,2.0,0
119.791595,200.0,64.58695,0.0051756813,53.578724,61.876778,447.6293,44.535233,11.0,6.0,0
203.8826,200.0,88.36744,0.002997118,21.206804,52.681335,260.3016,101.54175,22.0,1.0,0
231.274,200.0,105.263214,0.012548592,53.431225,35.33262,207.25781,208.78293,23.0,0.0,0
158.02945,200.0,98.77443,0.020711334,40.004818,32.45511,479.6552,154.95714,4.0,6.0,0
228.82549,200.0,56.004654,0.0030123482,43.812157,46.198135,326.24158,54.22332,3.0,4.0,0
159.57823,200.0,111.26757,0.003413072,36.033337,59.31009,118.08321,290.77277,20.0,0.0,0
200.62186,200.0,55.623543,0.006557334,53.818054,41.610645,340.99048,182.99165,11.0,4.0,0
99.32467,200.0,72.20988,0.025541523,39.70283,60.48462,299.78625,156.31458,12.0,5.0,0
129.27794,201.0,88.455986,0.0012526299,38.192005,66.680115,274.22867,228.01869,1.0,6.0,0
273.42282,200.0,116.28317,0.015177715,17.83778,51.575882,194.3829,137.408,11.0,6.0,0
178.19597,200.0,124.58014,0.005211958,32.18254,74.23158,224.89595,110.27832,9.0,4.0,0
244.48128,200.0,122.77462,0.017939456,55.990837,70.77232,350.01553,175.44447,14.0,0.0,0
183.58806,200.0,114.3137,0.00044249522,63.639935,52.609936,61.615017,161.53337,7.0,4.0,0
166.58148,200.0,105.67903,0.002913063,25.081247,45.972767,327.47363,132.16713,3.0,6.0,0
396.19598,200.0,86.95526,0.002962482,56.59387,55.77455,207.24829,168.9013,10.0,0.0,0
186.83754,200.0,73.0772,0.007231245,49.355778,73.73683,288.08438,125.49996,1.0,5.0,0
199.58826,200.0,91.1597,0.010492907,30.746542,24.521856,234.1626,0.0,23.0,5.0,0
255.88036,200.0,89.825516,0.008401793,44.94014,62.541164,280.6728,295.77048,1.0,1.0,0
385.8929,200.0,102.75169,0.000997211,25.574034,57.694656,219.34502,121.598015,13.0,4.0,0
226.69093,200.0,130.39859,0.0541593,26.341955,56.524708,363.58356,87.5512,12.0,0.0,0
282.3801,302.0,119.067314,0.0019728537,29.294378,28.996092,198.57442,231.33174,17.0,6.0,0
196.71251,204.0,104.5044,0.0056624594,36.758026,36.247635,456.45993,163.9328,13.0,4.0,0
448.91635,200.0,120.41652,0.0012017391,41.2446,35.908966,221.79759,130.6754,7.0,0.0,0
248.06004,200.0,121.054665,0.0095592765,11.934724,16.13738,161.18217,154.81271,18.0,2.0,0
178.10866,200.0,106.71039,0.005423032,64.65999,31.7101,236.72165,171.27287,8.0,0.0,0
235.28856,200.0,105.24009,0.003089999,71.76663,49.95747,422.99658,271.26117,4.0,0.0,0
243.4827,200.0,66.00412,0.0062722564,36.624893,36.26965,205.72902,198.14612,10.0,2.0,0
222.01889,200.0,39.64,0.02022046,36.01788,22.376873,198.32909,0.0,18.0,2.0,0
205.98837,201.0,123.172005,0.007197156,49.97191,76.14404,105.77478,71.73405,23.0,4.0,0
144.30614,200.0,132.81683,0.0063054715,51.626553,50.942272,172.05974,154.20604,5.0,0.0,0
278.92944,200.0,76.04158,0.004761644,26.795023,17.398046,353.44955,213.47118,16.0,2.0,0
63.053444,200.0,38.426117,0.023295868,41.207207,55.97556,278.66165,322.1082,9.0,5.0,0
253.94568,200.0,123.72924,0.02595654,29.128532,73.33494,374.13068,0.0,6.0,1.0,0
103.39737,200.0,98.19002,0.00078351644,27.485504,26.559181,423.48196,206.02576,14.0,4.0,0
227.73547,200.0,77.87741,0.0046324106,34.35019,42.56729,246.0874,87.898415,2.0,5.0,0
121.08335,200.0,50.447952,0.007571322,50.616943,46.039677,371.84955,326.22348,14.0,4.0,0
284.62256,200.0,96.49723,0.006871344,26.538416,54.867302,250.69957,38.557465,1.0,2.0,0
296.1848,200.0,99.00118,0.0010934031,50.34176,61.607883,411.78787,143.28455,5.0,4.0,0
177.47745,200.0,109.25055,0.014957558,41.492744,28.812956,157.3155,110.046486,5.0,3.0,0
168.99028,200.0,76.19581,0.018669127,69.95449,45.745274,176.64302,226.63736,16.0,5.0,0
120.2441,200.0,116.327705,0.009161192,44.02838,64.946304,172.43213,108.827896,16.0,1.0,0
315.57278,201.0,79.48923,0.009399832,6.72756,35.694214,267.336,142.24811,7.0,4.0,0
343.67328,200.0,122.272064,0.0003301346,40.76985,60.24765,316.79388,140.71307,10.0,5.0,0
144.40987,200.0,144.55467,0.047940373,43.65884,45.56259,385.4299,180.58249,6.0,0.0,0
85.141045,200.0,167.66551,0.016898705,69.164986,53.668953,271.67682,192.37141,7.0,2.0,0
75.71804,200.0,155.39189,0.00041746857,37.432827,42.229824,162.30334,146.74295,5.0,2.0,0
174.6834,200.0,146.21288,0.0061793565,40.64274,50.31515,251.62114,261.74677,1.0,4.0,0
282.21997,200.0,34.231033,0.007585416,13.991992,29.109463,146.98247,118.84185,7.0,3.0,0
262.66623,200.0,109.800354,0.013240398,34.747032,51.585102,157.4908,175.77165,8.0,5.0,0
160.9184,200.0,171.53935,0.009209542,35.974476,50.113556,251.99509,93.6606,3.0,6.0,0
123.403336,500.0,56.63865,0.029678667,30.103827,35.02306,429.23157,122.56099,16.0,1.0,0
113.42877,201.0,102.18418,0.00554989,37.076588,54.706852,405.34857,181.72534,2.0,1.0,0
161.33037,200.0,149.99832,0.0065444876,34.40673,31.050173,312.94443,114.00652,15.0,5.0,0
121.520805,400.0,161.62605,0.015984546,33.6881,50.641884,298.8222,196.38844,16.0,0.0,0
197.53914,200.0,153.89218,0.0078094397,41.67895,56.65935,403.70987,205.9494,4.0,4.0,0
237.22679,301.0,132.3433,0.014547291,49.941837,69.66854,331.26117,275.11484,8.0,6.0,0
460.18942,201.0,110.86626,0.021177439,55.247963,54.98627,260.92065,123.88232,5.0,1.0,0
102.86582,200.0,114.09054,0.008000938,65.120476,12.89928,274.9065,63.229748,5.0,1.0,0
302.99493,200.0,105.405174,0.006250525,19.11467,75.99075,300.5954,96.612305,16.0,1.0,0
183.68556,200.0,92.31839,0.001139498,60.653473,37.58385,359.84116,191.70804,0.0,1.0,0
321.95386,404.0,37.274357,0.0011112294,46.166473,52.19211,218.45029,62.369602,20.0,3.0,0
316.37067,200.0,77.97038,0.013024759,52.535515,62.63571,126.11573,111.1225,12.0,1.0,0
262.22272,200.0,123.36219,0.006403463,26.127771,62.10038,475.54825,0.0,5.0,3.0,0
229.2036,200.0,60.4669,0.008160146,42.111603,39.652184,247.24039,79.46431,18.0,6.0,0
214.76202,200.0,67.653244,0.011107253,42.993446,67.431816,375.23044,111.978386,0.0,1.0,0
123.8518,200.0,138.9511,0.006183172,41.0201,37.278046,29.239145,117.173134,11.0,4.0,0
114.355385,200.0,129.17188,0.009602308,38.13936,49.671993,75.131874,164.38062,23.0,6.0,0
423.66214,200.0,85.401245,0.005689971,48.801838,48.105007,303.97354,112.03032,11.0,4.0,0
336.4526,200.0,102.16595,0.0010994714,40.074814,26.176704,293.3333,214.28828,6.0,4.0,0
193.17024,200.0,99.05829,0.0055597033,15.250662,44.908115,137.56914,99.264946,6.0,4.0,0
259.18622,200.0,73.42385,0.0035848774,63.458298,18.474697,170.12335,124.38185,15.0,5.0,0
161.9606,200.0,98.10939,0.0027553805,55.647858,36.509243,295.44843,300.17358,10.0,4.0,0
401.89703,200.0,119.05936,0.025035273,33.149303,55.47935,235.53143,132.39519,6.0,0.0,0
273.613,301.0,129.36502,0.015097219,21.349972,30.391373,359.3696,187.24933,4.0,1.0,0
175.05948,200.0,117.44838,0.001542418,20.63853,25.578672,129.78137,244.2426,15.0,1.0,0
210.49335,200.0,73.54869,0.0042410498,58.837605,35.485,69.05771,127.18932,15.0,5.0,0
91.99515,200.0,147.33545,0.013614444,54.853535,50.49969,293.78955,211.1111,14.0,1.0,0
136.56772,200.0,106.38575,0.0076985247,42.661797,84.800705,162.25098,247.71425,15.0,6.0,0
160.93867,302.0,72.29588,0.015370008,14.5676985,78.85275,337.53366,31.490198,23.0,3.0,0
176.34373,200.0,104.5976,0.011695488,60.34169,47.561005,416.482,262.07327,18.0,3.0,0
143.0659,200.0,97.36816,0.002982359,67.058136,26.717915,155.63768,133.94765,9.0,6.0,0
237.32579,301.0,98.08793,0.0050505796,56.095535,92.718414,254.81015,185.62332,21.0,6.0,0
194.0205,200.0,154.9302,0.027809141,52.551327,48.866577,387.40936,185.41434,13.0,3.0,0
128.93692,204.0,48.17317,0.011931728,45.96321,61.761436,206.55481,0.0,7.0,6.0,0
234.36267,204.0,76.58596,0.004025789,8.336691,74.91337,143.00061,33.73749,19.0,5.0,0
320.37833,200.0,167.61807,0.010820096,23.750261,46.819073,305.58783,29.964132,16.0,2.0,0
6686.6235,504.0,134.02005,0.19467697,72.375336,88.66135,8551.141,7376.9863,15.0,3.0,1
231.23558,200.0,84.55712,0.0023899022,13.744042,44.195847,129.92787,131.31,17.0,0.0,0
262.70157,204.0,66.25817,0.001709625,19.801062,40.724083,225.26906,145.40486,16.0,1.0,0
76.77302,200.0,99.130775,0.020611517,43.255703,58.10633,249.42705,166.36722,14.0,0.0,0
354.7115,500.0,84.575836,0.016129969,46.90299,51.788067,236.01103,177.75882,22.0,2.0,0
222.42992,200.0,132.93083,0.0015849927,40.15379,22.44559,280.19864,46.18751,10.0,4.0,0
170.42764,200.0,111.52774,0.003165299,18.69218,53.94419,297.68585,186.55377,14.0,3.0,0
218.6084,200.0,125.453186,0.0044520325,62.310257,81.56052,239.37115,205.85672,15.0,2.0,0
163.09953,200.0,141.851,0.011625371,30.376396,47.40021,172.05327,202.28247,20.0,2.0,0
394.20557,200.0,65.911896,0.00049213786,37.997723,67.97522,140.2016,150.04916,16.0,3.0,0
286.0275,200.0,115.36826,0.0016699967,36.028606,54.155075,248.36635,0.0,12.0,1.0,0
238.00749,200.0,101.465454,0.0013346683,0.0,49.522236,209.42096,79.78654,10.0,5.0,0
196.79482,200.0,152.89125,0.016178202,41.357975,56.44721,297.7579,185.42046,0.0,5.0,0
263.88806,200.0,0.0,0.016777072,52.58004,40.43087,104.47961,87.60596,5.0,0.0,0
107.562454,200.0,62.618385,0.023687284,48.853355,45.296745,79.5657,45.790688,16.0,6.0,0
87.257484,200.0,98.50228,0.012450112,30.790968,39.273384,83.044685,167.36292,4.0,3.0,0
146.21652,200.0,77.632324,0.0028143465,35.277233,46.255608,289.4057,149.62416,10.0,2.0,0
310.43884,200.0,125.18287,0.005576997,33.061546,42.14689,95.867004,26.74222,0.0,6.0,0
90.233604,200.0,137.53688,0.0022801352,42.988983,84.699036,300.05408,0.0,11.0,5.0,0
217.51799,201.0,78.9836,0.0020027198,23.01093,46.918518,401.99448,80.73513,16.0,1.0,0
223.1203,200.0,51.698723,0.0006080496,43.0919,58.56517,332.11487,300.70065,9.0,0.0,0
172.8811,200.0,83.96247,0.0048012985,49.256634,41.901093,201.37213,19.482744,12.0,3.0,0
285.4809,200.0,98.15997,0.010177425,78.18045,34.554302,330.54465,151.1587,19.0,6.0,0
159.83984,200.0,155.67807,0.008302988,12.007509,49.4657,294.97995,234.41966,11.0,1.0,0
114.624985,200.0,96.205315,0.0020032981,63.650253,56.468857,114.23095,300.3442,21.0,1.0,0
85.95462,200.0,148.81358,0.0064469795,43.979263,63.869694,277.9006,251.1349,23.0,3.0,0
257.47632,200.0,85.15314,0.008160607,18.76375,22.180765,360.64044,230.27477,1.0,2.0,0
240.36665,200.0,132.71704,0.002922548,45.212627,27.8272,204.31769,141.00754,8.0,2.0,0
263.06024,200.0,155.32602,0.011824752,35.54394,10.561055,377.7718,107.20171,17.0,5.0,0
281.5258,200.0,84.31381,0.008767756,48.87002,47.44297,234.48232,217.88228,23.0,2.0,0
63.170406,200.0,103.02079,0.0016926337,51.928833,51.830925,90.5824,69.93787,19.0,1.0,0
111.44255,200.0,80.32522,0.009074933,30.902592,73.45076,309.5132,171.61067,0.0,0.0,0
180.8351,200.0,84.95898,0.0028725325,57.05038,45.555187,173.81839,170.7448,19.0,0.0,0
137.35698,200.0,60.53929,0.00041964656,39.54809,72.03384,114.561134,231.882,20.0,1.0,0
82.34581,200.0,63.318,0.012045161,58.014236,56.20268,333.37634,96.276764,17.0,3.0,0
286.01096,200.0,113.179,0.019196605,48.784996,33.590927,323.33023,257.5549,1.0,5.0,0
184.51244,201.0,63.17624,0.010552828,15.320588,48.50586,1.1980387,131.27315,4.0,0.0,0
7457.1973,500.0,63.620926,0.115947954,41.660217,66.79819,290.87985,101.607864,16.0,6.0,1
178.85396,200.0,99.74806,0.02893923,33.464245,65.354706,267.43472,114.14672,20.0,5.0,0
238.16869,200.0,83.648476,0.007324342,43.42947,59.55093,117.24162,190.75899,11.0,6.0,0
154.92403,200.0,78.943054,0.0021901007,31.226622,58.927296,288.60226,212.8416,8.0,3.0,0
207.61293,200.0,136.53738,0.00584624,33.65347,56.831486,177.64249,181.9172,7.0,2.0,0
130.07817,201.0,161.17606,0.0011075231,37.2428,64.50015,88.67494,0.0,3.0,3.0,0
201.47243,200.0,116.247826,0.012041862,24.26042,47.893887,187.22786,293.86212,19.0,6.0,0
110.69641,200.0,116.44497,0.00041919647,46.793537,54.436447,6.4486094,0.0,6.0,3.0,0
100.52047,200.0,98.09262,0.011412931,62.93513,34.22363,119.392006,18.43877,16.0,2.0,0
148.23395,201.0,117.00793,0.0031541425,26.808397,60.399193,295.22473,90.41057,4.0,1.0,0
3689.241,503.0,62.497387,0.21344715,64.6535,63.779957,229.91891,111.28262,1.0,5.0,1
79.9366,200.0,113.28561,0.016844468,60.347496,18.101713,323.9696,232.82004,20.0,4.0,0
364.20184,200.0,70.531235,0.0015648638,50.50525,38.82128,220.66405,325.71503,21.0,0.0,0
291.5635,200.0,107.244095,0.0093884505,42.75334,30.834026,205.01271,141.00903,21.0,3.0,0
91.41762,200.0,124.36589,0.008224401,31.37256,36.47093,82.257576,4.4372215,0.0,4.0,0
93.19489,200.0,88.02895,0.0009474205,40.213867,75.410645,291.65182,115.11559,15.0,5.0,0
216.81586,200.0,117.61058,0.010868584,56.315098,61.778133,263.04547,1.2376447,3.0,6.0,0
213.94127,200.0,97.60926,0.050602246,57.789494,56.54135,279.3344,259.34167,0.0,3.0,0
67.00841,500.0,106.66316,0.0051690536,43.288063,45.38017,353.8524,97.93212,13.0,5.0,0
62.71196,201.0,161.31876,0.015120853,48.49883,21.549444,297.82758,100.917854,19.0,0.0,0
178.6942,200.0,178.25397,0.012832744,32.19069,34.875484,364.23624,34.74646,21.0,0.0,0
4312.3115,200.0,141.90979,0.27147904,72.490005,88.420906,9185.515,8553.735,2.0,6.0,1
103.42249,200.0,92.94095,0.031129047,29.11013,60.863056,430.45987,0.0,12.0,5.0,0
198.85402,200.0,77.51626,0.0065255486,39.27317,50.69689,144.15977,258.18933,13.0,5.0,0
338.2414,200.0,103.65337,0.017473148,13.170652,65.18686,282.87112,262.3401,5.0,1.0,0
188.10657,200.0,93.00474,0.015593052,40.85646,46.91667,374.34436,106.668076,9.0,1.0,0
139.4194,200.0,94.81311,0.011217062,48.813614,74.86686,352.11014,98.679085,20.0,5.0,0
241.05055,400.0,142.49751,0.0069267363,54.07217,77.72607,119.12377,123.0986,0.0,6.0,0
160.20131,200.0,145.87285,0.025223972,42.062195,66.38291,259.00467,179.1053,18.0,1.0,0
283.23068,200.0,68.20517,0.0092359455,17.055614,42.712494,225.43875,187.04033,4.0,6.0,0
179.38249,200.0,53.917305,0.010579645,36.458817,67.09768,363.27414,186.53348,22.0,3.0,0
342.3344,200.0,102.83182,0.009681073,38.568157,63.92424,228.55954,113.25359,8.0,5.0,0
129.57843,301.0,174.21277,0.014760289,28.285263,52.243248,230.71442,139.24435,14.0,0.0,0
290.41257,200.0,144.84236,0.0009438153,60.75388,46.50836,159.74014,207.25822,17.0,1.0,0
246.47842,200.0,42.22404,0.014761046,56.716953,39.204365,324.97067,212.31583,13.0,6.0,0
282.2689,200.0,57.196148,0.017525438,49.209335,51.297363,295.72855,214.68799,11.0,3.0,0
191.76297,200.0,115.94591,0.013010247,43.874447,72.02311,222.51085,148.1493,15.0,2.0,0
171.27597,200.0,80.730354,0.004517035,26.045034,53.120014,235.10243,173.14699,18.0,5.0,0
166.2727,200.0,74.89474,0.004184388,36.783134,39.319736,186.07129,121.46877,19.0,1.0,0
278.37866,200.0,83.0571,0.012833576,32.862514,52.927544,235.13206,93.57325,14.0,5.0,0
190.24763,200.0,117.83467,0.005314449,18.474155,30.027122,286.37906,262.39886,21.0,4.0,0
176.75763,200.0,105.30397,0.0014208907,23.644793,45.763912,226.35004,237.19748,9.0,6.0,0
194.68355,200.0,146.12938,0.0004710891,45.848362,26.069412,386.88916,0.0,8.0,3.0,0
244.33769,302.0,138.25359,0.0037600116,39.9214,27.473322,386.59784,55.8068,15.0,5.0,0
86.112175,200.0,110.76638,0.0042178957,42.253483,56.581272,158.26714,195.09502,9.0,0.0,0
193.38383,200.0,129.2187,0.037660893,33.71546,46.603676,280.48975,29.294134,12.0,6.0,0
329.74295,200.0,30.325388,0.0059964587,58.854076,63.35053,164.25705,181.36514,2.0,5.0,0
118.45499,200.0,122.42605,0.0034328427,53.641254,54.94176,246.3996,110.707794,7.0,3.0,0
163.325,200.0,80.56414,0.0061116028,18.051449,29.252443,197.62534,191.94633,20.0,5.0,0
241.3073,404.0,162.77171,0.007254983,0.0,34.21834,245.44376,0.0,4.0,1.0,0
187.6936,200.0,65.61291,0.0055066203,33.1902,61.747787,188.2306,124.368034,23.0,5.0,0
122.19796,400.0,75.0977,0.0051247305,52.881046,73.45874,333.727,95.09501,7.0,3.0,0
152.62695,200.0,74.10979,0.017778486,35.06019,71.194595,339.9774,106.66177,19.0,3.0,0
140.42145,400.0,113.60264,0.010270457,48.84291,40.042747,171.47867,220.09389,7.0,2.0,0
152.9807,200.0,122.56103,0.015499861,38.033573,41.680817,189.41138,25.22669,22.0,1.0,0
156.70052,200.0,71.85222,0.0064027817,38.775684,89.518875,177.3632,208.5052,6.0,3.0,0
196.41646,200.0,59.53149,0.009018909,30.377024,64.62165,91.50417,118.90357,13.0,2.0,0
276.65808,200.0,98.06652,0.017108124,54.298023,52.979355,106.31574,121.22733,21.0,3.0,0
267.12405,200.0,35.94116,0.019701866,41.936356,51.923058,126.81659,156.17427,7.0,3.0,0
300.40564,201.0,113.40806,0.026453363,30.225428,45.175877,85.2628,216.84894,13.0,4.0,0
261.97873,200.0,105.86081,0.009490745,56.234108,48.86594,412.86752,78.38933,15.0,4.0,0
164.86522,204.0,73.134926,0.004035094,40.36526,50.947174,419.7342,207.05011,18.0,1.0,0
225.75974,204.0,152.90613,0.010052034,12.861013,63.015244,154.36597,93.42004,7.0,5.0,0
208.2365,200.0,110.69701,0.013628537,49.631798,45.14894,221.51384,121.09564,4.0,6.0,0
71.64153,200.0,93.11502,0.025198456,44.9459,53.41434,304.96362,225.482,9.0,3.0,0
169.73483,200.0,102.832184,0.0008435243,59.490974,44.29012,308.2214,179.91978,21.0,4.0,0
156.0532,200.0,137.93428,0.0019740183,58.55613,83.47824,348.47202,179.87027,11.0,3.0,0
245.87643,200.0,115.179344,0.004844057,69.124344,32.944847,122.86944,210.87915,20.0,5.0,0
226.64223,204.0,69.61553,0.004190464,45.769386,29.54703,289.11584,146.54884,15.0,5.0,0
235.17989,200.0,126.38474,0.03209282,26.19169,61.74495,179.35612,267.79773,6.0,3.0,0
139.69366,200.0,124.07774,0.002076358,38.09746,49.778934,197.2087,141.75479,22.0,6.0,0
125.36268,200.0,89.0128,0.031050574,38.176357,65.21162,252.33786,138.93497,18.0,4.0,0
169.85693,200.0,70.70699,0.028194057,60.88748,91.65601,183.09422,255.08644,3.0,6.0,0
1478.4979,200.0,187.20515,0.07117554,60.21107,74.315544,8643.386,8768.252,6.0,6.0,1
71.13861,200.0,132.07434,0.033422444,52.300465,54.987988,226.69165,187.69165,22.0,2.0,0
184.7691,302.0,93.70135,0.008610504,40.73162,16.132975,151.7728,166.16173,7.0,5.0,0
151.52626,200.0,124.21767,0.012357047,45.0557,60.53683,377.81622,151.87695,15.0,6.0,0
192.18404,200.0,96.48111,0.0029348736,39.321815,54.09379,217.37518,153.618,9.0,2.0,0
199.33458,200.0,89.993126,0.0004196598,29.928268,70.09721,442.86884,98.46863,1.0,3.0,0
88.767654,200.0,88.04249,0.0076141497,25.588526,36.938854,360.56027,174.60645,10.0,1.0,0
123.33992,200.0,65.50955,0.002252444,62.729603,48.71708,239.80963,126.837364,20.0,3.0,0
290.59647,404.0,109.1191,0.011870344,36.620743,59.472263,262.53668,120.36122,7.0,1.0,0
105.49906,200.0,146.71082,0.0032995187,36.937714,62.07406,247.554,136.64232,2.0,4.0,0
213.44893,200.0,87.1459,0.012664437,45.221863,62.089417,149.75049,163.74028,0.0,4.0,0
513.5883,200.0,191.88405,0.020314697,97.10238,88.04854,294.01413,164.65562,15.0,5.0,1
151.14479,200.0,132.68861,0.0002250664,44.184837,50.83859,230.20628,33.613144,2.0,1.0,0
172.19257,200.0,42.998863,0.0035490084,59.151478,44.522865,248.78989,137.00475,3.0,6.0,0
336.5262,200.0,120.57701,0.015500577,51.363956,48.97287,284.8635,285.06592,6.0,2.0,0
269.70578,200.0,99.858284,0.014508021,51.619797,23.198814,464.87817,136.8832,8.0,4.0,0
372.05215,201.0,132.1924,0.008067773,46.233192,62.40309,290.53024,139.88518,13.0,4.0,0
99.13529,200.0,155.65793,0.008581891,37.06519,61.130035,157.2417,83.19657,19.0,5.0,0
206.093,200.0,78.382126,0.022500316,55.266136,34.061832,258.13293,264.54953,4.0,0.0,0
261.7159,200.0,149.16284,0.017275117,26.884468,60.353268,207.0096,22.35032,17.0,5.0,0
159.70526,200.0,72.32027,0.0009268044,45.265095,44.531105,283.82184,215.59264,7.0,3.0,0
68.373726,200.0,109.61989,0.0069653983,35.3623,58.329422,70.97926,79.681564,16.0,3.0,0
161.37611,200.0,132.29852,0.0018369703,40.36347,72.11454,178.1261,170.27415,12.0,4.0,0
223.72696,204.0,70.59163,0.015858017,24.233479,25.066332,406.1853,160.35199,19.0,6.0,0
107.9473,200.0,76.05111,0.0078398585,66.213615,49.930645,310.18634,210.13434,0.0,2.0,0
231.35219,301.0,102.21377,0.0038101517,37.859287,68.73785,172.64584,242.91241,13.0,5.0,0
257.29694,200.0,127.72284,0.0016114042,15.277691,45.198025,425.29364,136.6732,22.0,1.0,0
372.16013,200.0,120.61148,0.02124831,9.979308,27.76986,281.72205,52.153015,15.0,6.0,0
175.6522,200.0,133.19218,0.0054885754,32.578087,39.096935,281.2587,59.25807,18.0,4.0,0
177.87106,200.0,133.61351,0.008738113,46.323772,32.885674,364.03033,51.624542,3.0,2.0,0
36.96657,200.0,74.145134,0.0043368572,32.045273,25.304163,37.586266,107.34342,18.0,1.0,0
144.9678,200.0,134.13393,0.0019631481,49.548145,52.1799,188.11255,198.4438,15.0,5.0,0
361.74704,200.0,128.3888,0.0035987366,43.45904,74.82503,272.36502,275.27716,12.0,5.0,0
120.00109,200.0,70.93114,0.016970934,63.330803,50.809937,336.26807,32.158623,3.0,5.0,0
186.37523,200.0,101.06806,0.016128357,22.513203,57.02189,279.95267,126.799934,18.0,5.0,0
278.43213,200.0,120.86501,0.00622389,25.185652,38.754593,37.66502,195.00117,5.0,0.0,0
160.32831,200.0,104.98914,0.0027201017,33.385677,50.128677,306.18613,203.7296,16.0,4.0,0
128.41747,200.0,86.48607,5.7640165e-05,52.782803,57.94682,240.56178,253.74933,8.0,3.0,0
4145.516,504.0,106.17196,0.22374393,75.90351,87.65593,8768.033,7520.1006,5.0,3.0,1
309.24,200.0,125.116356,0.0011636597,35.64767,54.377426,437.8409,198.40298,7.0,6.0,0
180.62947,200.0,120.31636,0.00357301,25.277664,64.392494,112.370056,0.0,17.0,0.0,0
250.44429,200.0,76.11157,0.0044305506,30.653929,58.939304,267.53995,165.92131,20.0,6.0,0
102.82651,200.0,102.99287,0.029859213,26.142693,37.208817,323.1129,325.636,22.0,1.0,0
140.23068,200.0,99.91056,0.0020027421,80.04628,21.25341,188.28534,161.34541,22.0,1.0,0
133.21648,200.0,38.244217,0.0037444269,44.751602,38.372738,266.40588,135.72198,19.0,5.0,0
425.09814,200.0,110.18796,0.038055062,62.831398,39.829178,218.61732,247.19804,7.0,1.0,0
163.52115,200.0,122.411865,0.008064911,33.485687,30.069887,351.27173,182.44374,22.0,5.0,0
254.20444,200.0,75.46574,0.003770811,29.670404,40.2942,494.15704,72.54202,22.0,0.0,0
173.3005,200.0,83.988556,0.0006485339,59.842575,48.991997,364.69815,0.0,14.0,1.0,0
152.59032,200.0,81.71678,0.00043140847,24.858984,32.410366,219.2356,190.84662,3.0,6.0,0
103.55231,200.0,153.28859,0.006405501,28.580975,57.527897,215.23865,127.56224,1.0,2.0,0
175.21495,200.0,83.58682,0.0008009034,37.321182,23.60723,70.323555,78.021965,9.0,2.0,0
212.95459,200.0,73.20657,0.0069125714,20.973146,66.76882,234.98721,53.51546,13.0,0.0,0
170.46866,200.0,81.45955,0.022303434,15.158723,20.607613,257.4749,97.86272,2.0,1.0,0
323.65805,200.0,102.29127,0.015924716,58.878613,41.443195,247.54253,85.51484,21.0,2.0,0
152.9309,200.0,56.254227,0.0076622707,31.695795,39.575977,199.74445,198.55656,20.0,4.0,0
322.44293,200.0,103.70488,0.0014728191,65.68684,26.434267,236.62152,192.3633,12.0,3.0,0
384.6987,200.0,77.050865,0.0013871602,44.203342,56.05103,63.15952,199.45015,8.0,0.0,0
155.62389,200.0,96.23002,0.025821337,42.968575,68.28005,324.1594,44.759197,14.0,0.0,0
177.62804,200.0,103.721664,0.00735393,68.27055,37.51101,152.46506,231.50464,7.0,1.0,0
181.70744,200.0,69.79801,0.036200304,30.830366,61.80192,170.84744,217.74208,9.0,0.0,0
255.53531,200.0,133.8534,0.001371539,24.07814,30.969973,249.95721,146.24016,22.0,6.0,0
480.24878,200.0,180.1409,0.014580347,88.8571,95.73064,391.36267,316.28314,2.0,1.0,1
575.0494,200.0,103.781975,0.003178405,29.650028,46.297226,142.57349,98.817,6.0,4.0,0
249.27449,200.0,101.54128,0.0011060557,30.850164,76.18032,245.63593,0.0,2.0,5.0,0
131.21384,200.0,129.84079,0.018913146,32.585724,36.92894,204.39494,74.08563,19.0,5.0,0
240.4391,200.0,105.40057,0.00088097644,21.36094,60.97642,99.08516,278.64917,15.0,4.0,0
131.89514,200.0,138.27783,0.0060033477,14.503789,28.72984,39.007465,56.99309,4.0,5.0,0
141.84792,200.0,66.92688,0.0008951447,53.96181,37.007782,489.02036,154.84326,23.0,3.0,0
289.75845,200.0,153.43275,0.03992887,35.268124,75.503265,174.7372,0.0,7.0,1.0,0
87.69484,200.0,134.01543,0.00095254247,30.485975,45.3165,176.46036,174.43694,21.0,3.0,0
175.01195,200.0,122.4064,0.004543938,44.158554,43.49122,159.66515,80.945786,21.0,6.0,0
149.69026,200.0,59.10081,0.0041815685,53.778282,60.023357,151.05524,292.54813,16.0,4.0,0
309.96884,200.0,66.68636,0.020015884,49.594624,41.382507,351.85074,128.12248,20.0,3.0,0
153.17134,200.0,151.51358,0.0046360563,43.058445,70.731224,47.655613,187.705,15.0,0.0,0
146.05069,200.0,73.69189,0.01814141,33.489494,55.00594,413.3695,89.15144,1.0,0.0,0
217.81595,200.0,95.49837,0.0049617873,57.996128,61.44701,382.39365,76.52349,23.0,3.0,0
216.13016,200.0,91.26622,0.0028624726,21.613367,54.89193,203.14688,58.230026,8.0,2.0,0
224.09547,200.0,112.636665,0.007514247,38.394768,46.621746,288.186,142.0784,16.0,1.0,0
355.848,200.0,49.615467,0.008334493,32.131023,47.519142,194.00836,178.07393,15.0,6.0,0
321.02805,200.0,115.7261,0.019017315,51.45345,15.453827,455.5566,149.01764,11.0,1.0,0
253.165,200.0,95.59335,0.009735292,26.29678,70.09193,407.9588,206.4096,6.0,2.0,0
341.3625,200.0,84.581924,0.011696552,50.073498,27.057358,392.17108,295.43213,14.0,6.0,0
74.31799,200.0,115.24572,0.0019377961,35.802624,57.696503,151.12286,210.60124,1.0,4.0,0
1265.6807,200.0,193.79033,0.05170727,64.643585,68.590355,9971.958,9047.162,21.0,2.0,1
358.2523,200.0,104.724075,0.01818751,49.290905,49.26938,142.7824,78.65165,8.0,2.0,0
155.12962,200.0,59.107117,0.016368678,43.226215,40.996174,245.96713,6.924333,0.0,5.0,0
2952.064,504.0,75.68651,0.16547446,64.41775,62.035652,214.8532,208.95041,19.0,3.0,1
110.45603,200.0,149.3314,0.00039437413,44.62934,72.95284,341.2445,260.85468,10.0,1.0,0
155.15405,200.0,109.63064,0.0052927905,55.342426,62.00625,223.62038,150.04843,6.0,6.0,0
131.4711,200.0,96.79953,0.020644655,38.968315,51.939804,248.6542,208.362,17.0,1.0,0
319.65295,200.0,108.66197,0.003459984,56.610584,54.652863,279.30508,126.078964,4.0,6.0,0
131.79048,200.0,86.078926,0.0057220235,49.409058,64.31264,120.39633,192.03226,13.0,0.0,0
247.58272,200.0,64.34693,1.1323631e-05,54.963398,54.60151,192.21068,4.569237,19.0,6.0,0
1011.9924,200.0,191.80966,0.03470146,69.38389,60.091606,9712.062,9579.73,15.0,0.0,1
236.39903,200.0,93.16813,0.0020724826,46.513138,49.787746,241.12514,316.88583,22.0,1.0,0
718.644,200.0,166.29889,0.047333863,94.38525,88.548256,485.03305,399.7132,19.0,0.0,1
979.97925,200.0,199.74155,0.0790985,57.267242,73.85632,8783.3,9198.628,20.0,2.0,1
201.62265,200.0,88.87414,0.017135927,67.16923,22.483124,435.80588,88.116486,14.0,1.0,0
320.75858,204.0,188.70074,0.011274021,37.699127,31.849892,354.95157,223.17397,6.0,3.0,0
181.11705,200.0,89.49481,0.010446772,63.012894,41.957478,245.87572,87.704926,22.0,4.0,0
110.15768,200.0,107.25866,0.0015251682,52.798763,51.58892,302.84537,137.52765,16.0,4.0,0
168.24916,204.0,104.97457,0.001173191,21.362728,32.311413,179.28078,187.9723,2.0,3.0,0
233.8791,301.0,154.60716,0.025624763,40.558556,46.38381,371.3723,221.342,17.0,4.0,0
2192.1545,504.0,129.88832,0.18510728,89.30781,95.79153,8837.174,6360.9746,9.0,5.0,1
240.20274,200.0,75.55039,0.014769268,40.111576,44.10126,208.32729,255.1617,11.0,5.0,0
196.27992,200.0,119.91731,0.011342377,48.826523,37.738743,125.98171,160.57982,4.0,4.0,0
216.9182,200.0,77.49776,0.008510441,45.004562,37.600727,325.2939,142.5054,16.0,2.0,0
272.72784,200.0,95.913445,0.017700035,7.865804,80.9313,261.7151,199.22054,3.0,5.0,0
34.198822,200.0,165.78906,0.010981506,52.131218,69.83745,283.23376,235.73277,18.0,4.0,0
203.08946,200.0,119.647736,0.016610414,37.066772,48.083252,262.6998,248.10257,7.0,4.0,0
186.61409,200.0,99.58079,0.02199842,22.640162,45.638462,193.04585,181.80473,17.0,2.0,0
176.64912,200.0,111.052895,0.01569563,38.272766,61.23314,328.05206,147.25394,22.0,3.0,0
206.93446,201.0,112.090744,0.0032086284,52.830013,47.006424,267.52176,73.77878,14.0,4.0,0
423.09384,200.0,183.57521,0.011838994,98.846466,94.19494,456.60498,254.32487,15.0,4.0,1
97.41627,200.0,83.015594,0.017130313,33.898163,84.30295,461.77768,212.04979,7.0,6.0,0
90.51389,200.0,41.157387,0.00024829007,23.53646,41.662724,169.54741,155.66843,14.0,6.0,0
146.93294,200.0,138.15645,0.02819502,41.708683,47.502277,226.43925,372.92563,2.0,3.0,0
362.88385,400.0,111.486465,0.019777538,43.703445,21.586922,244.08934,239.491,5.0,6.0,0
263.63037,200.0,127.479866,0.0026723163,10.794484,71.89056,339.43137,25.41749,0.0,4.0,0
237.11957,200.0,130.70728,0.00585593,23.046734,53.751347,142.55762,200.93114,8.0,6.0,0
363.04575,200.0,105.36869,0.0116905235,39.0658,58.698933,121.26184,75.47542,14.0,4.0,0
148.94566,200.0,104.201294,0.0005460069,42.496166,35.216255,220.79565,299.57635,13.0,4.0,0
134.61554,200.0,101.44054,0.0013854408,42.41764,50.230316,227.85954,35.30751,2.0,3.0,0
119.593414,200.0,132.0398,0.004625889,51.81085,63.07862,208.4708,93.54651,9.0,0.0,0
199.18169,200.0,74.725624,0.022974795,43.70053,34.973965,251.73941,245.01624,14.0,1.0,0
250.0745,200.0,128.18874,0.001404766,47.636585,74.811584,314.78372,84.765045,3.0,1.0,0
95.10727,200.0,98.79583,0.0020336849,35.585133,50.54154,172.24901,0.0,5.0,3.0,0
257.68207,200.0,56.25527,0.0070141647,22.025602,54.58575,68.105255,217.29147,4.0,4.0,0
196.84157,200.0,91.64189,0.008297683,28.601744,63.881126,262.60214,171.04431,23.0,6.0,0
1476.7601,200.0,187.79198,0.045710053,53.955418,62.28722,8558.909,9349.9375,19.0,0.0,1
207.1689,200.0,92.59681,0.003672274,15.103942,62.65626,266.4965,137.75514,18.0,6.0,0
166.0562,200.0,130.05606,0.007042662,44.53845,46.427456,207.09103,128.87138,23.0,6.0,0
231.10594,200.0,133.47119,0.024132254,14.953636,37.580418,191.80974,148.15155,16.0,3.0,0
206.62881,200.0,68.4783,0.024165386,74.09678,15.860734,232.77792,152.82455,10.0,4.0,0
181.04265,200.0,110.12203,0.005347307,38.06211,68.81371,251.9011,121.64871,0.0,6.0,0
115.03939,200.0,73.29412,0.013888032,45.18253,77.65475,238.6635,185.31644,0.0,4.0,0
134.66,200.0,93.4304,0.004522144,52.88504,69.712845,353.47455,191.20464,18.0,0.0,0
195.31038,200.0,44.653107,0.012417601,57.55647,86.35312,97.990524,119.16451,7.0,4.0,0
198.99603,200.0,83.77264,0.0025300484,16.633167,59.85181,376.3906,0.0,20.0,1.0,0
180.30847,204.0,148.53879,0.0062316097,18.451511,38.74621,309.54428,86.3271,21.0,1.0,0
9137.396,503.0,94.97761,0.110429294,69.97828,43.892834,373.39383,278.19992,12.0,4.0,1
208.29779,200.0,83.07844,0.0037809797,54.473,49.596382,294.70236,192.86526,9.0,4.0,0
176.68254,200.0,71.4176,0.001644916,54.455475,30.543125,344.5242,171.07697,7.0,2.0,0
467.09006,200.0,80.77769,0.0041830526,24.642645,62.98634,196.38762,168.6605,21.0,2.0,0
137.45866,200.0,48.034416,0.024224583,27.083202,38.886997,276.92343,185.12881,19.0,3.0,0
265.44824,200.0,156.93657,0.003681722,35.7611,33.274174,151.916,123.97123,12.0,5.0,0
291.98068,200.0,89.1914,0.0011118939,38.34275,38.10669,282.54977,146.33517,5.0,5.0,0
402.13535,200.0,103.00676,0.0011369109,38.984417,40.770393,308.5636,113.54336,11.0,5.0,0
237.96184,201.0,82.14842,0.0012106457,24.357334,54.902252,281.7124,72.44463,9.0,2.0,0
281.97638,201.0,63.526466,0.006924201,23.760477,37.976425,316.1528,0.0,11.0,5.0,0
87.000496,200.0,138.14166,0.010873907,38.080463,0.0,206.9207,192.17003,7.0,0.0,0
282.27942,200.0,88.04384,8.4738334e-05,29.459,66.21464,273.92203,139.97412,14.0,5.0,0
252.6974,200.0,133.06248,0.0024842196,38.055923,41.01648,276.0475,0.0,14.0,6.0,0
233.4764,200.0,73.36321,0.010624713,45.10937,54.66352,240.58365,187.0923,3.0,5.0,0
155.08034,200.0,72.10457,6.2549684e-06,25.542372,25.763975,319.16177,182.14217,8.0,2.0,0
156.7541,200.0,73.21028,0.0016085104,33.237526,41.071136,348.02853,165.4304,6.0,5.0,0
153.8352,200.0,86.75394,0.0039989324,50.29722,61.994373,316.63635,192.90623,2.0,5.0,0
126.344505,500.0,56.68919,0.024873724,67.134865,48.106213,200.26903,104.943504,1.0,5.0,0
265.524,301.0,115.601395,0.0017289288,25.638662,75.2588,9.681386,158.21785,20.0,2.0,0
324.53445,200.0,99.80766,0.016839096,61.093525,47.548717,420.7087,57.78914,21.0,6.0,0
114.22184,200.0,84.35371,0.010020563,16.147465,54.597866,159.38591,243.17477,4.0,5.0,0
160.56535,302.0,55.75612,0.012533949,29.459383,65.91053,270.33878,287.99133,23.0,2.0,0
203.74362,200.0,90.3853,0.00097596244,63.060577,40.489025,192.51764,159.80115,10.0,5.0,0
173.02638,200.0,112.67559,0.028490124,51.23426,55.930256,274.23267,330.66794,21.0,2.0,0
290.23773,200.0,108.77463,0.004397194,22.432716,79.07886,213.50162,204.98953,8.0,0.0,0
90.273094,200.0,56.47766,0.03120154,27.004015,63.30139,414.00458,81.60222,11.0,5.0,0
70.8243,200.0,90.99984,0.0031180654,30.948963,44.550613,357.3446,241.38397,9.0,2.0,0
660.8502,200.0,176.35748,0.04350282,81.76129,99.20868,494.95276,201.77539,6.0,5.0,1
204.29568,200.0,107.041534,0.012672488,31.16413,40.043716,205.51006,91.568825,2.0,2.0,0
176.10995,404.0,127.27354,0.0268103,55.177185,27.45297,0.0,88.33173,16.0,2.0,0
194.10587,302.0,102.556915,0.00094380515,35.426346,43.22166,44.65314,168.33209,15.0,5.0,0
192.65408,404.0,60.856426,0.0009771027,21.52769,29.664162,348.99857,160.96487,0.0,4.0,0
271.54214,200.0,136.39717,0.007340231,45.373833,36.3035,232.39543,295.48373,2.0,4.0,0
188.51427,200.0,155.67937,0.010434493,59.73297,41.843513,320.3305,77.00377,20.0,1.0,0
205.70164,204.0,74.364716,0.0077314638,34.29401,39.739487,242.90036,68.13317,10.0,2.0,0
207.40735,200.0,107.339035,0.0052249744,43.50395,54.24312,225.45917,181.97252,10.0,1.0,0
111.984985,200.0,102.56709,9.897147e-05,39.90776,32.629086,231.81291,208.44666,6.0,1.0,0
66.23034,200.0,80.19069,0.020018784,50.70626,40.307457,316.66702,175.09387,17.0,4.0,0
184.56631,200.0,138.98921,0.004805417,27.11278,72.82489,168.67409,90.903435,11.0,1.0,0
108.872475,200.0,158.82887,0.0018737146,12.3065195,51.32876,330.8863,185.56277,11.0,2.0,0
142.52397,200.0,92.829636,0.014132541,56.129936,71.24613,316.6549,48.084465,10.0,2.0,0
122.02073,200.0,177.744,0.004854199,43.964577,75.53512,154.67543,146.48866,18.0,3.0,0
479.19785,200.0,64.77333,0.009734765,60.12163,62.7809,230.07242,78.6262,6.0,2.0,0
189.39275,200.0,163.17928,0.0065240175,50.911766,55.94281,325.9408,81.142105,7.0,1.0,0
1074.7423,200.0,143.99689,0.06265065,63.063923,60.89125,8419.922,9135.09,16.0,0.0,1
311.04117,200.0,66.61134,0.004167294,37.450966,73.966034,272.31372,181.70227,22.0,3.0,0
91.750786,200.0,92.431305,0.012511451,52.157124,41.0512,246.23224,165.4292,10.0,4.0,0
135.10886,200.0,143.40059,0.021362986,27.84996,52.49791,408.96628,0.0,14.0,2.0,0
300.93707,200.0,80.5812,0.020856593,23.867529,42.564274,303.63718,193.84225,0.0,4.0,0
203.03268,200.0,110.73594,0.0029637464,21.90564,44.24306,226.00212,56.538868,20.0,5.0,0
221.51578,200.0,43.797977,0.00955138,32.3425,43.50235,177.36366,243.35472,19.0,1.0,0
347.94522,201.0,30.93359,0.018337017,66.469734,61.59508,187.4636,134.17242,2.0,0.0,0
260.21378,200.0,99.79847,0.0021675162,43.99462,64.87507,456.52158,249.46046,8.0,4.0,0
162.87756,200.0,130.62718,0.0019002069,14.828527,44.78596,56.46205,127.95346,6.0,4.0,0
215.85645,200.0,132.0061,0.018997777,46.286728,30.048618,421.1713,251.81181,12.0,5.0,0
281.7325,200.0,64.53814,0.0077192797,33.63572,47.869675,219.34926,27.2763,19.0,6.0,0
107.816414,200.0,40.590137,0.010985984,4.5093975,61.577587,269.8306,228.07852,18.0,5.0,0
177.53545,200.0,51.448704,0.003978703,59.523254,44.180927,257.17545,92.79439,13.0,0.0,0
248.70184,200.0,140.007,0.014873262,42.11515,57.020733,220.80856,34.071167,1.0,0.0,0
287.19016,200.0,110.45489,0.01600737,37.825615,60.946056,230.61908,125.18904,12.0,3.0,0
234.4156,200.0,133.48296,0.008575065,52.939693,59.115265,123.26406,147.93015,0.0,1.0,0
323.25647,200.0,68.77294,0.0076609133,26.519611,50.988842,351.26718,178.8191,8.0,1.0,0
139.80688,200.0,82.58405,0.0055897003,50.188915,43.208893,327.22864,96.75176,15.0,0.0,0
148.96722,200.0,118.4033,0.0034298648,43.403164,40.321335,336.26086,82.547844,18.0,5.0,0
150.2749,200.0,92.087685,0.013577138,7.3338513,58.776424,286.6375,84.947464,23.0,1.0,0
117.70287,200.0,157.37048,0.004985888,26.904634,54.65579,300.7778,0.0,23.0,2.0,0
186.33815,200.0,98.29257,0.004645146,43.288834,70.272736,390.6125,217.06711,16.0,6.0,0
190.27936,200.0,107.66209,0.009396736,29.82336,29.217752,97.998184,164.58052,19.0,5.0,0
331.3793,400.0,132.73416,0.020141704,61.407127,28.756443,326.87762,49.760807,0.0,3.0,0
104.27555,204.0,116.4259,0.0071393508,32.469097,34.038143,235.63643,183.88025,2.0,3.0,0
146.3626,200.0,94.756935,0.010032667,68.7794,61.165306,271.77866,76.92728,19.0,0.0,0
553.74554,200.0,100.7495,0.028825257,90.44521,90.95846,479.16507,372.27448,5.0,3.0,1
267.4257,200.0,82.881966,0.038452543,34.887943,60.445072,198.36423,176.9355,7.0,5.0,0
364.81137,302.0,122.58903,0.004475508,19.538403,40.612072,247.04329,169.6973,9.0,4.0,0
234.60504,200.0,115.66137,0.011492578,41.506817,55.889412,148.6209,48.653072,12.0,1.0,0
220.23656,200.0,116.310425,0.016570048,45.73568,77.18194,3.9719224,254.87189,2.0,3.0,0
167.85191,302.0,117.20931,0.0029007865,49.00923,44.762962,400.32843,134.04094,23.0,3.0,0
2843.041,502.0,132.7684,0.2711794,49.987022,75.76363,296.0244,134.79886,17.0,4.0,1
135.13957,200.0,166.8713,0.00011495393,48.64457,50.345226,352.12445,177.57277,21.0,2.0,0
6991.977,503.0,135.2859,0.26285034,65.62864,68.156006,369.89288,151.83879,21.0,2.0,1
205.46243,200.0,132.02065,0.012231515,21.502304,85.26934,204.16206,180.98299,20.0,5.0,0
224.71289,200.0,104.451256,0.011400069,38.786556,49.31784,295.17505,204.12044,6.0,0.0,0
278.2628,200.0,82.41975,0.005658643,48.085827,72.83527,304.78964,174.41214,17.0,2.0,0
314.6839,200.0,92.28871,0.0018085799,45.300804,70.901924,276.36316,232.96165,9.0,5.0,0
273.8262,200.0,84.38209,0.024311788,29.907398,55.573616,242.21033,192.74664,18.0,5.0,0
794.8417,200.0,95.747536,0.026712058,90.807655,95.25473,280.5042,162.55345,15.0,2.0,1
181.13254,301.0,87.07974,0.0004831234,35.328484,43.896286,302.47363,331.12155,0.0,1.0,0
122.41754,200.0,83.56502,0.014111982,26.174444,82.19807,243.69618,250.61427,1.0,1.0,0
9028.711,200.0,101.076294,0.29939756,80.03116,84.87504,7725.295,5218.4355,20.0,1.0,1
484.67886,200.0,74.96378,0.0008814847,17.771997,50.4198,338.56427,0.0,9.0,6.0,0
81.91634,200.0,106.76686,0.00033072472,33.99917,67.03436,295.13376,46.373158,16.0,4.0,0
357.53336,200.0,139.34012,0.041095525,92.64616,87.4805,469.5727,231.97482,20.0,3.0,1
201.93248,200.0,104.59247,0.0018005916,15.05507,26.33557,384.39062,40.537464,11.0,0.0,0
89.58797,200.0,43.229294,0.013256589,3.8453038,41.174488,307.29697,190.38724,1.0,1.0,0
199.35101,201.0,104.620865,0.0072622425,19.28118,47.09467,117.08908,181.49234,16.0,4.0,0
104.221886,200.0,139.84192,0.0009499795,27.716255,57.495857,433.56677,261.9887,22.0,6.0,0
125.92114,200.0,28.330778,0.029370708,29.714653,46.688217,350.69125,105.19295,2.0,4.0,0
145.53175,400.0,66.164314,0.024391811,3.6264892,75.53248,147.41919,196.27214,12.0,5.0,0
96.05913,200.0,72.81606,0.00952919,48.589985,60.65031,190.17484,191.50778,11.0,2.0,0
138.55089,200.0,122.56399,0.0017687952,36.924324,63.06115,366.52338,173.68002,10.0,2.0,0
258.8632,200.0,120.19824,0.008400906,43.19506,58.99945,268.3074,0.0,5.0,2.0,0
100.86649,200.0,114.27521,0.008525878,14.403902,65.74123,337.43613,189.0744,17.0,5.0,0
170.02869,200.0,74.39205,0.023684481,0.0,58.343136,166.05696,50.344063,3.0,6.0,0
324.79578,200.0,175.56851,0.014745314,39.581856,52.646336,275.6241,82.2754,21.0,1.0,0
398.7503,200.0,73.01761,0.006357529,50.420193,86.07371,270.45834,321.40353,13.0,2.0,0
229.42505,200.0,73.62612,0.016108997,43.983124,52.875587,247.53876,106.157875,17.0,6.0,0
241.8463,200.0,66.65118,0.029154882,50.227943,33.96199,179.12497,283.68295,7.0,2.0,0
171.16942,200.0,107.29235,0.0023052297,42.85229,48.43478,295.53787,82.38315,20.0,1.0,0
178.56505,200.0,108.87436,0.00063393073,21.35355,52.008366,300.18256,162.65721,16.0,5.0,0
171.8126,200.0,113.25475,0.012655748,23.1678,36.857994,170.55957,166.9795,22.0,1.0,0
225.13448,200.0,78.973015,0.004491386,48.7641,24.46603,344.8545,106.77423,5.0,5.0,0
253.1607,200.0,49.875618,0.0053324234,56.050755,78.09687,198.5626,143.64221,16.0,2.0,0
138.56467,200.0,102.538605,0.0009008572,43.493423,62.394505,321.5447,279.60336,17.0,0.0,0
123.73505,200.0,113.01148,0.0016906231,26.7023,67.098,277.56332,104.99888,0.0,5.0,0
152.39175,200.0,63.04504,0.0018511616,23.751965,39.663567,303.6631,96.438774,9.0,4.0,0
108.13324,200.0,26.059765,0.02803887,58.98826,34.2682,259.73175,33.55923,5.0,6.0,0
80.89782,200.0,82.990364,0.015535025,45.1623,51.526054,313.96048,13.546691,22.0,5.0,0
170.95126,200.0,135.86992,0.013902985,41.88564,39.5816,309.57944,251.64917,17.0,2.0,0
212.60153,200.0,151.16028,0.0074254777,38.11793,54.580208,354.92157,238.78041,23.0,1.0,0
177.02222,400.0,94.72078,0.0044812365,30.459967,30.892471,146.54297,121.67822,12.0,4.0,0
231.19185,200.0,101.19422,0.005406841,38.26241,41.28715,144.24849,96.68787,20.0,6.0,0
236.88354,400.0,99.28706,0.0008641996,50.861843,26.271767,223.87167,241.00945,8.0,5.0,0
200.42943,201.0,55.865097,0.004703493,17.009228,37.69283,175.0376,149.12823,13.0,4.0,0
132.96623,200.0,89.15228,0.0018956499,49.20022,73.6827,264.4017,108.2258,6.0,4.0,0
280.98547,400.0,66.111626,0.01631769,51.23709,64.51894,349.7848,183.19669,20.0,5.0,0
261.60446,200.0,105.047775,0.0048013735,15.08962,49.530415,230.21661,190.93044,7.0,0.0,0
168.48369,200.0,68.149284,0.015829602,35.40444,66.51658,263.31723,236.59865,20.0,0.0,0
167.86334,200.0,135.65855,4.287341e-05,56.702145,29.436953,269.62418,144.66786,0.0,5.0,0
305.76437,200.0,102.63574,0.0052760513,61.39076,61.053383,261.7785,91.32801,12.0,3.0,0
212.11336,200.0,145.5406,0.0065863975,37.305653,48.88257,269.55057,35.42771,2.0,3.0,0
227.27611,200.0,94.12002,0.01040778,44.596546,62.32298,159.89638,66.87169,23.0,4.0,0
182.11522,200.0,57.41573,0.016608281,35.528427,93.244965,102.38943,123.225006,6.0,4.0,0
261.03754,500.0,86.78549,0.0054683466,65.999695,67.35318,165.28262,176.80136,17.0,1.0,0
295.41174,200.0,135.71617,0.0006603342,51.096806,50.676113,251.80894,382.19186,3.0,0.0,0
516.1464,200.0,159.62729,0.08207165,51.70934,77.13363,9351.714,9475.937,21.0,5.0,1
83.824394,200.0,104.55543,0.012918941,48.159042,56.43735,217.80334,197.7491,7.0,3.0,0
235.76416,200.0,72.19035,0.007970924,31.833128,20.75297,216.90489,322.45462,21.0,6.0,0
387.22968,200.0,127.51747,0.006286716,35.78153,35.494232,285.65298,295.1545,5.0,2.0,0
343.66565,200.0,137.9651,0.004272838,25.284986,36.689056,404.65646,266.97205,0.0,6.0,0
276.90482,200.0,125.92471,0.04649695,29.975306,55.852688,209.42567,116.09033,3.0,6.0,0
268.15494,301.0,112.137566,0.013448477,40.09325,47.074417,343.29572,91.1942,4.0,4.0,0
129.34431,200.0,87.09056,0.027459117,14.686104,79.09049,256.4368,45.807304,1.0,5.0,0
193.52696,200.0,105.085594,0.0030639055,35.515266,33.258396,279.43414,156.87169,16.0,3.0,0
374.41327,200.0,93.20997,0.021646233,37.921516,33.138172,446.1845,166.36674,23.0,2.0,0
126.77532,200.0,112.19513,0.006573203,16.147392,68.82668,425.2152,154.62015,13.0,1.0,0
347.67337,200.0,95.69628,0.01221502,25.570066,32.399208,275.1282,133.0559,22.0,2.0,0
59.671177,200.0,79.60926,0.010662833,26.423212,40.48677,207.59048,161.12254,23.0,4.0,0
252.1454,200.0,163.6043,0.0039777034,55.393047,64.080376,231.25966,87.49043,23.0,4.0,0
216.88506,200.0,147.78935,0.012936117,67.07816,29.913664,207.26926,136.81508,16.0,5.0,0
403.95914,200.0,148.19395,0.0015713302,29.926014,42.558475,350.92358,84.25697,8.0,5.0,0
296.789,200.0,64.093864,0.0004096902,30.40423,41.803436,189.99089,37.878628,8.0,2.0,0
247.42102,301.0,105.601524,0.0020156554,34.835476,42.556324,531.2221,216.82626,8.0,5.0,0
227.40756,200.0,140.44168,0.004983968,36.521004,80.16989,131.83282,119.02244,12.0,3.0,0
306.51376,200.0,147.31912,0.003871727,67.027916,45.0627,312.2,265.969,16.0,2.0,0
109.444984,200.0,99.99816,0.01016401,62.170227,30.750963,224.99326,78.664154,10.0,3.0,0
110.31791,200.0,116.26114,0.0010275454,45.55719,65.939255,395.02615,184.1957,20.0,2.0,0
113.249,200.0,142.02745,0.00013650901,58.18204,28.75754,230.82622,97.94894,5.0,4.0,0
225.93463,200.0,83.11052,0.002885662,38.678753,66.26505,291.26892,97.18754,11.0,1.0,0
354.83243,200.0,99.41491,0.0024394705,87.50765,32.792603,0.0,123.3064,5.0,4.0,0
290.27112,200.0,110.542244,0.0036534853,53.18471,36.72718,150.9983,286.1988,11.0,0.0,0
265.28748,200.0,107.26457,0.014798407,61.46288,52.26097,183.7779,223.89644,3.0,3.0,0
106.33101,200.0,100.529724,0.00044381522,57.73688,66.42144,225.34167,146.5676,23.0,6.0,0
1434.6936,200.0,163.25687,0.07187171,66.88107,73.888664,8012.112,8673.656,19.0,5.0,1
176.09586,200.0,45.72907,0.0014469923,47.652077,45.74498,254.13004,207.14746,10.0,0.0,0
180.8418,200.0,88.462906,0.006629444,44.00843,53.363438,326.4808,243.78497,5.0,3.0,0
342.81027,200.0,116.4732,0.012449825,18.441616,58.778645,0.0,128.55324,16.0,3.0,0
132.39197,200.0,76.40549,0.002923192,40.481644,44.64343,387.78595,154.43956,21.0,0.0,0
273.1219,200.0,128.34097,0.0036831389,45.306126,45.65657,256.5868,263.85995,8.0,4.0,0
252.0167,200.0,162.34431,0.0055457973,23.909462,31.630312,322.27957,214.68542,10.0,4.0,0
179.93784,200.0,79.168724,0.0040194113,23.980707,76.26892,342.253,75.49526,17.0,2.0,0
154.82834,301.0,139.30434,0.030506609,21.521563,48.48822,154.99344,72.647934,0.0,2.0,0
93.1108,200.0,126.25686,0.00782859,48.614418,60.403877,203.99988,63.6984,6.0,5.0,0
190.80072,200.0,55.02461,0.000112067486,24.93587,42.2133,192.65321,339.87302,14.0,6.0,0
127.933464,200.0,132.42612,0.004814981,24.08726,62.61595,145.36784,83.277176,21.0,5.0,0
305.1132,200.0,128.14473,0.003670373,37.23985,70.8968,321.77408,213.8884,9.0,5.0,0
165.11502,200.0,91.77066,9.964876e-05,44.473774,55.3093,346.31528,252.37929,11.0,1.0,0
321.87567,200.0,66.38663,0.0023423897,68.62465,54.9727,197.83505,317.5219,12.0,0.0,0
212.60872,201.0,77.27095,0.0025771372,6.5400887,22.261354,301.4499,153.91542,6.0,2.0,0
199.20587,200.0,76.696434,0.0007068362,17.900553,68.12756,225.29839,210.96829,6.0,4.0,0
477.83594,201.0,92.17032,0.003979958,65.652336,53.148365,282.30927,195.79276,22.0,6.0,0
199.41621,200.0,136.7573,0.028335487,33.599895,60.028477,255.02132,216.84615,0.0,3.0,0
797.31964,200.0,93.97709,0.034366023,93.65004,97.34389,359.982,173.75925,20.0,3.0,1
175.47998,200.0,85.36666,0.00086775783,67.92892,62.003235,163.6823,101.12817,11.0,5.0,0
1067.0665,200.0,149.97559,0.096073546,69.87061,63.20929,8681.106,8685.415,20.0,4.0,1
244.41496,200.0,120.325836,0.007739514,44.3801,52.08115,160.9135,0.0,2.0,5.0,0
95.27281,204.0,76.2096,0.0058474056,24.05117,73.77902,246.31929,294.94653,10.0,4.0,0
291.53793,200.0,135.54825,0.008350745,43.171555,61.719814,316.2367,146.54608,4.0,0.0,0
129.19897,200.0,93.786964,0.01073771,62.797844,51.441597,282.3732,204.7298,19.0,4.0,0
45.40319,200.0,138.57715,0.006999441,27.318464,15.68532,186.56003,108.109665,5.0,1.0,0
146.56279,200.0,179.85579,0.0016711709,32.113922,43.311245,367.51678,315.35086,20.0,5.0,0
256.31088,200.0,95.68639,0.0012667537,42.561493,32.357502,318.83698,260.35303,11.0,6.0,0
311.5375,200.0,120.710815,0.0041053398,69.472786,80.2939,112.81762,234.94345,21.0,2.0,0
9811.48,500.0,129.12462,0.15173107,64.33328,72.37532,346.17578,272.19,8.0,0.0,1
105.12039,200.0,112.57651,0.005195732,30.345388,77.5143,95.24809,76.179596,1.0,0.0,0
165.8831,200.0,155.30162,0.002168033,56.22348,35.842022,256.89523,0.0,11.0,2.0,0
157.85858,200.0,107.01904,0.027934724,67.835686,26.468174,72.440155,71.137924,10.0,6.0,0
1548.9598,503.0,83.50731,0.22743337,47.03943,46.17816,315.88962,204.48177,11.0,1.0,1
113.36364,200.0,119.21457,0.0013055332,33.100883,17.933987,129.48471,220.02287,7.0,0.0,0
372.35977,200.0,122.33899,0.02203441,50.808395,55.54733,139.27791,99.07192,22.0,0.0,0
181.38033,201.0,96.7437,0.0022173629,60.825405,52.364296,116.34852,169.90288,10.0,0.0,0
270.65292,200.0,82.40406,0.00026454328,36.98668,67.36973,114.26821,118.668205,18.0,1.0,0
276.50217,200.0,103.2875,0.0077242986,30.171015,79.03363,279.46356,114.62874,8.0,6.0,0
145.78487,200.0,133.39043,0.015600987,29.929564,5.6085343,363.69275,60.586304,21.0,2.0,0
754.9926,200.0,156.71371,0.047408458,84.609276,99.63699,383.53967,263.1585,19.0,6.0,1
85.55364,200.0,126.76989,0.0017352481,17.228073,66.63542,426.4835,95.10644,19.0,2.0,0
138.05281,200.0,71.291916,0.0052696643,57.439526,30.114761,247.73349,145.00288,0.0,6.0,0
106.25132,200.0,112.34946,0.0049703023,26.378395,61.110268,478.44717,0.0,20.0,1.0,0
124.889854,204.0,116.96788,0.006889876,23.868042,50.001663,404.67438,124.243805,13.0,0.0,0
199.55408,200.0,101.67657,0.0069128554,49.3992,45.24496,216.5397,26.23823,5.0,6.0,0
314.15808,200.0,69.57049,0.0019943223,48.863396,41.7991,268.3469,239.825,17.0,6.0,0
114.00152,200.0,135.1339,0.016893622,53.24157,41.22598,198.82573,175.09024,21.0,6.0,0
231.90833,200.0,90.79044,0.014647269,34.865536,26.36594,357.01816,81.569016,15.0,0.0,0
122.353455,200.0,116.35257,0.006295443,9.982525,28.824251,303.27576,178.37332,7.0,2.0,0
131.51482,200.0,97.409904,0.0070838314,26.263706,71.33251,257.44427,274.90445,1.0,3.0,0
59.053177,200.0,73.12886,0.0054593002,53.725925,63.11151,214.39507,41.410053,22.0,4.0,0
280.66406,400.0,62.013115,0.0017408706,35.614075,24.857262,133.6525,115.10961,20.0,5.0,0
114.16222,400.0,34.86627,0.00860709,47.237553,45.7937,321.57794,268.5959,21.0,1.0,0
231.5378,201.0,106.75976,0.0013509844,38.90905,42.60101,254.41557,262.7845,15.0,2.0,0
155.14589,200.0,100.09941,0.00935709,63.888386,63.03644,352.8986,213.4934,18.0,1.0,0
208.35002,200.0,53.22711,0.027640719,41.846027,45.17092,212.34628,147.9926,19.0,1.0,0
173.71437,201.0,93.66658,0.0016356,61.263348,59.601578,220.68483,137.18651,11.0,3.0,0
190.72955,200.0,115.78333,0.019964486,39.524094,72.9834,370.43463,108.57057,2.0,1.0,0
242.2102,200.0,131.3741,0.00929129,41.179398,84.95299,126.84852,157.31589,7.0,5.0,0
80.74728,200.0,105.30513,0.0017206288,37.972355,52.54343,262.43692,255.2596,3.0,3.0,0
296.7582,301.0,136.98354,0.009674757,48.97835,75.72466,200.6669,148.12312,5.0,0.0,0
115.345566,200.0,128.52583,0.00040730025,38.49789,36.655582,296.63312,71.250244,0.0,5.0,0
244.38866,200.0,52.290974,0.021191072,4.7635946,43.272774,208.63852,164.94708,6.0,5.0,0
86.94202,200.0,137.52681,0.0072286525,51.93095,36.283905,298.20706,158.46593,3.0,1.0,0
138.90375,301.0,91.19179,0.022752034,69.424,35.97416,259.75452,244.035,9.0,5.0,0
442.01785,200.0,136.48381,0.0027553302,33.95756,73.92203,275.40402,51.099903,5.0,3.0,0
136.3003,200.0,51.71386,0.017960817,55.15445,32.448166,199.37903,323.25937,17.0,2.0,0
230.67703,200.0,173.54877,0.00091577147,27.249498,57.6731,93.52921,0.0,11.0,3.0,0
250.32436,200.0,100.5428,0.0065390756,49.791695,47.32276,255.78453,252.20299,12.0,5.0,0
186.22575,200.0,85.08806,0.0026856107,46.01203,34.80322,165.21263,259.41403,1.0,2.0,0
130.64561,200.0,129.67822,0.036354247,62.252655,71.19396,435.44696,240.07341,23.0,6.0,0
105.882324,200.0,69.09647,0.0020756004,46.43896,42.36884,234.09398,0.0,8.0,4.0,0
240.49605,200.0,83.5685,0.011274806,27.211662,62.85821,237.90768,204.85123,16.0,6.0,0
163.7544,200.0,9.382722,0.0113329105,66.239624,55.74256,3.7613182,240.371,7.0,5.0,0
222.25905,204.0,66.833374,0.026033536,22.7076,71.42668,175.93825,118.81234,4.0,0.0,0
85.93429,200.0,127.4351,0.0069522737,56.949554,59.417126,170.47015,136.82759,14.0,0.0,0
93.4939,200.0,102.7993,0.012662469,38.070507,60.001507,157.22038,136.48618,21.0,4.0,0
67.376465,200.0,130.17487,0.070139535,38.87581,30.402042,204.70734,110.91027,8.0,4.0,0
115.54695,200.0,20.970453,0.030521614,41.206367,57.18527,184.31242,163.54404,1.0,6.0,0
140.24872,200.0,109.22009,0.0029376878,4.6053348,45.7178,381.09808,101.46875,9.0,5.0,0
163.99873,201.0,143.07967,0.0058983187,49.999695,49.19289,377.4386,222.48267,15.0,1.0,0
61.815945,404.0,63.683422,0.0018950955,33.091354,62.969517,245.08559,134.17003,10.0,0.0,0
89.79223,200.0,108.788956,0.0058427444,53.6952,56.694645,461.58325,109.4811,4.0,3.0,0
3614.3052,503.0,91.29089,0.29520333,35.46804,47.140057,239.81232,242.01813,8.0,3.0,1
147.52873,200.0,129.0406,0.027912317,48.59666,52.540462,173.12076,355.44443,17.0,6.0,0
213.01111,200.0,117.35777,0.0031234245,59.56251,33.3065,254.93547,12.765286,13.0,1.0,0
340.99518,404.0,133.5169,0.0010173381,41.04572,32.201565,218.14809,183.55649,7.0,0.0,0
240.79594,200.0,64.77839,0.01511285,30.239597,59.7054,24.833916,0.41611248,18.0,1.0,0
169.48337,200.0,13.818633,0.001371703,32.25865,64.532364,78.525345,177.99452,23.0,3.0,0
381.60034,200.0,105.41877,0.0022481536,40.351475,41.2347,282.25595,42.057453,1.0,3.0,0
252.72662,200.0,164.51166,0.011556451,8.936106,64.95032,344.39127,156.84862,1.0,0.0,0
242.10696,201.0,88.96,0.007896022,34.227867,30.703856,355.6791,133.0383,12.0,1.0,0
179.77013,200.0,125.1833,0.005378568,40.24064,40.097736,312.5247,261.96783,1.0,5.0,0
166.2619,200.0,136.24506,0.004050702,45.67148,69.12853,176.64285,150.44922,19.0,5.0,0
209.20674,301.0,102.049614,0.006028808,28.63961,66.07299,321.25323,142.23872,15.0,5.0,0
189.69057,301.0,140.4189,3.4627e-05,57.663937,57.88325,301.06802,130.66197,10.0,2.0,0
137.44264,200.0,74.39056,0.016521653,25.678286,48.34007,376.06543,182.98799,8.0,0.0,0
206.21109,200.0,125.61471,7.612672e-05,52.05085,52.627403,65.33103,211.76523,18.0,6.0,0
91.39348,200.0,70.775276,0.01655274,15.199344,61.467262,260.6382,132.58981,18.0,0.0,0
295.06058,200.0,100.84565,0.0020484398,60.80269,44.068123,356.63705,312.61282,17.0,5.0,0
7514.2676,504.0,112.57703,0.17351824,42.734676,58.500046,205.83908,202.94173,17.0,0.0,1
321.01843,200.0,78.44953,0.012740743,33.2222,33.20591,315.27316,168.08994,23.0,0.0,0
95.3836,301.0,96.79052,0.022874027,43.281914,69.221436,105.56174,124.01098,2.0,5.0,0
129.93254,200.0,113.193344,0.007815713,34.148975,65.511566,184.43494,236.4189,0.0,5.0,0
179.32773,200.0,134.18886,0.010286968,32.395508,72.54526,48.33315,147.94511,15.0,1.0,0
175.24345,200.0,58.96524,0.029734965,52.704247,56.868286,390.3242,199.39735,16.0,3.0,0
404.35925,302.0,150.04085,0.0020545262,34.251514,28.779154,297.04694,272.74435,23.0,0.0,0
262.03503,200.0,91.14351,0.0059031616,27.396767,49.76087,301.2829,192.61993,2.0,6.0,0
234.80132,500.0,88.15751,0.0040552616,45.827103,32.79722,53.466343,214.08981,20.0,6.0,0
179.64896,200.0,127.24839,0.009836398,51.29892,53.235332,200.42715,215.1284,23.0,0.0,0
322.2701,200.0,90.89723,0.0049303365,59.96517,64.63959,140.07698,166.67715,16.0,5.0,0
179.15771,200.0,68.527885,0.0006760709,19.791166,35.070374,278.36826,148.82265,0.0,5.0,0
1344.5215,504.0,81.479614,0.20766385,55.027607,48.53544,342.3124,109.17896,0.0,2.0,1
251.65338,200.0,120.99614,0.017465679,32.174118,54.99156,151.21346,134.15729,21.0,2.0,0
425.87347,200.0,157.32262,0.045465887,98.10879,92.92861,367.0884,315.81683,13.0,2.0,1
175.89275,200.0,88.79634,0.00796947,50.84718,79.57019,178.94647,59.977657,23.0,4.0,0
219.72919,200.0,113.461685,0.020565163,54.047256,41.996727,303.9472,108.27054,19.0,3.0,0
165.38089,200.0,94.69737,0.009771965,49.32428,36.161446,145.26372,146.1439,10.0,1.0,0
301.87662,200.0,113.96299,0.01588441,63.29405,47.72041,259.09802,157.01855,17.0,0.0,0
72.523125,200.0,116.847305,0.00089530414,14.399936,48.894287,404.11932,190.96773,14.0,1.0,0
92.78175,200.0,137.9441,0.024604997,22.496143,36.67894,353.12567,363.5761,6.0,2.0,0
208.86473,204.0,133.26112,0.0056694495,60.030254,37.981293,276.76675,190.13754,15.0,1.0,0
183.24057,200.0,193.96979,0.0053158756,64.146034,49.47043,466.82767,292.55753,16.0,2.0,0
187.93594,200.0,75.131775,0.010824574,38.071102,34.84829,190.98856,133.20494,2.0,4.0,0
153.4827,200.0,123.3223,0.012582253,39.65218,58.974186,65.49061,55.01153,13.0,6.0,0
101.35528,200.0,134.40938,0.005411048,36.496784,38.4235,471.69635,247.89783,22.0,0.0,0
371.24762,200.0,113.663826,0.009070657,59.43301,65.570755,136.14195,53.59668,8.0,5.0,0
137.78323,200.0,86.787964,0.011087041,42.78635,57.104477,250.21297,142.45987,10.0,2.0,0
283.13016,200.0,111.02966,0.0059645325,39.264866,29.315472,458.73987,138.91873,22.0,1.0,0
277.809,200.0,123.00155,0.0003942112,52.859272,62.398964,230.40845,163.00983,1.0,5.0,0
175.3648,200.0,74.447426,0.004861337,64.99379,47.351963,245.84337,77.3273,16.0,6.0,0
416.66348,200.0,127.01287,0.016782587,40.26376,56.47457,238.26443,113.84653,15.0,5.0,0
492.92175,200.0,92.597626,0.0044644624,31.85304,77.21385,177.64401,75.20762,23.0,6.0,0
115.824036,200.0,76.86281,0.016732683,26.083447,63.410908,368.75073,49.0677,5.0,1.0,0
272.83063,200.0,65.35047,0.017616292,12.552749,33.275925,341.3559,206.25708,22.0,5.0,0
196.62642,200.0,75.42258,0.0056311013,36.798088,39.938877,280.14777,59.22714,22.0,3.0,0
121.44104,200.0,87.85156,0.0007602133,67.70034,23.608278,195.36226,179.43564,9.0,2.0,0
212.87189,200.0,165.4246,0.017343875,40.21914,46.45797,265.13226,236.82812,12.0,0.0,0
267.87076,200.0,144.77954,0.029177021,52.782337,38.015152,366.07355,201.41725,4.0,3.0,0
144.7862,200.0,137.81136,0.0009602255,37.82288,24.477352,328.43463,104.59916,19.0,1.0,0
95.33562,200.0,163.5705,0.0021767623,19.157787,28.64327,329.67215,135.89226,11.0,5.0,0
137.28342,200.0,62.820873,0.022612821,63.1162,79.92706,332.9971,151.87756,2.0,0.0,0
137.71306,200.0,87.946175,0.008405824,29.10299,53.49266,240.13342,204.22403,20.0,5.0,0
275.08963,200.0,88.0759,0.014914678,39.929802,44.924343,90.095184,162.58354,8.0,2.0,0
148.27808,302.0,46.24415,0.01915532,22.183424,41.60542,145.35277,115.90697,0.0,3.0,0
208.5501,200.0,74.320946,0.003983724,25.733326,48.80303,361.64484,278.7406,5.0,4.0,0
266.6461,201.0,135.25644,0.005119443,44.038143,55.37558,111.05684,171.77896,4.0,0.0,0
267.14847,200.0,87.28123,0.0039421497,23.385597,67.745605,213.90843,114.52245,20.0,0.0,0
296.7037,200.0,74.248375,0.0056006373,21.95621,79.692085,288.7282,225.34146,4.0,4.0,0
219.5721,200.0,58.661797,0.008479268,21.750523,54.58848,352.90134,121.781395,21.0,0.0,0
224.04568,201.0,118.45538,0.018266728,35.479843,32.22207,96.142235,121.34575,9.0,1.0,0
261.97433,200.0,125.54645,0.009062629,15.660996,48.292236,239.53624,212.05162,11.0,3.0,0
9123.696,504.0,131.23047,0.28736895,76.810005,87.37015,7227.5015,6267.292,5.0,1.0,1
116.24362,200.0,97.01235,0.0077483375,32.00462,52.659145,269.40982,71.77797,15.0,2.0,0
221.02562,200.0,150.81871,0.002534768,19.717196,31.473995,366.82986,97.874176,17.0,5.0,0
105.62474,201.0,94.618454,0.011054231,41.556786,33.049713,161.9523,58.58723,23.0,0.0,0
190.526,200.0,120.8016,0.052937873,31.085146,77.500496,204.78198,89.01102,7.0,4.0,0
239.70592,302.0,159.03908,0.007128888,58.25888,51.921776,339.14874,131.22992,16.0,5.0,0
102.08536,201.0,55.89899,0.007421066,52.340637,48.07211,36.06768,36.859776,14.0,3.0,0
350.4707,200.0,133.93861,0.011539153,54.4401,54.009624,0.0,42.33371,18.0,6.0,0
231.56177,200.0,112.5432,0.0013191345,55.681187,75.90298,109.50896,122.46871,12.0,1.0,0
109.83908,200.0,111.80039,0.0058825384,34.56154,77.71772,137.2954,34.26735,7.0,3.0,0
132.65915,200.0,102.383354,8.286104e-05,56.170654,55.104305,133.4157,21.87223,22.0,1.0,0
174.15222,200.0,103.51652,0.0021898027,35.836308,27.1395,227.11143,0.0,7.0,0.0,0
161.23753,200.0,137.99898,0.0021646563,62.80745,52.98071,303.00565,139.67305,9.0,6.0,0
111.403854,200.0,98.81918,0.010783486,51.82144,53.41711,357.79062,83.205734,23.0,2.0,0
73.4163,200.0,85.495155,0.005702934,52.178986,46.597965,1.0001352,204.86473,1.0,4.0,0
185.51938,200.0,114.07361,0.0050118896,28.28308,74.74091,342.16373,311.10904,13.0,5.0,0
309.43777,200.0,113.80768,0.019636098,49.701267,32.472446,446.47525,60.050556,12.0,6.0,0
223.33267,200.0,115.59039,0.009505634,53.601772,52.616188,282.79074,113.724686,10.0,6.0,0
242.95885,200.0,120.57046,0.0017317391,54.988663,40.040512,87.52559,129.40161,4.0,5.0,0
220.0334,200.0,97.5972,0.019887064,39.52431,59.55456,284.0229,152.65614,4.0,5.0,0
88.30202,200.0,118.11727,0.0149777075,49.137234,56.888535,104.224335,43.935753,9.0,0.0,0
119.27001,200.0,85.126015,0.002566936,61.37396,42.896038,52.90252,161.93327,10.0,0.0,0
354.29337,201.0,91.29654,0.0037021115,42.628807,63.79731,366.40018,181.54831,3.0,4.0,0
198.28418,200.0,69.561676,0.011595685,44.23921,29.290228,152.92651,264.28787,5.0,6.0,0
86.769325,200.0,113.80083,0.016055752,48.475727,42.256104,122.455956,19.663729,21.0,6.0,0
174.14944,200.0,121.94449,0.00083088333,43.266308,60.624775,312.5064,158.54771,10.0,0.0,0
138.91766,200.0,86.27528,0.030576587,55.79644,51.62145,146.33444,93.62456,8.0,0.0,0
101.77571,200.0,133.8441,0.011641252,32.833534,41.430115,195.30316,101.19353,13.0,3.0,0
297.5392,200.0,55.199284,0.015688267,46.573433,69.36962,259.45264,151.29668,5.0,0.0,0
89.37188,302.0,96.65656,0.005872974,32.317287,57.729626,300.47122,204.77437,15.0,5.0,0
234.10246,200.0,97.27902,0.027450705,36.11781,40.912106,202.24579,132.1764,10.0,1.0,0
552.4959,200.0,118.50232,0.0022187275,26.425045,58.012447,125.84991,55.581245,11.0,3.0,0
62.853996,200.0,84.646774,0.010599859,10.92883,44.769646,253.61273,260.51785,10.0,2.0,0
198.36044,200.0,88.128105,0.0022297907,47.122246,68.93611,424.42853,284.16412,15.0,3.0,0
362.44806,200.0,123.99711,0.006078678,26.306292,40.382366,276.80518,212.07214,20.0,4.0,0
124.604805,200.0,131.00839,0.008801786,20.88215,66.0112,248.4947,8.598683,4.0,5.0,0
291.9274,200.0,79.50144,0.0075373077,33.425423,32.423256,304.66364,35.771397,11.0,4.0,0
309.06503,200.0,96.542656,0.009548005,16.402016,26.909233,414.73227,175.27838,4.0,0.0,0
221.29366,200.0,59.417953,0.0056912983,38.492573,42.21321,148.47455,21.791851,17.0,4.0,0
119.613846,200.0,119.52457,0.0031740498,59.72989,49.023834,103.98124,131.98822,20.0,4.0,0
167.15706,400.0,116.91144,0.0033751726,18.929651,63.936142,193.10637,269.76733,4.0,5.0,0
127.8061,200.0,108.821236,0.006805699,54.090107,62.386208,84.39529,133.27792,9.0,1.0,0
275.99014,200.0,70.77719,0.0001808792,48.409073,68.8895,313.03204,0.0,3.0,2.0,0
99.60212,200.0,82.13586,0.00033617526,19.755375,56.48354,205.1815,252.6339,15.0,3.0,0
144.09042,200.0,67.705536,0.0069440976,38.241356,57.962482,268.18222,223.10588,6.0,0.0,0
253.9853,200.0,44.92479,0.0054215305,38.46182,38.32208,229.45528,91.96472,1.0,1.0,0
257.78473,200.0,70.64088,0.004399726,36.93981,41.783886,150.3236,266.29633,21.0,5.0,0
243.36684,204.0,140.81833,0.0005614281,37.45627,78.67073,136.61847,138.28934,21.0,3.0,0
190.09607,200.0,152.70787,0.030129028,33.59823,48.95589,112.06387,123.4305,12.0,3.0,0
98.73549,200.0,121.290215,0.010788527,34.65139,46.748093,240.56883,145.13988,11.0,6.0,0
108.016075,200.0,114.22324,0.037130147,41.807007,31.078093,383.60806,277.97964,17.0,0.0,0
216.9452,400.0,93.09272,0.015059275,53.87124,32.463993,278.47183,40.43015,17.0,4.0,0
124.51512,301.0,54.057552,0.007113882,43.42977,51.423763,257.26746,160.92093,20.0,6.0,0
182.65613,200.0,186.92616,0.00772413,60.394215,33.70972,251.24126,240.50464,7.0,4.0,0
141.66396,200.0,66.99424,0.011470361,28.88213,57.929447,396.86456,159.87653,19.0,2.0,0
205.53574,200.0,75.35195,0.0006861978,50.771618,35.334282,230.48186,146.17703,20.0,2.0,0
103.96848,200.0,137.23508,0.0037549268,48.465897,78.66249,199.68622,143.26395,9.0,0.0,0
62.928486,200.0,82.68397,0.0064127413,63.025814,70.01022,267.42078,195.28065,8.0,4.0,0
76.82733,200.0,93.25026,0.0049783047,78.66971,54.89707,180.99448,13.909395,20.0,0.0,0
300.2194,200.0,83.13335,0.0037659705,24.773745,41.817616,207.48283,174.12407,17.0,6.0,0
360.4645,200.0,43.396732,0.0015653969,52.75896,58.538845,155.26294,66.756325,22.0,5.0,0
140.63411,200.0,84.285446,0.0012192558,44.248684,35.102055,240.69112,200.17543,8.0,1.0,0
219.55598,201.0,62.3744,0.020840382,36.950817,46.112877,234.38658,245.35464,19.0,5.0,0
130.42624,200.0,134.0022,0.023045428,46.258556,37.116943,485.77423,75.59669,7.0,1.0,0
193.62738,500.0,109.67185,0.003005281,62.533604,36.46735,288.90314,261.64804,21.0,4.0,0
56.736664,200.0,125.48472,0.01432641,22.394182,64.73753,229.6847,337.50192,23.0,2.0,0
165.11157,200.0,119.040375,0.0049506812,25.265322,33.46352,175.29678,175.32713,16.0,3.0,0
468.2157,200.0,144.59633,0.010265307,42.097538,50.82653,207.32144,81.63881,1.0,0.0,0
343.2361,200.0,150.7405,0.006382294,42.7912,49.48832,402.38998,25.844345,11.0,2.0,0
175.05125,200.0,114.021385,0.005606055,39.782024,68.19448,278.61304,212.37256,15.0,1.0,0
698.3051,200.0,148.41722,0.022533387,80.77125,93.72578,309.66296,211.11394,0.0,1.0,1
171.06387,200.0,106.03978,0.0059441105,33.352478,56.520134,180.39706,13.78803,11.0,1.0,0
153.7278,200.0,93.20307,0.0055935136,53.33076,41.17239,291.19513,141.25218,17.0,2.0,0
229.22443,200.0,89.88163,0.010473868,19.286057,24.404514,186.81436,124.932724,3.0,4.0,0
134.07085,200.0,59.159264,0.006839001,28.21523,76.09741,380.37085,164.54207,12.0,2.0,0
260.7953,200.0,42.26636,0.0007013343,50.200676,38.16883,251.85141,51.483093,19.0,4.0,0
173.18466,200.0,95.70037,0.0124264695,56.074615,48.11999,154.01808,69.87834,13.0,1.0,0
158.44238,200.0,105.37845,0.015342052,44.776806,41.8817,420.23206,156.482,20.0,4.0,0
273.90427,200.0,106.60418,0.00013471546,63.24058,42.443195,120.42956,231.31734,15.0,3.0,0
203.67122,200.0,69.38194,0.05576755,29.5583,44.400448,289.01743,190.34608,1.0,3.0,0
265.20148,200.0,29.971563,0.0018432153,22.34425,64.21344,323.28745,216.08437,4.0,1.0,0
307.4518,200.0,120.4725,0.044399142,91.58313,86.58177,443.08646,222.2368,18.0,4.0,1
166.47066,200.0,60.32386,0.026870035,43.317234,56.347164,243.34135,0.0,16.0,0.0,0
47.05179,200.0,155.68402,0.010481843,17.974669,42.783955,215.94142,92.71645,8.0,5.0,0
155.14568,200.0,97.87422,0.009605727,70.36919,31.759407,36.97051,64.33319,3.0,5.0,0
158.85513,200.0,88.56247,0.033953957,65.34994,70.333336,220.38313,132.98448,10.0,5.0,0
256.67123,200.0,135.33154,0.00048439027,52.062977,54.172863,295.38492,193.93292,2.0,6.0,0
228.66814,200.0,74.81944,0.0050242506,51.321926,69.67915,334.69095,132.17953,10.0,6.0,0
302.8933,200.0,97.51531,0.02310688,25.903467,39.582584,0.0,105.5898,23.0,5.0,0
83.44119,204.0,108.053856,0.00907019,47.29248,45.35585,211.98814,123.949814,17.0,4.0,0
246.21626,200.0,70.32366,0.0063411556,32.345207,55.1282,295.11746,135.49014,18.0,3.0,0
147.84344,200.0,99.32956,0.0016420003,39.078762,79.75955,253.13043,172.70528,10.0,5.0,0
180.3495,200.0,73.57142,0.01761023,31.5212,39.178886,397.1046,122.995476,1.0,5.0,0
94.35481,302.0,99.79116,0.005974369,14.62822,32.08671,238.56905,243.3277,12.0,0.0,0
275.68634,200.0,110.734764,0.021136027,8.028315,24.952988,226.5476,74.44025,17.0,4.0,0
165.34955,200.0,129.55948,0.026193958,43.096428,50.16787,193.83946,16.562471,11.0,0.0,0
105.089615,200.0,95.29003,0.01842297,35.04466,17.567093,537.24615,158.59607,14.0,4.0,0
121.81442,200.0,100.120155,0.005729802,50.17001,49.899834,117.50903,294.1032,17.0,6.0,0
144.67506,200.0,39.359646,0.0002503664,49.878624,31.40728,215.75508,174.0475,2.0,3.0,0
116.83905,200.0,149.8224,0.0047614,70.86428,50.24137,231.32516,216.1664,13.0,1.0,0
146.76807,200.0,51.717575,0.012407451,39.50725,35.988796,137.60884,169.77005,5.0,2.0,0
265.9577,200.0,94.064804,0.005567443,43.14938,53.384315,278.82816,196.5815,8.0,4.0,0
276.49655,200.0,60.929882,0.0028395322,65.082924,41.869972,339.5271,168.93935,9.0,2.0,0
306.79044,200.0,110.81153,0.0040982165,50.7539,86.657684,94.31516,187.41292,6.0,5.0,0
189.78104,200.0,95.57065,0.013066645,55.10884,49.43315,330.0651,132.57138,14.0,3.0,0
217.78906,200.0,115.05234,0.010979351,39.498066,36.97806,194.44542,0.0,0.0,6.0,0
339.67953,204.0,104.10538,0.0047401623,7.733933,45.926052,204.82655,161.81094,21.0,6.0,0
36.839497,200.0,113.531395,0.013877428,63.300655,78.02123,216.89479,285.1707,18.0,1.0,0
138.64853,200.0,116.77415,0.005618218,42.711304,62.707615,349.5432,14.228309,0.0,5.0,0
68.844734,200.0,83.61451,0.031990536,52.50782,29.701616,23.265455,105.40545,21.0,6.0,0
196.76732,200.0,98.92415,0.021602068,37.562767,51.28979,205.67953,160.96425,6.0,5.0,0
55.43202,200.0,114.51119,0.00031677593,52.383583,69.46712,233.7244,105.468704,18.0,1.0,0
140.0254,200.0,123.76415,0.017527457,33.40606,50.258293,232.8654,254.58813,3.0,3.0,0
460.46255,200.0,45.374496,0.010334421,18.410923,85.01028,399.95898,137.8565,2.0,0.0,0
226.68217,200.0,66.305565,0.0192159,20.067009,42.55012,233.6371,257.13647,12.0,0.0,0
249.0073,200.0,55.470207,0.0021999378,25.143347,55.226753,362.4908,301.40048,13.0,2.0,0
221.97057,200.0,116.61628,0.00019975958,48.2103,58.308876,304.48453,147.3856,4.0,0.0,0
255.68608,200.0,90.459404,0.006244243,78.45853,21.444628,203.99425,98.852066,10.0,0.0,0
112.97722,200.0,105.35761,0.003756428,25.808994,47.011757,347.75476,148.64513,6.0,2.0,0
341.2788,301.0,94.452805,0.0070331623,30.090147,67.22426,362.7799,152.59845,10.0,6.0,0
711.2156,200.0,175.37393,0.033289976,88.09026,98.70047,447.01724,388.9972,2.0,0.0,1
132.2832,200.0,94.25648,0.0023216323,59.998146,73.471176,328.05923,113.03725,0.0,0.0,0
189.68593,200.0,117.024574,0.0140440455,56.043945,74.42884,394.18118,163.94154,15.0,3.0,0
334.81998,200.0,94.02651,0.0076929526,39.072945,64.668,344.26773,282.4466,16.0,4.0,0
95.632484,200.0,115.78446,0.0012583269,50.533092,48.76085,300.70212,57.709106,3.0,0.0,0
396.34894,200.0,137.54312,0.006845936,48.549656,42.605858,103.200096,206.33838,14.0,5.0,0
179.74893,201.0,128.58836,0.012042956,44.933174,33.748528,280.3535,84.99437,4.0,3.0,0
155.31209,200.0,102.91866,0.02638575,48.990948,54.401882,331.4676,78.5295,14.0,0.0,0
219.69177,200.0,106.85716,0.0027373075,55.41987,41.607517,267.19867,89.070816,7.0,3.0,0
185.6319,200.0,108.998695,0.009552067,35.918636,42.86441,330.613,103.193665,4.0,4.0,0
223.89868,200.0,117.311325,0.030326642,46.1605,67.36179,95.16729,144.881,0.0,5.0,0
158.73126,200.0,73.363106,0.0012076482,50.512,60.949528,278.53137,142.6511,7.0,0.0,0
180.20445,200.0,171.31673,0.02482981,30.739763,44.625168,241.70418,180.22937,18.0,6.0,0
213.1615,200.0,153.65015,0.00015997303,39.677273,57.581654,344.9777,93.67251,3.0,6.0,0
108.98182,200.0,126.67884,0.01324983,41.823425,44.924927,237.549,244.3626,7.0,5.0,0
105.34842,200.0,93.60001,0.022914976,17.75315,40.30567,165.49675,253.921,19.0,1.0,0
210.57214,200.0,152.80482,0.0008471187,41.319866,47.747837,292.80643,43.290928,21.0,5.0,0
5879.4873,500.0,52.549984,0.20464882,54.38915,72.45502,319.73282,207.2835,7.0,5.0,1
297.0728,200.0,79.914894,0.0011996118,50.956215,82.908905,170.68408,134.07907,23.0,4.0,0
191.49454,200.0,120.975555,0.0021147158,19.65453,61.895977,245.48299,209.5519,11.0,6.0,0
201.03816,200.0,99.18948,0.02392001,4.136885,50.18202,80.72102,0.0,22.0,4.0,0
134.34372,200.0,84.46509,0.009187484,40.731125,54.681942,277.16965,174.1531,9.0,4.0,0
148.44171,200.0,67.61402,0.005465806,46.26682,43.918617,169.6273,92.87172,6.0,5.0,0
260.28824,200.0,76.01495,0.00090471713,52.943916,66.1845,276.30997,136.69052,0.0,2.0,0
174.23885,200.0,79.164795,0.0043813307,40.72406,70.31279,148.74312,95.29788,3.0,2.0,0
341.8,200.0,87.55577,0.0020106134,37.23396,18.048918,71.046074,198.07463,21.0,4.0,0
149.62508,200.0,95.087715,0.011128773,26.754993,44.737984,214.6807,209.63762,7.0,0.0,0
174.81401,200.0,123.24672,0.0039417148,57.89896,25.521038,121.83003,154.2836,5.0,6.0,0
308.23346,200.0,109.22092,0.000511456,30.392511,29.07027,345.18442,137.18117,0.0,0.0,0
146.92636,200.0,97.77889,0.013286208,19.975069,64.68851,229.01534,174.31264,4.0,2.0,0
132.07922,200.0,78.35455,0.0026727107,16.980356,61.928337,211.05876,171.21597,13.0,6.0,0
139.12378,200.0,67.018326,0.014394724,68.24779,33.2327,335.387,304.1446,20.0,2.0,0
192.59016,200.0,41.986202,0.010653139,14.981048,44.931305,240.04504,122.052475,3.0,2.0,0
112.88761,200.0,75.01542,0.0034184137,23.362915,34.41669,195.20467,110.027725,15.0,5.0,0
163.79225,200.0,108.37187,0.01571299,38.16495,64.56544,107.160995,198.20857,18.0,2.0,0
143.12134,200.0,92.99209,0.0038013987,39.795834,57.64026,255.4839,79.329285,9.0,2.0,0
107.30381,200.0,95.54862,0.0015500602,12.8398075,62.52171,227.62012,177.8951,21.0,2.0,0
390.42014,200.0,81.66812,0.0280455,43.137398,52.85266,302.3297,90.85435,4.0,4.0,0
274.94653,200.0,77.458595,0.005686229,37.648235,32.132725,59.376514,106.66754,4.0,0.0,0
307.25137,200.0,134.7394,0.0007042765,24.976467,46.89078,301.91605,139.13504,18.0,5.0,0
337.60217,200.0,81.50129,0.014505556,30.932247,18.140352,188.24663,87.2253,0.0,2.0,0
234.89233,200.0,145.0221,0.0058151004,38.765823,58.00003,136.85472,0.0,19.0,0.0,0
133.55049,200.0,51.124203,0.01735394,31.398222,30.139791,314.70993,259.26517,11.0,5.0,0
176.03468,200.0,75.88802,0.0015914057,50.60161,44.184387,308.30646,95.87048,21.0,4.0,0
133.25972,200.0,82.979645,0.0036420077,18.701225,47.70738,231.11511,237.70021,23.0,4.0,0
170.86702,200.0,157.99582,0.0011905675,38.359837,55.675964,44.7891,24.685024,9.0,6.0,0
150.62752,204.0,96.57546,0.004529935,35.207462,27.990864,307.11313,83.28369,2.0,2.0,0
4342.4062,502.0,92.84662,0.29707986,45.499645,57.624733,345.33762,245.78345,12.0,1.0,1
177.7948,200.0,96.17228,0.008266923,21.992882,42.607323,222.12398,179.97032,16.0,0.0,0
63.929203,200.0,143.56131,0.00799841,33.049103,36.626892,233.08743,131.85681,5.0,6.0,0
184.65248,201.0,118.218475,0.0026862733,38.38184,39.010036,542.5644,231.52295,10.0,3.0,0
133.1657,204.0,60.00413,0.008740254,20.854187,48.993847,355.5282,149.34229,16.0,1.0,0
263.27298,200.0,94.41923,0.010828501,32.345882,36.712135,21.04447,42.07838,2.0,6.0,0
494.30725,200.0,74.373566,0.011012566,57.29797,49.54341,244.69173,143.78288,16.0,2.0,0
134.86937,400.0,75.3761,0.007644289,49.73792,64.00232,211.29762,8.963251,7.0,1.0,0
246.54128,200.0,103.66746,0.0028848157,34.36708,56.244434,110.83007,65.417595,4.0,0.0,0
125.83406,200.0,139.4481,0.0057501197,0.0,24.356295,311.76404,34.28348,19.0,5.0,0
269.9961,200.0,88.756485,0.014515036,47.446365,28.213757,274.12485,237.12473,18.0,1.0,0
7304.462,504.0,117.87412,0.13096093,68.80471,42.835022,323.26678,212.1608,11.0,4.0,1
65.71578,200.0,103.81894,0.0035948486,55.633324,34.612823,347.5936,91.1397,9.0,1.0,0
60.557716,200.0,153.81015,0.0015650318,49.732677,44.84334,261.20273,142.46114,23.0,2.0,0
196.67001,200.0,124.88463,0.014858501,49.533775,39.914963,119.770004,83.77256,15.0,0.0,0
293.4304,204.0,115.5579,0.007007414,41.92897,68.139465,186.16087,81.40601,7.0,3.0,0
260.02054,200.0,124.89676,0.0022948734,22.52748,53.171356,226.10889,86.435974,8.0,6.0,0
329.4427,200.0,129.30786,0.00014725307,41.94013,51.28554,335.53415,69.1267,8.0,2.0,0
4650.9834,503.0,125.51351,0.12383009,71.23577,75.28452,6614.139,8322.143,5.0,6.0,1
186.00136,200.0,120.702194,0.01311999,5.661049,58.908302,396.49414,28.11341,5.0,2.0,0
177.13304,200.0,100.10116,0.003013871,25.347868,28.19041,217.59598,273.36508,7.0,3.0,0
144.58942,200.0,63.276722,0.00087710505,42.495148,55.898033,249.68912,186.09843,21.0,6.0,0
163.14566,200.0,111.93235,0.028110592,63.510426,57.825558,101.70184,152.29295,19.0,4.0,0
341.89087,200.0,125.93548,0.0018043448,52.53564,59.435898,256.45718,126.743065,20.0,0.0,0
286.63235,201.0,119.74112,0.032697465,47.116333,64.76626,225.75545,238.50027,18.0,5.0,0
140.59773,200.0,85.73936,0.013766566,22.562101,28.07129,159.7659,193.54286,16.0,1.0,0
163.7656,500.0,113.33119,0.004683595,38.833473,51.92757,144.07063,258.0835,3.0,5.0,0
289.6318,200.0,151.741,0.03565689,36.01712,54.95235,425.62378,139.80421,15.0,6.0,0
199.56848,200.0,91.583176,0.00528878,39.939293,30.678268,316.94528,197.39757,1.0,4.0,0
297.10934,200.0,109.896774,0.0026452697,39.476955,71.79573,359.63132,105.75793,2.0,4.0,0
134.06578,200.0,63.989075,0.013841686,45.729618,59.37657,291.4898,103.41246,14.0,4.0,0
208.67328,200.0,47.61656,0.006481363,39.012947,58.816776,153.36174,51.787548,14.0,2.0,0
138.8622,200.0,127.653984,0.0031698204,40.090076,60.69288,277.54068,306.37946,19.0,4.0,0
71.26023,200.0,143.21722,0.023064286,58.848667,42.92734,301.18274,260.41162,13.0,4.0,0
128.74142,200.0,100.84063,0.00063699466,58.130096,44.567116,294.89844,216.94342,13.0,4.0,0
75.701454,200.0,88.13571,0.005133012,77.478516,55.602173,113.82301,159.63457,15.0,3.0,0
148.15944,200.0,82.42733,0.014766077,45.00631,27.539967,132.65433,146.85165,1.0,5.0,0
244.48428,200.0,91.44857,0.012169248,48.24205,53.37207,321.28967,241.93633,14.0,6.0,0
138.28244,200.0,148.57048,0.0001223323,77.30169,46.33375,351.09244,152.68161,7.0,2.0,0
303.52606,200.0,134.33948,0.0008481613,23.41413,37.18982,184.24251,92.050385,22.0,2.0,0
175.94623,200.0,76.3347,0.012795296,32.207947,56.466496,74.99596,195.30327,17.0,1.0,0
222.66992,201.0,106.64926,0.0140941795,35.6258,18.215658,183.49553,94.26974,18.0,0.0,0
99.59635,200.0,81.14872,0.009873973,52.48259,23.562405,377.11737,159.26851,11.0,5.0,0
328.39688,204.0,84.356606,0.010685186,44.91573,67.13478,226.50607,202.55862,20.0,0.0,0
234.12064,200.0,107.8805,0.008556598,31.29646,48.38551,308.01562,279.00616,10.0,0.0,0
183.10597,200.0,26.377293,0.0009824263,9.678795,75.24725,338.01913,172.16527,2.0,0.0,0
169.13136,200.0,89.22104,0.0046989224,31.282309,57.46355,273.9831,114.57026,15.0,6.0,0
417.12885,200.0,75.448296,0.011243384,41.813583,85.1529,397.9285,193.79002,3.0,4.0,0
80.856445,200.0,113.55865,0.00013171378,46.637634,48.88514,354.46005,116.05083,17.0,0.0,0
185.07152,201.0,74.41215,0.027939126,23.153086,54.76651,324.85977,122.54262,13.0,0.0,0
302.92532,200.0,97.46091,0.016337119,37.84112,66.893364,226.45914,142.05312,9.0,1.0,0
190.01807,200.0,120.65002,0.012051082,39.61475,43.82848,339.04703,160.86758,6.0,4.0,0
118.90389,200.0,43.95066,0.0062671374,44.0288,51.563053,267.942,84.03537,22.0,3.0,0
135.16774,200.0,94.675575,0.006866498,59.875893,55.70082,299.46332,216.76056,8.0,0.0,0
360.40878,200.0,88.85811,0.016083747,26.088428,46.78597,173.57762,98.08472,22.0,4.0,0
9836.316,504.0,85.21065,0.15132253,95.36701,89.319405,5738.2427,5372.209,1.0,4.0,1
175.12485,200.0,107.3164,0.017881954,43.434944,53.75273,336.28012,107.819725,1.0,0.0,0
371.8625,204.0,52.816517,0.009860333,23.38989,44.782864,402.0749,159.862,3.0,1.0,0
139.10606,200.0,55.29067,0.0028880655,57.00562,58.12411,98.109215,93.9325,19.0,5.0,0
199.66615,200.0,77.05576,0.021659588,45.418327,44.590878,212.61946,169.789,10.0,4.0,0
58.562904,200.0,75.43773,0.00040090067,38.98074,41.952766,334.73093,308.65543,19.0,6.0,0
273.76733,200.0,109.2797,0.021365382,43.332073,55.17279,143.74516,166.76791,14.0,5.0,0
9319.318,500.0,113.80558,0.13395098,30.26302,77.360306,358.01016,116.4869,19.0,0.0,1
8256.181,503.0,59.594917,0.19390084,80.819435,76.10369,6325.688,9498.252,6.0,2.0,1
165.2789,200.0,114.89807,0.0004980417,53.50155,69.55276,133.65689,316.6498,9.0,4.0,0
217.14815,200.0,91.042015,0.020558704,37.47309,58.70402,239.57608,128.71382,0.0,6.0,0
187.69513,201.0,64.08527,0.009641484,45.61225,62.91686,478.73532,211.43576,10.0,0.0,0
349.27734,200.0,93.13064,0.013226779,19.333574,64.22236,142.95132,44.073376,6.0,6.0,0
240.64355,301.0,90.68549,0.003913311,14.554711,39.29461,378.93915,55.18574,9.0,2.0,0
221.87256,200.0,47.73223,0.010752373,39.146744,37.276085,413.18805,285.5239,19.0,0.0,0
144.96985,200.0,125.233925,0.01000567,41.06518,61.74645,268.21997,200.94626,14.0,6.0,0
174.11665,200.0,113.1389,0.0033529573,30.329039,44.475796,225.99538,104.702385,10.0,0.0,0
178.14542,200.0,51.532337,0.041543107,43.41922,68.31217,180.61523,220.10756,19.0,3.0,0
411.40555,200.0,150.6976,0.0015752292,27.14119,60.33851,368.61615,98.55342,19.0,4.0,0
152.71843,200.0,117.967384,0.012645564,29.777016,38.83784,1.4346215,27.078266,9.0,6.0,0
51.988224,200.0,45.29511,0.0024055191,25.813635,44.464706,384.9923,91.544266,20.0,2.0,0
268.41547,200.0,115.91712,0.013357979,40.229202,10.326442,215.5811,0.0,1.0,1.0,0
173.1735,200.0,79.206535,0.013253202,61.425457,49.314777,156.35658,170.69458,19.0,1.0,0
376.80435,200.0,106.96366,8.757624e-05,50.582424,62.98813,56.812073,109.52494,16.0,2.0,0
159.67804,200.0,73.749176,0.009274005,49.542355,46.279575,209.54839,80.37024,14.0,0.0,0
208.62656,200.0,80.60259,0.019561902,54.28684,32.721725,351.23447,61.961113,4.0,1.0,0
110.90624,200.0,71.69541,0.010214062,29.981113,48.57297,447.65674,228.8159,12.0,0.0,0
140.40515,200.0,131.40729,0.015483093,40.49911,70.55263,101.33727,216.94934,23.0,3.0,0
242.7967,204.0,102.49003,0.002609071,59.993187,36.3713,332.9127,73.98894,7.0,5.0,0
1206.6565,200.0,154.46968,0.021885172,59.14393,63.19937,8974.379,9981.005,4.0,6.0,1
164.48178,302.0,67.34448,0.0018877652,43.519123,36.73446,183.1919,141.80536,12.0,0.0,0
185.37993,200.0,118.48519,0.008540857,41.070198,77.44991,331.52588,121.725235,10.0,6.0,0
252.27614,201.0,63.55499,0.0076632774,50.180138,70.04101,58.24314,78.22467,15.0,2.0,0
269.13382,200.0,53.44081,0.00548211,48.79661,43.097828,139.32587,99.48847,1.0,0.0,0
211.60233,404.0,89.06719,0.031424873,41.682804,35.527306,116.236465,133.98012,9.0,4.0,0
251.49321,200.0,110.43088,0.009312289,32.598713,32.203598,334.95767,0.0,5.0,4.0,0
89.0831,200.0,124.47767,0.007026758,59.832687,54.180477,242.7124,219.04346,12.0,4.0,0
222.71829,302.0,61.44441,0.008097766,64.38045,40.476196,286.97812,64.39205,9.0,0.0,0
214.3045,200.0,106.09726,0.004730419,23.762655,53.884922,229.51633,156.68741,18.0,5.0,0
69.18562,200.0,123.11139,0.009306096,44.12501,56.305542,147.92395,97.23763,18.0,0.0,0
157.70114,200.0,28.225454,0.0013800221,36.13117,64.15018,195.78748,292.4398,1.0,1.0,0
143.18445,200.0,68.03675,0.013920003,53.48855,35.416424,151.6988,242.01584,9.0,0.0,0
161.56215,200.0,123.32607,0.011326518,8.3778,59.383488,184.53027,231.85703,2.0,1.0,0
177.98613,200.0,104.72232,0.00367558,65.6972,52.55242,148.5592,254.79709,19.0,5.0,0
137.78827,200.0,39.48133,0.013469527,29.994097,72.553154,429.33725,49.372505,11.0,4.0,0
162.81819,200.0,133.24594,0.007789917,41.335308,70.612015,358.36343,26.767189,7.0,5.0,0
82.82727,201.0,102.65102,0.020605741,25.33931,30.504395,174.74892,292.45248,18.0,5.0,0
89.583145,200.0,103.798485,0.01078032,18.629776,48.400307,305.58316,172.85863,13.0,2.0,0
109.63205,200.0,122.78023,0.009001574,42.746223,33.54811,163.06004,13.926739,23.0,6.0,0
401.63248,200.0,92.89411,0.0044398447,59.86917,23.573765,299.27548,29.397614,22.0,0.0,0
206.12653,200.0,64.19513,0.011942453,45.106194,50.06916,206.5207,159.68652,15.0,3.0,0
108.28815,200.0,84.0815,0.015441408,51.86637,61.0279,207.59924,194.05653,21.0,2.0,0
190.26053,201.0,104.42798,0.0105793495,42.793377,42.88689,305.26318,36.020515,11.0,5.0,0
202.45842,200.0,116.422386,0.0034239464,41.406006,51.23013,415.02094,155.33415,4.0,2.0,0
80.219315,200.0,48.84133,0.0022992527,35.107662,48.54487,125.85609,185.87534,15.0,2.0,0
208.03099,204.0,89.61471,0.003525428,66.13562,64.441925,93.04722,236.14772,23.0,6.0,0
167.01424,200.0,74.27836,0.016989963,39.59689,29.684998,160.35825,116.5398,16.0,3.0,0
136.86745,200.0,63.267693,0.0020134803,44.096386,49.098125,300.23483,142.39542,3.0,6.0,0
272.0743,200.0,135.57231,0.008585416,26.49918,66.006645,255.11998,110.23692,1.0,2.0,0
247.09929,200.0,86.04318,0.0067205667,41.495342,58.919476,264.00476,184.40855,13.0,1.0,0
254.04216,200.0,175.91574,0.017543824,43.02375,51.67087,238.39929,113.980125,3.0,1.0,0
119.27476,200.0,74.87546,0.0119991,44.19167,53.061535,183.64203,223.09952,11.0,5.0,0
188.06348,200.0,71.297615,0.0012095319,31.847713,46.6441,135.7154,286.48477,0.0,1.0,0
246.31944,301.0,56.507545,0.0054731374,49.33982,29.057383,276.39954,177.77766,21.0,3.0,0
90.6638,200.0,104.096535,0.024754796,40.10421,73.23858,251.33995,183.1109,13.0,4.0,0
145.066,200.0,123.94323,0.0036384088,51.048603,50.041424,258.9127,145.05695,8.0,5.0,0
426.469,200.0,95.184616,0.011026588,31.27159,46.70808,278.84747,233.67654,18.0,6.0,0
141.03564,200.0,100.51809,0.00052696484,50.845936,52.012253,155.76732,173.03287,13.0,5.0,0
200.99898,400.0,135.85149,0.015452117,47.568874,41.881783,306.53088,0.0,15.0,1.0,0
252.30408,200.0,148.30086,0.023920301,56.35158,53.008507,309.65057,300.20908,19.0,0.0,0
130.93036,200.0,63.225414,0.0026464984,52.33337,67.52545,344.56982,77.026825,5.0,5.0,0
160.70473,200.0,85.23187,0.009270875,55.272205,30.406185,106.852036,172.15427,2.0,5.0,0
171.97324,200.0,104.67672,0.029571356,56.51786,45.360565,227.23804,175.07706,6.0,1.0,0
227.17038,200.0,119.03494,0.0120388875,16.141594,76.878685,354.1686,173.83334,5.0,0.0,0
97.431145,200.0,97.00824,0.025676247,25.814837,31.765759,274.28687,303.8603,11.0,3.0,0
166.47206,200.0,179.28731,0.01466419,49.522537,50.98661,319.69986,58.250927,4.0,4.0,0
213.48438,200.0,131.87883,0.0027124109,31.5887,60.340057,239.50905,269.64536,23.0,1.0,0
124.568726,200.0,103.94432,0.0030258107,0.0,29.250618,277.68973,191.05714,7.0,1.0,0
314.3978,200.0,68.17482,0.0043471865,28.728998,70.04168,154.07819,157.3819,17.0,5.0,0
374.9784,200.0,121.55439,0.0055539287,45.69021,62.30247,184.51845,56.5797,17.0,1.0,0
120.49594,200.0,104.365776,0.0025739968,22.77339,44.485725,288.3059,179.71149,17.0,0.0,0
150.69522,200.0,118.75979,0.014320411,30.102945,33.124184,235.1998,178.96007,16.0,0.0,0
259.48358,400.0,133.92496,0.0022717353,39.36582,36.086494,200.98839,236.8793,6.0,0.0,0
214.37244,200.0,129.45616,0.0017570966,22.834099,70.78717,362.26794,228.83891,0.0,0.0,0
196.92995,200.0,151.72835,0.013353799,38.60858,42.954742,181.75706,170.19975,11.0,4.0,0
216.45627,200.0,180.55916,0.02808313,28.515299,80.140434,494.42007,205.82524,3.0,0.0,0
228.43472,200.0,85.20069,0.0025274777,32.75917,43.225048,214.60033,291.75113,15.0,4.0,0
136.39691,200.0,105.84971,0.005513964,26.582535,81.7015,387.87454,352.68893,22.0,3.0,0
314.35852,200.0,199.27806,0.028442716,83.92223,96.45361,322.2276,215.68494,22.0,2.0,1
229.74835,302.0,105.73898,0.009395409,49.04685,58.819016,315.84995,127.72141,5.0,1.0,0
271.58218,200.0,95.062,0.0063700806,55.71279,40.132683,377.90833,203.19484,6.0,4.0,0
216.43211,200.0,122.22487,0.00635085,37.836746,43.42334,331.62106,151.64365,23.0,3.0,0
257.6144,200.0,114.36625,0.011538129,24.183027,60.55365,346.07208,123.96592,17.0,5.0,0
167.76868,200.0,86.27046,0.003162584,41.43317,79.995285,359.1104,255.98607,9.0,5.0,0
156.54115,200.0,60.83614,0.009273539,44.25749,42.239723,91.99944,199.98666,10.0,0.0,0
158.11594,500.0,91.83461,0.0072509227,40.593628,60.61605,212.83058,131.68729,19.0,0.0,0
188.6782,200.0,132.23676,0.0017771473,55.218594,77.866135,38.89638,194.03583,7.0,4.0,0
234.72273,200.0,83.00003,0.017789649,35.82333,57.783424,251.47382,96.53374,0.0,6.0,0
215.02748,200.0,35.414474,0.012956054,24.350346,47.306095,98.349785,146.27736,8.0,1.0,0
2609.1536,502.0,58.74783,0.1057975,59.273827,66.88835,264.83017,143.39772,10.0,4.0,1
214.89697,200.0,33.652973,0.004325103,46.962944,50.297066,438.574,169.4403,21.0,1.0,0
130.45506,200.0,57.840313,0.0043993327,50.268093,55.738983,311.27402,184.69617,22.0,1.0,0
118.47651,200.0,97.43981,0.019634893,43.135826,50.589867,131.8192,140.10449,9.0,3.0,0
196.1199,200.0,136.20206,0.0032236918,37.63629,41.769714,242.81682,195.20445,5.0,4.0,0
294.39322,204.0,99.09246,0.0002873965,47.873844,53.873234,71.66467,0.0,14.0,3.0,0
78.61448,200.0,123.04377,0.017483357,49.821068,28.153137,104.197136,130.19727,22.0,4.0,0
167.11823,200.0,97.28376,9.8979384e-05,68.13176,61.494892,297.50894,85.09055,10.0,4.0,0
181.90419,204.0,96.92361,0.0017245624,33.67867,22.265312,227.32413,248.98985,8.0,2.0,0
189.97635,200.0,99.50399,0.0015458951,29.010952,80.7266,366.57812,0.0,0.0,6.0,0
114.050964,200.0,66.88407,0.0069355103,51.654327,51.78967,348.9987,272.7141,0.0,1.0,0
173.3434,200.0,162.3039,0.003952737,18.602518,53.328705,322.27774,123.367966,18.0,2.0,0
352.9955,200.0,84.69346,0.007805354,25.083794,52.23918,318.79218,42.272186,17.0,5.0,0
228.44435,200.0,139.51067,0.0007067387,48.23788,70.66466,363.12634,84.54806,23.0,0.0,0
9355.273,503.0,91.908936,0.23492327,88.99016,79.602356,9770.231,8822.624,17.0,4.0,1
324.56247,200.0,97.52235,0.0032525107,40.09804,92.515915,318.88144,245.64638,11.0,3.0,0
132.49673,200.0,131.03972,0.01254813,27.136063,62.169888,173.7823,0.0,19.0,5.0,0
405.7136,404.0,114.357735,0.0113452,47.313953,45.05624,101.098854,171.02072,4.0,2.0,0
266.89896,201.0,103.10729,0.006811208,36.101166,35.5184,208.03387,100.59118,1.0,1.0,0
142.8586,200.0,72.60379,0.0078031914,75.0338,57.5837,343.22162,103.96359,6.0,5.0,0
227.44896,302.0,110.16112,0.00830061,44.25517,36.685272,195.95529,42.58641,5.0,5.0,0
145.40643,200.0,129.8294,0.017684309,29.234507,56.38059,191.78804,131.15614,9.0,4.0,0
301.81015,200.0,58.21562,0.000103153696,39.771534,54.702087,104.72528,79.15392,4.0,2.0,0
154.97229,200.0,98.18772,0.013138096,29.152172,46.843723,352.0788,214.77626,23.0,2.0,0
330.59177,200.0,120.28142,0.016658492,66.046005,56.87799,216.46037,174.99223,19.0,6.0,0
156.23466,200.0,90.78573,0.0054776696,49.547375,46.71219,333.64813,176.02632,0.0,6.0,0
281.80475,200.0,110.78557,0.0132663995,66.34579,69.489426,322.19885,187.1931,1.0,0.0,0
170.19946,204.0,126.38983,0.0046883626,26.972145,86.95974,272.48508,282.2112,7.0,0.0,0
83.13794,301.0,67.02156,0.005670109,46.48076,47.046284,60.3586,125.05931,4.0,5.0,0
174.94725,200.0,91.731064,0.012413385,32.617847,41.659794,391.9379,169.28331,7.0,5.0,0
98.15833,200.0,48.98517,0.008603048,68.99035,65.57241,73.11263,213.78935,17.0,4.0,0
131.08107,200.0,88.735466,7.167443e-05,40.534058,56.4839,346.6378,99.439606,17.0,2.0,0
198.65408,200.0,57.031433,0.019324291,41.15931,69.1654,7.3467984,228.65115,0.0,5.0,0
122.37278,200.0,67.94236,0.005720049,53.145927,61.594326,262.33813,238.11613,16.0,5.0,0
51.343956,200.0,120.12117,0.0035525218,33.040035,44.881977,350.87112,179.96468,20.0,4.0,0
188.08514,201.0,41.44878,0.0024283086,22.234415,37.234505,299.17633,90.65229,18.0,5.0,0
135.71251,200.0,101.55915,0.0002041217,32.799435,22.38309,89.56194,85.78415,2.0,1.0,0
77.88587,200.0,138.4402,0.00064514094,0.0,43.72835,281.37305,168.68484,13.0,2.0,0
392.01468,200.0,156.37152,0.023363477,33.309357,19.32699,338.68048,44.5799,14.0,3.0,0
129.25806,200.0,79.37629,0.0015843824,57.01387,45.60642,237.05821,114.905975,15.0,1.0,0
110.029945,200.0,77.51976,0.0012886153,50.70155,63.805637,161.41455,133.59827,13.0,4.0,0
206.75465,204.0,88.85376,0.02169075,69.253654,71.234985,245.68523,191.32988,5.0,4.0,0
167.82913,200.0,53.268486,0.021359544,32.612286,50.30829,113.57988,114.29177,12.0,5.0,0
161.35634,200.0,52.663403,0.0031433909,7.8386383,78.53211,195.95972,162.49692,7.0,4.0,0
7416.5435,200.0,80.69439,0.2543751,88.29263,96.10505,7577.68,8397.126,17.0,3.0,1
138.65486,302.0,130.21591,0.0026057127,25.738142,38.15279,216.1675,43.37323,1.0,5.0,0
179.27461,200.0,130.18704,0.00044907414,47.289005,42.055313,343.0615,110.04919,2.0,6.0,0
172.10738,204.0,80.52134,0.017330982,49.1287,59.70274,277.28067,74.43574,16.0,3.0,0
247.21187,200.0,105.42337,0.0019591614,25.630919,51.16962,170.32631,261.52615,9.0,4.0,0
330.69785,404.0,92.763885,0.008369741,52.105984,47.997963,147.69783,110.31559,0.0,5.0,0
147.50879,200.0,130.71283,0.0025606009,73.76016,42.347958,288.47125,192.876,10.0,6.0,0
207.31956,200.0,106.65273,0.0024867088,43.066967,53.8434,384.36652,133.64468,1.0,5.0,0
166.4137,200.0,107.50567,0.004246308,30.28058,66.548164,205.91551,204.40302,16.0,2.0,0
150.50142,200.0,120.58945,0.001515108,25.681137,34.226574,197.90112,185.65576,6.0,4.0,0
245.74435,200.0,101.40658,0.0074294806,58.64233,61.160572,204.42587,158.5446,2.0,5.0,0
244.71686,200.0,73.39186,0.0027801367,53.356857,88.176285,157.90927,185.3279,7.0,0.0,0
228.82259,200.0,119.357346,0.024691705,12.321485,58.50461,220.24168,185.57504,12.0,1.0,0
449.50052,200.0,147.19585,0.04144247,90.49911,94.54369,336.58914,397.23108,14.0,2.0,1
146.903,200.0,85.969215,0.006342981,29.472198,35.8875,188.9304,210.29106,6.0,0.0,0
3906.429,502.0,132.42249,0.12942038,56.892056,40.72192,255.29453,171.1,3.0,1.0,1
170.12865,200.0,95.11625,0.010321141,63.11737,47.620586,197.00046,95.14896,10.0,5.0,0
171.79034,200.0,84.02539,0.013275816,20.993998,45.086452,389.05032,67.36022,3.0,6.0,0
674.9503,200.0,101.20755,0.06484973,63.130325,76.912994,9839.07,9185.026,12.0,3.0,1
141.98122,200.0,81.429146,9.688546e-05,62.13371,65.64219,199.83818,305.99503,14.0,3.0,0
114.62269,200.0,85.16169,0.02668492,21.089859,57.61839,398.33456,125.379654,22.0,4.0,0
209.07521,200.0,68.51322,0.007730902,47.51642,68.502625,255.64124,139.84097,5.0,1.0,0
81.06633,200.0,75.80894,0.0023850577,25.341019,19.363724,213.2755,59.11804,8.0,2.0,0
303.96674,200.0,98.614624,0.022677558,51.209423,49.136917,115.36925,312.87674,21.0,3.0,0
174.41269,200.0,65.816284,0.004129857,48.9192,48.32995,207.14474,231.89505,19.0,5.0,0
298.5551,200.0,123.69717,0.011121467,44.10797,56.394848,219.54398,167.29225,13.0,1.0,0
81.70319,200.0,99.02882,0.012521322,9.474911,41.520466,272.27737,0.0,10.0,4.0,0
234.91641,200.0,71.93635,0.038569007,51.736244,51.51847,307.7476,113.84321,2.0,4.0,0
95.74077,200.0,104.258865,0.0008521145,56.846428,30.454155,241.17728,185.75137,22.0,4.0,0
319.63507,200.0,55.591976,0.013784001,49.921246,49.801926,302.20374,184.18623,10.0,4.0,0
124.89934,200.0,128.21199,0.0051700748,54.97707,31.613659,279.5952,110.39993,11.0,1.0,0
383.28235,200.0,59.89487,0.012948795,33.79454,40.656235,119.8802,225.13441,17.0,2.0,0
140.4026,200.0,86.64656,0.007214042,53.76054,23.049372,98.25954,131.832,9.0,1.0,0
151.62965,200.0,149.87497,0.019004239,31.715542,30.843801,130.06029,143.50969,2.0,3.0,0
102.89969,200.0,74.82135,0.0016089407,34.777393,36.161114,245.93857,141.56946,14.0,2.0,0
479.4165,200.0,120.13576,0.001950883,52.377663,71.54262,226.25111,136.17259,18.0,3.0,0
164.06183,200.0,100.57136,6.972564e-05,49.469048,53.87062,209.5499,103.58522,15.0,6.0,0
200.0405,200.0,147.59956,0.015075289,26.27052,46.789494,300.37976,254.06581,15.0,2.0,0
488.25772,201.0,95.84254,0.0037817492,38.75359,61.926426,296.08972,92.761024,22.0,2.0,0
127.45339,200.0,176.26102,0.0032391949,19.441397,75.89081,242.37335,120.15349,15.0,0.0,0
110.58462,201.0,105.462494,0.034894224,48.070625,59.423286,298.98645,52.42311,11.0,3.0,0
242.00963,200.0,106.76178,0.020156873,43.10696,72.91321,272.23477,108.92032,11.0,4.0,0
121.926704,200.0,159.78946,0.0035773558,48.440212,49.24855,212.62556,179.6714,9.0,2.0,0
501.41495,200.0,152.73683,0.034935884,81.5036,88.23544,368.47232,332.4145,6.0,5.0,1
136.95909,200.0,83.66569,0.0076923436,56.79392,47.36145,460.08005,184.70787,2.0,2.0,0
79.24503,201.0,126.93096,0.0006735123,51.8111,46.487484,308.00323,224.44923,5.0,1.0,0
146.14218,200.0,0.0,0.0031674565,31.699022,57.227673,271.0935,0.0,4.0,4.0,0
64.542786,200.0,99.026764,0.0010910594,51.73173,77.003296,292.65472,205.74094,4.0,2.0,0
2291.889,504.0,81.93358,0.1715398,98.87184,86.97833,8949.183,9354.58,0.0,1.0,1
123.333664,200.0,101.79113,0.005832006,20.229496,30.293056,323.58173,279.31024,0.0,4.0,0
106.83536,200.0,86.42019,0.001163868,64.30405,53.409992,354.61682,7.7466927,14.0,1.0,0
81.773384,200.0,127.58781,0.03041459,60.772137,22.01549,221.17879,189.8564,5.0,2.0,0
158.27692,200.0,96.05313,0.034615606,30.243988,56.85676,427.26364,198.30919,18.0,0.0,0
123.452576,200.0,55.827614,0.009256856,31.285246,44.262306,205.60068,243.84415,9.0,1.0,0
113.28044,200.0,118.32644,0.024946967,47.924168,47.508522,273.72046,189.52814,0.0,1.0,0
128.23271,204.0,116.387955,0.03347303,14.1192,48.26346,245.42216,257.8759,17.0,0.0,0
189.97691,200.0,108.24416,0.002355413,28.719643,54.22358,167.86777,5.918478,18.0,0.0,0
548.4455,200.0,78.0277,0.0043474413,72.18429,47.90498,311.44678,90.07775,19.0,4.0,0
144.76909,200.0,133.96205,0.015061857,36.960384,58.845615,165.20695,242.2739,1.0,4.0,0
3023.273,503.0,97.44473,0.2343401,40.126625,40.574924,332.58035,226.14685,13.0,3.0,1
266.15512,200.0,128.52766,0.006677122,31.059198,28.870443,143.33882,282.0934,9.0,2.0,0
193.26105,200.0,53.57407,0.010988264,43.998817,58.989185,332.6198,146.22571,3.0,5.0,0
354.23553,200.0,103.23333,0.0060026236,43.15383,42.736828,398.14835,161.60599,18.0,1.0,0
211.40634,200.0,108.888535,0.004505862,54.84525,46.320007,411.83627,227.45995,8.0,3.0,0
159.40193,200.0,161.71434,0.0016030894,18.95719,34.36386,296.19345,118.31678,17.0,1.0,0
265.72678,200.0,99.9921,0.0027341507,34.324516,32.766838,268.82074,135.8549,16.0,0.0,0
345.4755,204.0,71.386604,0.009406592,32.871666,27.62446,242.85347,246.40631,5.0,0.0,0
109.476875,200.0,90.86671,0.018566502,61.28567,65.417885,254.03087,229.04002,19.0,5.0,0
164.51749,200.0,91.209984,0.011864087,56.52126,44.99799,313.8692,23.952892,11.0,1.0,0
245.35954,200.0,125.87699,0.00078988605,23.903559,51.990685,217.39604,110.40902,10.0,1.0,0
185.77356,200.0,127.44836,0.004183291,60.807934,32.7594,423.82788,222.70116,4.0,4.0,0
84.22829,200.0,83.23728,0.00582764,22.562532,26.454533,420.22934,70.61063,3.0,2.0,0
372.52368,200.0,87.06747,0.00050827494,40.441494,49.257748,242.2901,181.06606,8.0,6.0,0
315.9706,200.0,69.48055,0.0036922072,30.390657,45.800022,184.66281,137.4518,15.0,5.0,0
32.98755,200.0,105.03119,0.003673133,26.687466,68.34416,12.533757,303.7847,23.0,5.0,0
289.5733,200.0,100.56409,0.004295446,31.83343,57.39532,169.53809,128.26913,10.0,1.0,0
193.43178,200.0,92.5193,0.015716748,26.433933,61.600597,268.7194,158.37732,0.0,3.0,0
304.0312,200.0,122.185936,0.0034595921,34.43506,51.611683,107.8617,54.096542,5.0,3.0,0
203.19344,200.0,118.54046,0.01193099,26.149843,51.813007,232.43932,56.565483,8.0,5.0,0
357.0448,200.0,137.50009,0.004570354,50.69075,54.1227,310.13568,100.17144,19.0,5.0,0
261.10178,200.0,90.70328,0.014723001,46.57795,83.50519,217.08572,30.064962,6.0,0.0,0
249.68657,200.0,69.60207,0.016197758,64.05279,66.96756,338.36014,129.8982,18.0,6.0,0
2858.4243,200.0,132.77853,0.19561185,73.152145,80.907585,6919.1743,9362.309,8.0,0.0,1
225.7429,301.0,117.25115,0.00994242,47.010937,29.646185,137.36678,229.28844,22.0,3.0,0
95.53552,200.0,101.69489,0.00054911175,48.42952,54.27172,133.75676,197.88254,11.0,6.0,0
880.6037,200.0,179.54759,0.066384286,60.946865,75.96141,9972.822,9979.135,21.0,1.0,1
331.09448,200.0,70.37649,0.02134688,23.093412,32.708817,190.40628,118.42043,11.0,5.0,0
106.978714,200.0,63.373375,0.016137384,26.591864,67.878044,234.83916,124.345245,11.0,1.0,0
222.86789,200.0,114.325836,0.0063454336,21.848942,44.24038,352.22763,243.3144,0.0,1.0,0
173.97646,200.0,63.609104,0.026164515,27.694942,65.06738,240.54607,295.91245,18.0,2.0,0
296.89926,200.0,72.605156,0.012346299,46.491207,55.90034,135.49953,140.61731,22.0,4.0,0
243.26471,400.0,62.059418,0.012273121,34.708706,45.652355,344.48398,174.68726,16.0,1.0,0
421.65775,200.0,123.31118,0.0077068754,66.629776,25.328892,308.77866,109.079605,18.0,2.0,0
127.131294,200.0,118.55056,0.005097227,39.080185,3.9023404,306.32843,144.34904,1.0,5.0,0
174.96648,200.0,127.8969,0.004626435,47.378197,35.646996,276.74545,0.0,4.0,1.0,0
161.33951,200.0,109.32497,0.026444757,27.60032,59.04518,300.07208,90.94976,23.0,0.0,0
93.46201,200.0,144.58492,0.0012943712,52.162666,29.791906,212.88383,148.61612,11.0,4.0,0
170.69785,301.0,78.627144,0.0008623642,44.768658,20.614002,187.86064,286.7344,13.0,5.0,0
184.15344,200.0,149.871,0.0015071864,31.325531,32.609123,401.99765,99.460106,8.0,4.0,0
217.73071,200.0,85.7571,0.0007364687,32.732258,56.981625,258.7458,8.794949,10.0,5.0,0
132.63475,200.0,74.16676,0.008737697,32.11893,63.544315,370.9648,101.85384,8.0,2.0,0
2924.4087,200.0,76.49296,0.17598858,96.41575,87.06897,9811.653,8748.551,8.0,1.0,1
87.48392,200.0,78.49706,0.007769937,40.112904,42.343773,18.086119,97.1879,22.0,3.0,0
116.238976,200.0,194.7422,0.0030211639,29.180086,68.43689,138.21136,189.39323,13.0,3.0,0
108.593056,200.0,92.273026,0.010741158,46.48419,19.28562,446.07147,278.80942,9.0,3.0,0
122.3965,200.0,94.57329,9.026544e-05,60.39102,41.148594,281.39636,112.78522,1.0,1.0,0
160.20004,200.0,41.352444,0.021761205,57.47251,58.37155,233.74481,147.42517,11.0,1.0,0
242.93033,200.0,97.89716,0.01570477,43.893707,77.91474,235.54451,263.8169,1.0,5.0,0
348.85202,200.0,53.077595,0.0062838984,19.566217,35.90404,75.68637,313.78143,14.0,6.0,0
121.491806,200.0,147.87926,0.0028759928,38.995415,54.388893,242.79263,52.580677,0.0,6.0,0
187.77739,200.0,107.648315,0.011683924,47.561066,56.85152,21.258698,133.13507,10.0,1.0,0
327.1109,200.0,74.70021,0.00034665372,57.42299,59.12032,244.7026,194.76413,14.0,0.0,0
247.83005,200.0,23.5718,0.032781184,38.993076,63.58158,255.8565,233.1327,23.0,3.0,0
173.46715,204.0,86.315475,0.027738798,72.547104,78.80692,191.84656,219.37025,14.0,5.0,0
101.62428,200.0,57.58506,0.011859116,25.334705,44.90755,91.07114,278.06577,1.0,3.0,0
311.64572,200.0,67.982346,0.012026662,38.82983,54.009975,350.10648,0.0,21.0,5.0,0
605.5424,400.0,93.94609,0.0353972,46.236137,42.7382,343.5185,295.76245,9.0,3.0,0
194.06631,200.0,84.866104,0.0032071637,15.77249,41.105396,248.96869,131.15685,12.0,4.0,0
270.6702,200.0,88.86221,0.009126866,46.157547,58.801666,356.9622,298.5694,1.0,2.0,0
65.514305,201.0,76.352875,0.0015198163,38.992844,43.405518,361.4157,7.7909813,10.0,1.0,0
284.39825,200.0,66.14631,0.0052643945,36.15711,50.427364,238.38623,285.42807,19.0,4.0,0
319.52707,200.0,118.70561,0.03944974,43.530018,42.982094,162.8336,111.26599,15.0,2.0,0
96.61551,200.0,63.78004,0.0015542291,41.445004,39.589382,341.75943,117.84357,17.0,3.0,0
120.23518,200.0,93.40592,0.005965633,46.00407,44.903023,310.30466,50.16059,17.0,5.0,0
247.46329,200.0,104.12625,0.009071622,27.493189,51.57438,275.0198,65.95987,23.0,4.0,0
292.9813,500.0,111.39773,0.001473727,47.50409,50.219067,84.66546,24.050041,9.0,4.0,0
189.46161,200.0,83.00292,0.00020551907,45.36886,52.080334,312.674,0.0,5.0,2.0,0
140.21538,200.0,98.14723,0.016790742,10.990937,59.618355,36.879044,181.71162,16.0,4.0,0
172.73416,200.0,95.39478,0.00538667,47.302563,47.219555,258.57214,133.3034,10.0,2.0,0
93.646164,200.0,37.74559,0.010530161,61.01474,55.24896,198.4637,2.3180091,3.0,6.0,0
225.45695,200.0,113.2722,0.015850676,64.80951,46.643085,193.60887,148.21414,20.0,6.0,0
260.20642,200.0,113.7617,0.0010004094,43.897484,57.10548,196.85825,116.959595,12.0,4.0,0
205.20807,200.0,98.31052,0.0042300103,44.12087,31.237103,270.48184,214.97533,6.0,3.0,0
766.3815,200.0,117.28797,0.0101642255,84.492615,92.51223,450.20526,191.26727,16.0,1.0,1
372.22504,200.0,122.34527,0.009640076,57.8764,59.596806,364.16638,177.13393,13.0,5.0,0
216.00888,200.0,113.07432,0.008067528,43.561474,44.266552,230.72139,226.97977,22.0,2.0,0
320.28934,200.0,59.47027,0.009072695,49.11115,67.15866,420.94418,191.47723,0.0,0.0,0
150.61714,200.0,100.164116,0.0033343607,24.445713,49.76152,194.187,4.9703364,11.0,5.0,0
127.1669,200.0,119.166,0.016383504,59.236332,44.67926,309.85522,5.8791013,14.0,3.0,0
379.6281,200.0,51.905098,0.005045862,34.770634,75.8227,363.72354,184.65742,7.0,1.0,0
216.31339,200.0,107.065605,0.0020573142,52.244045,38.07447,313.1241,236.97484,15.0,6.0,0
134.30539,200.0,131.1444,0.006300683,30.92774,20.945526,298.7845,114.39225,9.0,0.0,0
120.50501,200.0,118.76164,0.003439088,36.681152,63.81469,221.50706,195.96873,20.0,0.0,0
306.40182,200.0,131.54669,0.0024055946,31.398031,35.05467,254.0294,187.71408,3.0,1.0,0
123.724266,200.0,71.31133,0.0002279808,56.554535,35.361706,529.0665,149.93414,13.0,1.0,0
214.66513,201.0,126.89841,0.01761,54.20545,22.581905,204.25854,138.46347,1.0,6.0,0
305.14468,200.0,118.19772,0.029964985,34.102818,61.663147,206.58102,81.116035,15.0,6.0,0
151.45805,201.0,47.83865,0.0043299715,48.19326,39.527164,356.32376,158.62076,22.0,1.0,0
105.64442,204.0,89.32495,0.0049745445,40.328323,54.48077,335.17334,172.79985,18.0,5.0,0
328.21472,200.0,51.65303,0.0041301935,32.30286,47.660107,311.18686,153.57236,11.0,6.0,0
81.20281,200.0,68.08741,0.0005494043,60.393627,45.33651,163.91191,235.65736,17.0,2.0,0
262.84622,200.0,79.763,0.002924112,35.953808,69.30704,121.69933,128.13272,9.0,6.0,0
251.55716,200.0,64.23325,0.0034962206,26.699272,56.489017,223.01791,170.23534,0.0,5.0,0
319.1584,204.0,91.371574,0.012689374,49.31192,45.046707,294.86862,120.75639,11.0,5.0,0
187.63336,200.0,99.72794,0.0027039552,46.55859,64.34232,278.25125,143.08574,20.0,1.0,0
136.37433,200.0,113.28555,0.005759427,44.230537,44.89698,236.48976,180.06223,6.0,5.0,0
241.13321,200.0,44.356407,0.006518335,60.348705,35.430183,338.5076,223.69594,12.0,5.0,0
137.74759,200.0,93.16716,0.00017836565,49.637627,51.936554,169.88321,307.34644,0.0,4.0,0
126.69829,200.0,83.86674,0.02885177,22.408077,49.18675,175.1326,133.74934,7.0,0.0,0
208.1707,200.0,79.203674,0.0055410364,38.14732,76.02739,208.62804,14.0069475,11.0,4.0,0
155.41472,200.0,168.34326,0.003646311,39.904037,49.542747,305.28378,205.6291,0.0,3.0,0
349.84552,404.0,51.72787,0.0030667158,22.693672,46.576435,202.58415,207.00304,19.0,4.0,0
238.53139,200.0,86.46444,0.009911703,48.18197,58.788334,229.72713,141.78464,22.0,2.0,0
133.02414,200.0,143.33812,0.027523648,68.20702,63.868633,292.21207,101.67191,15.0,1.0,0
73.519875,404.0,54.37911,0.0079668,19.52261,53.982983,417.82578,97.91717,4.0,3.0,0
269.96774,200.0,75.27797,0.008211166,16.894749,40.973007,372.31552,80.689384,19.0,5.0,0
86.252426,200.0,72.154434,0.0009161357,45.803307,63.23345,193.43639,30.043879,1.0,1.0,0
158.66039,404.0,108.989235,0.0057709073,17.746574,31.464094,117.54295,133.44374,0.0,0.0,0
29.7573,200.0,53.779907,0.017385028,29.692745,53.673454,115.38975,125.93386,15.0,5.0,0
149.43706,200.0,124.74071,0.021133477,48.646633,52.569077,304.9783,155.5481,2.0,6.0,0
221.44289,204.0,116.64237,0.0026843406,37.955936,70.675285,45.52517,99.3338,10.0,1.0,0
241.50607,200.0,112.82789,0.0044564814,43.225418,38.453804,150.65869,137.55835,21.0,5.0,0
157.70209,200.0,111.25864,0.021739945,46.232826,53.166042,59.411713,191.80756,22.0,2.0,0
163.33415,200.0,46.434933,0.0030507154,31.53085,63.694202,246.77008,321.28125,15.0,2.0,0
182.01425,201.0,129.03337,0.015580249,31.962332,42.536385,119.519165,131.81819,13.0,0.0,0
202.26181,204.0,84.15261,0.016751574,44.844017,31.756626,205.33644,195.60031,10.0,5.0,0
124.90073,200.0,82.139885,0.013421496,36.019764,48.694088,301.08838,89.62395,13.0,1.0,0
197.03587,200.0,94.57077,0.02455987,35.400055,58.484314,294.65118,169.5216,23.0,0.0,0
339.07788,200.0,89.43599,0.013761357,88.26539,98.78672,254.90758,215.30739,1.0,2.0,1
213.63399,200.0,126.86323,0.022568516,33.213783,42.575386,225.02052,277.73587,3.0,6.0,0
371.70224,200.0,165.8792,0.023627888,42.46604,57.779037,232.84355,193.58125,10.0,3.0,0
618.85,200.0,165.48354,0.027316233,90.21094,94.34086,345.08704,316.88205,6.0,2.0,1
158.55421,200.0,121.20553,0.009009907,9.257394,46.568466,286.574,83.12179,10.0,3.0,0
197.61345,200.0,102.284004,0.0064256904,58.732285,69.79922,276.9545,31.773735,2.0,5.0,0
142.06958,200.0,84.45504,0.0014189546,58.346767,47.84858,173.71509,163.3916,17.0,3.0,0
127.70808,200.0,59.28618,0.016676676,45.88694,24.969065,255.06161,129.35472,14.0,5.0,0
197.23184,201.0,82.1353,0.008522959,14.465897,66.000404,252.75227,94.08227,8.0,6.0,0
227.36165,200.0,132.06387,0.0012723742,48.85415,36.74522,211.53444,170.26764,2.0,0.0,0
238.63512,200.0,81.697655,0.00162148,37.19731,38.891373,230.78423,144.94705,21.0,2.0,0
223.3237,200.0,80.079704,0.015588303,23.793783,50.073284,237.6655,191.29697,6.0,5.0,0
94.259094,200.0,96.952614,0.002785686,41.68621,68.17634,445.46017,205.35704,21.0,4.0,0
153.73396,200.0,101.65637,0.010767395,16.245779,43.302902,396.76678,173.76378,3.0,4.0,0
360.38104,500.0,125.7177,0.0037485587,21.68322,39.36251,277.15015,156.11131,21.0,4.0,0
236.75299,200.0,118.1742,0.0044313087,29.840977,46.182396,203.01834,77.798584,20.0,4.0,0
257.03638,200.0,124.351555,0.00220119,17.878645,53.6468,190.39313,171.93954,20.0,1.0,0
116.87391,200.0,142.42662,0.013018709,30.054522,31.391396,309.32983,82.56542,7.0,2.0,0
138.63757,200.0,77.72404,0.0054014614,0.5704694,38.733624,357.47113,40.454998,4.0,2.0,0
137.3314,200.0,122.55713,0.0034644932,64.04724,48.65117,158.00887,210.3131,5.0,3.0,0
160.19745,200.0,120.66908,0.01975856,46.79461,61.142056,125.71588,290.7339,12.0,3.0,0
159.87209,200.0,111.03703,0.015044664,55.65574,49.983067,311.6895,167.02538,20.0,2.0,0
142.83699,400.0,8.328732,0.002351225,48.560146,34.232384,219.70364,198.65193,18.0,6.0,0
171.21532,200.0,103.69992,0.0014120911,40.52457,57.50808,391.19363,0.0,6.0,6.0,0
308.32104,301.0,98.24711,0.0019032096,49.64723,62.60553,404.81628,97.77205,16.0,3.0,0
269.00684,200.0,65.33065,0.008497617,36.371414,21.611618,222.07231,187.67558,11.0,3.0,0
312.5536,200.0,60.230923,0.0048347367,35.26746,29.80368,303.22357,1.3213559,18.0,5.0,0
141.93623,200.0,100.7698,0.0064277495,46.29597,50.834404,317.0753,106.72062,4.0,1.0,0
186.05702,200.0,130.01645,0.030936958,41.090412,22.626461,318.46194,267.93658,22.0,3.0,0
122.07023,200.0,125.7572,0.01211601,32.425323,38.781742,405.19037,51.660706,6.0,3.0,0
83.08439,200.0,120.17935,0.0081043495,41.903934,49.895107,366.45142,149.33905,14.0,0.0,0
74.5009,200.0,102.78922,0.010344907,63.886703,62.77445,184.8287,185.85513,18.0,0.0,0
156.22697,200.0,114.45288,0.00046718176,13.260311,84.25583,220.82928,217.08922,16.0,2.0,0
212.84756,200.0,124.174034,0.020946065,22.298878,58.72239,244.57289,240.73022,10.0,3.0,0
107.84087,200.0,108.19437,0.0041166185,39.139183,21.987234,147.07066,80.62405,6.0,4.0,0
269.82498,200.0,85.4111,0.0054421662,30.331453,43.821465,313.48007,38.886,10.0,0.0,0
165.99739,200.0,71.17063,0.005918905,52.623318,52.792923,219.20932,106.68533,7.0,1.0,0
136.1095,200.0,128.35356,0.013918552,38.421196,29.019632,276.34073,189.06729,1.0,6.0,0
99.71208,200.0,118.701195,0.009942139,33.550743,64.7783,319.79993,132.0745,22.0,4.0,0
247.83142,200.0,99.24095,0.012676426,45.617077,49.64595,112.327545,44.4928,5.0,2.0,0
208.30539,200.0,92.621506,0.013415691,50.1782,30.535572,219.00307,83.640465,16.0,1.0,0
261.03024,200.0,96.99333,0.023756621,43.633644,21.029264,12.961394,31.475044,17.0,4.0,0
287.91595,200.0,119.923164,0.0032010346,39.775406,50.46035,53.034317,145.43518,9.0,3.0,0
213.35675,200.0,112.76922,0.0261393,40.598503,67.02754,262.59744,313.25043,1.0,2.0,0
305.40164,200.0,167.39012,0.0070634778,23.1914,16.52217,266.50827,301.93488,13.0,4.0,0
3258.93,500.0,90.930626,0.23782969,55.169983,54.904476,369.84387,161.88658,14.0,6.0,1
160.97824,400.0,111.37366,0.012124416,53.96568,49.706516,157.17255,79.81628,16.0,0.0,0
298.44455,200.0,96.934364,0.003076804,34.18878,49.73109,345.09064,144.8611,0.0,3.0,0
187.5794,201.0,54.33987,0.0007167711,27.092165,39.683704,296.76114,188.2853,12.0,3.0,0
134.10756,200.0,97.28728,0.023457548,48.860954,39.754463,277.54877,120.34425,23.0,2.0,0
85.51044,400.0,86.97778,0.005377689,61.99624,31.811455,267.78876,83.754585,1.0,1.0,0
378.52487,200.0,153.84937,0.0036174946,57.910946,38.364647,227.5062,89.75811,2.0,5.0,0
220.40343,200.0,54.671627,0.00093999563,65.42401,68.335594,337.59384,213.75845,4.0,1.0,0
110.28139,204.0,115.21211,0.0025450303,43.792118,51.16191,243.57246,399.29483,7.0,3.0,0
177.29001,200.0,140.26814,0.026875054,30.110508,54.247303,290.90112,321.5008,9.0,6.0,0
145.37021,200.0,79.92838,0.032659255,35.04846,50.02548,354.71326,101.993164,3.0,3.0,0
278.50558,200.0,96.460976,0.0018779138,3.5194254,65.55497,174.4611,125.003586,2.0,6.0,0
115.30217,200.0,133.41212,0.007262254,43.810207,62.22455,321.31482,184.80641,10.0,4.0,0
193.48874,200.0,88.49002,0.0006349307,26.523249,53.598843,318.59695,82.37899,21.0,2.0,0
114.43358,200.0,69.94591,0.0034144737,24.830336,45.52545,161.64896,176.31425,20.0,3.0,0
193.72835,200.0,85.97799,0.012701674,55.930195,38.74689,190.45943,97.502014,18.0,3.0,0
163.97781,200.0,63.224087,0.01268681,40.125675,45.93302,341.20413,176.55865,15.0,6.0,0
137.15503,200.0,46.0007,0.0030985563,52.565475,33.447594,228.3353,280.26596,15.0,3.0,0
61.623466,200.0,103.145584,0.003083792,20.701717,38.2919,323.44818,171.48495,6.0,3.0,0
184.74562,200.0,67.92926,3.930078e-05,53.412235,53.526405,131.03679,185.96794,14.0,5.0,0
220.40688,200.0,84.162155,0.04101381,16.069744,62.88594,262.9963,283.47168,0.0,4.0,0
192.69296,201.0,85.34407,0.0025651357,28.552065,47.690464,59.2149,227.46286,4.0,4.0,0
202.02434,201.0,93.58103,0.000169677,38.766712,50.741917,347.17285,0.0,0.0,3.0,0
185.15707,404.0,136.88145,0.0010075107,46.84057,51.63408,280.5479,151.53062,6.0,3.0,0
266.68134,200.0,82.01833,0.010090208,64.59787,55.83746,151.3136,208.6823,21.0,4.0,0
122.285385,200.0,110.07262,0.0058610924,23.017807,55.98507,246.3803,114.37057,3.0,1.0,0
188.26273,200.0,57.746525,0.0012261461,64.71033,50.27329,336.3131,56.41669,8.0,5.0,0
242.28189,200.0,94.70171,0.002767589,41.92927,57.657833,168.50294,236.44368,16.0,1.0,0
448.95193,200.0,77.491455,0.0017222754,38.920837,47.997917,260.31287,154.49506,4.0,6.0,0
384.9307,200.0,120.72467,0.0018454237,26.825987,58.52517,412.95178,294.28458,22.0,6.0,0
152.1775,204.0,139.28319,0.0037035292,53.803486,41.43779,211.57379,73.43605,21.0,2.0,0
417.03046,200.0,99.32766,0.01637924,23.350775,62.870583,291.4852,203.5137,14.0,3.0,0
62.21956,200.0,88.69948,0.020754375,52.631516,40.977036,459.2216,223.86702,20.0,0.0,0
140.19136,200.0,96.90092,0.0054942863,18.05258,39.701553,0.72563535,4.455561,16.0,1.0,0
126.43628,200.0,111.799324,0.0032940048,42.820286,51.098392,244.46619,82.57427,16.0,2.0,0
221.48454,200.0,88.85472,0.020001667,29.3827,41.25866,375.49316,162.83984,15.0,5.0,0
190.26042,200.0,91.11893,0.001556121,37.52997,44.45776,275.58224,0.0,14.0,3.0,0
78.39294,200.0,118.38868,0.001496517,17.652746,43.656914,289.93555,113.96129,14.0,6.0,0
103.12729,200.0,90.95836,0.009663559,44.390137,41.535126,134.66139,69.42913,7.0,1.0,0
243.33638,200.0,133.41087,0.0019779373,31.417728,50.37077,324.69434,106.56691,14.0,1.0,0
196.08267,200.0,46.771473,0.0036469493,27.92189,68.28367,167.76822,223.59328,2.0,5.0,0
391.85123,200.0,56.579887,0.016294042,25.468756,61.78083,147.34732,137.83292,5.0,5.0,0
215.86293,200.0,71.74942,0.021273969,48.186882,17.363214,292.56662,54.15573,11.0,5.0,0
259.41263,200.0,98.40212,0.0020256964,42.86843,43.343884,132.88716,18.967432,8.0,2.0,0
193.62791,200.0,159.2973,0.0038030075,27.909645,42.786724,202.09824,129.41866,14.0,2.0,0
178.56485,200.0,42.562542,0.0030489995,47.40341,70.19182,199.95193,53.39616,20.0,4.0,0
266.79752,200.0,103.91092,0.002340736,41.400322,51.41916,330.2054,62.244846,9.0,5.0,0
183.11746,200.0,94.47504,0.003240871,53.16386,58.5059,256.0256,118.472435,21.0,0.0,0
53.349987,201.0,64.05517,0.013289944,45.88231,34.47822,169.5077,195.96004,6.0,0.0,0
341.69412,200.0,162.52214,0.0038245737,51.57915,68.351555,298.12485,62.2478,3.0,1.0,0
174.02917,200.0,73.07125,0.0026666035,43.169014,38.41564,149.15666,80.91472,20.0,5.0,0
345.7369,200.0,74.34646,0.0006030664,53.57057,47.974667,205.2717,68.02705,16.0,4.0,0
180.18036,200.0,122.59645,0.01850327,36.204792,76.703415,235.88315,226.57632,13.0,5.0,0
310.52823,200.0,110.6146,0.007900984,57.476757,70.53165,434.49365,112.93668,13.0,2.0,0
257.32724,200.0,132.02698,0.016184306,32.95892,69.106346,238.6409,33.562412,1.0,0.0,0
521.68567,200.0,113.94597,0.012978456,15.41265,48.37877,103.93954,223.44711,12.0,6.0,0
270.90714,200.0,86.666985,0.02248315,26.296638,58.021023,235.81013,233.1905,5.0,2.0,0
237.00038,200.0,51.44357,0.002116524,34.962353,46.759342,298.62878,82.87775,0.0,1.0,0
272.5119,200.0,91.677475,0.003987656,40.99087,47.09935,227.72147,96.006874,10.0,5.0,0
132.51257,200.0,89.54065,0.026321547,37.652046,53.175964,6.2720265,194.72107,0.0,1.0,0
309.46732,200.0,133.28735,0.0005876682,30.737751,54.598145,340.32614,102.67794,3.0,2.0,0
119.169106,200.0,68.93524,0.027691817,63.320095,43.681587,309.06696,56.268795,10.0,6.0,0
132.2596,200.0,68.212074,0.0027359575,23.618301,41.14526,275.5487,194.44524,12.0,3.0,0
246.5796,200.0,153.86711,0.010778954,54.34434,44.72167,111.332924,77.70977,7.0,0.0,0
91.71489,200.0,165.46803,0.008498499,23.64281,70.46753,210.61392,153.36627,17.0,4.0,0
155.90775,200.0,136.40137,0.01662931,46.323128,42.17441,115.67888,180.6662,0.0,5.0,0
2062.4077,502.0,87.809395,0.1357429,36.972416,41.548347,348.55646,249.07013,18.0,4.0,1
148.36058,200.0,55.084873,0.0022569674,26.471865,45.21369,17.449518,232.10378,23.0,5.0,0
149.08253,200.0,124.85958,0.011158215,39.247326,30.535662,367.4012,165.39531,13.0,6.0,0
111.21923,200.0,104.34472,0.009400493,49.864117,49.569305,144.32713,52.642506,9.0,0.0,0
202.75346,200.0,79.10949,0.013423639,37.88016,29.455887,215.6038,254.34796,0.0,0.0,0
128.30421,301.0,69.997284,0.016781239,27.023748,57.53021,260.14548,99.14319,3.0,1.0,0
130.63777,200.0,92.83461,0.034369826,44.438747,52.924538,404.48666,100.1835,20.0,1.0,0
388.72882,200.0,137.29688,0.019441945,37.206696,51.94142,326.26718,133.97043,12.0,2.0,0
253.20331,200.0,79.696266,0.01129663,45.322124,47.812153,238.98225,235.27286,3.0,1.0,0
149.84602,200.0,94.70351,0.0022098906,38.51318,43.119373,312.64478,373.00256,20.0,1.0,0
112.823105,200.0,104.64343,0.015812302,31.218754,66.02854,367.84467,141.21106,19.0,5.0,0
205.77386,400.0,114.59497,0.018990912,34.788982,49.405178,414.08987,173.73415,17.0,2.0,0
187.91217,200.0,102.4622,0.0323672,27.001165,42.922527,188.81096,116.515236,18.0,6.0,0
138.456,200.0,122.20073,0.0024977156,53.923393,39.669975,315.6192,49.177654,4.0,6.0,0
271.31357,200.0,66.13921,0.0019189005,58.330418,65.23529,73.27311,0.0,6.0,2.0,0
36.840137,200.0,100.84312,0.0001702957,29.79725,45.303833,182.25865,229.94925,6.0,0.0,0
417.13736,200.0,25.277449,0.009251743,27.196451,58.56113,310.89642,49.238773,7.0,5.0,0
300.9612,200.0,116.14905,0.0050394274,31.861944,62.350204,391.11154,84.11323,8.0,0.0,0
303.92416,200.0,76.20747,0.013216511,42.552113,58.56938,190.10274,106.4099,6.0,2.0,0
122.22065,200.0,75.429756,0.018603802,29.484097,47.493275,295.05063,200.33846,18.0,5.0,0
321.68774,200.0,85.4341,0.014932279,55.26918,34.48439,319.05994,90.12832,7.0,1.0,0
171.37428,200.0,128.91753,0.017004732,28.888155,55.074894,103.56552,116.20251,2.0,2.0,0
147.88849,200.0,72.22805,0.0068346793,43.836773,57.178406,146.99252,210.65698,18.0,1.0,0
154.70726,200.0,109.79983,0.009271242,45.011417,50.268536,209.13515,231.82388,19.0,5.0,0
243.92677,200.0,113.9386,0.0010367695,56.15411,48.00363,426.36752,125.622574,0.0,3.0,0
115.223175,200.0,112.67019,0.00554137,19.74613,41.729546,260.22388,211.94131,19.0,6.0,0
1478.3167,502.0,118.41589,0.28844845,51.132355,74.32716,236.91307,220.19386,1.0,6.0,1
332.18573,200.0,42.976776,0.015236633,41.582836,60.511497,192.1194,250.8911,0.0,6.0,0
134.74648,200.0,150.5012,0.0087851565,52.14676,41.75753,356.5891,262.96957,10.0,1.0,0
72.3572,200.0,72.567505,0.0039038185,41.705116,37.96212,209.04903,121.85537,4.0,3.0,0
162.71388,200.0,83.268776,0.018606093,15.971931,48.984505,350.92688,248.6134,6.0,6.0,0
83.80086,301.0,82.797356,0.017666653,41.7454,65.34995,148.76216,118.403725,18.0,0.0,0
199.19669,200.0,115.06611,0.010737961,48.576294,76.14116,337.0693,158.48557,13.0,4.0,0
164.34158,301.0,83.22034,0.011834942,25.50662,49.706203,270.73788,307.174,17.0,5.0,0
207.39743,200.0,113.51749,0.0059141293,66.93129,78.91965,441.3563,146.67456,16.0,6.0,0
235.49739,500.0,137.59454,0.027683616,23.866678,63.361576,271.86316,240.53528,11.0,4.0,0
100.21931,200.0,125.06181,0.0012079085,45.745552,70.872795,117.96256,139.62175,19.0,5.0,0
253.66624,200.0,114.96331,0.0058494443,46.271507,42.43918,383.87524,194.134,22.0,6.0,0
138.59058,200.0,81.35172,0.0016290218,35.632534,40.53604,311.92093,204.90323,14.0,4.0,0
899.3789,200.0,192.30377,0.02376502,69.643745,68.99133,9085.039,8792.896,11.0,0.0,1
185.00235,200.0,121.57812,0.021798035,26.942255,64.055885,192.77058,193.93219,12.0,4.0,0
289.73352,200.0,164.70264,0.0116246315,37.222652,57.69651,244.99417,197.72258,15.0,4.0,0
95.948,200.0,64.74943,0.007161163,43.11618,80.10673,97.65528,169.46255,0.0,4.0,0
145.47885,200.0,106.211975,0.0057853367,59.10771,28.215027,274.0842,222.38377,14.0,1.0,0
127.18095,200.0,103.995575,0.010709991,42.282875,68.0395,293.7376,92.50215,11.0,4.0,0
299.67746,200.0,63.759087,0.0039023093,59.634872,26.484453,263.40536,128.06908,5.0,6.0,0
216.53941,404.0,153.55089,0.025619013,37.33531,41.549767,358.78873,99.79461,17.0,1.0,0
178.39384,201.0,91.54731,0.011615112,30.582281,66.97124,122.40794,77.10779,14.0,4.0,0
244.79214,200.0,91.071785,0.010161473,35.454033,22.859793,464.9297,222.57043,18.0,3.0,0
130.53972,200.0,138.99393,0.0042827833,32.66731,79.990555,153.4032,199.67587,6.0,5.0,0
109.61912,200.0,134.8907,0.0032426151,47.1591,57.514103,239.98685,132.35385,0.0,4.0,0
348.40558,200.0,84.33363,0.007911267,21.303873,72.786156,234.57384,137.61577,15.0,2.0,0
305.53375,200.0,129.14458,0.008625668,32.458977,56.121098,346.44037,7.8935657,14.0,0.0,0
208.46187,200.0,159.39413,0.0070039076,54.104046,39.520573,177.02927,213.45212,7.0,5.0,0
137.8298,200.0,75.03053,0.0016237184,31.42295,43.746292,303.7382,123.67583,6.0,3.0,0
240.50453,200.0,142.89883,0.0054504643,30.053473,60.921406,274.8469,68.89757,6.0,2.0,0
196.98956,200.0,118.11367,0.026455166,17.583317,24.001373,287.8368,203.20396,19.0,6.0,0
106.62269,200.0,75.24721,0.009514607,43.855316,67.66272,258.54688,164.44286,20.0,5.0,0
366.53378,200.0,114.33148,0.004687958,51.44282,23.935835,343.37247,140.13786,17.0,0.0,0
188.22783,200.0,117.78308,0.00025790028,28.08981,60.579155,160.53384,149.4305,19.0,2.0,0
163.91368,200.0,151.32545,0.018264223,41.59176,44.575726,277.7545,259.32303,22.0,4.0,0
310.9781,200.0,100.61562,0.011982868,32.00188,20.516088,276.10757,71.78042,14.0,2.0,0
85.223465,200.0,64.19035,0.012245424,39.383743,68.643196,335.72943,131.32726,22.0,2.0,0
443.18317,200.0,83.32859,0.018051662,29.159649,60.900635,255.40956,185.86314,7.0,2.0,0
140.24527,200.0,82.30332,0.00047649065,63.354412,32.028255,64.03204,127.44877,3.0,6.0,0
5423.253,503.0,57.743015,0.12057079,61.779835,68.606964,321.02002,134.87581,4.0,4.0,1
156.44658,200.0,99.59961,0.0101118265,49.98349,56.6596,380.32346,124.469345,9.0,4.0,0
261.50748,200.0,40.60536,0.014754063,45.457764,52.90891,278.99646,30.460905,2.0,2.0,0
92.17955,200.0,151.06062,0.004663466,43.868114,61.105305,270.11963,148.24513,17.0,5.0,0
125.46087,200.0,95.99822,0.004741186,25.466728,45.052753,210.6291,125.34453,22.0,5.0,0
175.5593,200.0,44.135777,0.035699826,28.56874,61.07697,185.32011,50.22811,2.0,0.0,0
407.2825,200.0,116.07508,0.0076802312,55.3425,63.439293,308.97528,78.899376,4.0,3.0,0
223.31474,200.0,89.190956,0.010102551,71.534546,66.61441,261.40564,172.6809,17.0,5.0,0
78.64625,200.0,74.27626,0.022261709,29.63807,50.3145,94.24033,75.853714,12.0,1.0,0
156.81795,200.0,91.28167,0.003858944,25.0813,53.95103,151.94464,129.8313,8.0,5.0,0
693.8966,200.0,164.01707,0.03458464,82.42175,94.531364,275.09167,354.63852,14.0,1.0,1
31.301579,200.0,91.19212,0.002733625,69.181404,43.733486,293.1802,116.958336,0.0,2.0,0
112.40408,200.0,129.39497,0.00030362533,68.16317,61.823536,195.86142,19.307121,21.0,1.0,0
205.59995,200.0,141.87585,0.014179541,48.203278,34.67618,431.28616,255.1797,15.0,3.0,0
263.48935,200.0,74.875336,0.009232473,24.560673,74.817604,261.04803,176.60005,8.0,2.0,0
278.33115,200.0,96.38536,0.0059572663,26.599329,52.06716,138.6625,84.356514,20.0,2.0,0
86.55143,500.0,114.28248,0.0037417125,40.508663,75.92605,200.16812,127.68672,4.0,4.0,0
339.97046,200.0,123.8033,0.012950926,67.18565,53.32441,339.4277,115.83795,4.0,0.0,0
297.8314,200.0,74.323555,0.030849528,21.317467,54.81855,433.83075,171.8313,17.0,6.0,0
85.920494,200.0,139.14917,0.004468052,30.369959,32.358707,240.91826,84.59582,19.0,3.0,0
135.48245,301.0,98.71234,0.006622704,22.372728,64.78656,185.31819,142.85236,11.0,2.0,0
511.22162,200.0,147.5962,0.03891054,59.664856,65.56487,9336.939,9703.653,23.0,4.0,1
203.3822,200.0,35.689415,0.025137667,63.28292,79.54616,318.65765,229.65591,11.0,3.0,0
217.14128,201.0,131.08684,0.016463269,68.58931,71.298386,252.35448,194.79526,17.0,1.0,0
290.2381,200.0,92.31178,0.0027249102,36.766747,47.53624,218.28473,139.17105,6.0,1.0,0
150.73741,200.0,132.62231,0.00183823,47.155693,62.214123,141.56369,148.19217,22.0,6.0,0
281.36478,200.0,60.12307,0.012450125,51.384167,37.990833,77.08321,70.46138,4.0,5.0,0
143.4752,200.0,123.14554,0.011177604,27.695393,74.16853,189.11035,119.71321,15.0,3.0,0
161.00067,200.0,142.18208,0.0067456546,12.442536,42.10139,299.0947,66.28059,2.0,3.0,0
205.21559,200.0,42.23071,0.012367535,64.30059,28.929716,348.77158,166.76079,0.0,2.0,0
136.39912,200.0,122.88498,0.0006664123,15.243383,25.941162,242.92046,187.19247,18.0,2.0,0
114.520836,200.0,76.82064,0.010630336,76.82011,67.68156,191.74666,26.345493,7.0,5.0,0
229.95262,200.0,131.08733,0.04929844,32.86491,41.032616,220.0216,118.012474,9.0,1.0,0
259.5306,200.0,145.1652,0.017684285,31.639751,31.472946,148.57498,103.77276,23.0,6.0,0
159.91064,200.0,148.01205,0.0025679998,14.264149,54.216923,56.952576,249.74666,5.0,0.0,0
126.80191,200.0,64.5244,0.035249334,46.26292,89.069824,310.32367,104.3412,17.0,6.0,0
205.82486,200.0,91.77879,0.010710183,39.62369,38.4068,259.92987,119.06509,17.0,6.0,0
225.03445,200.0,78.506805,0.024549624,37.92852,54.11793,212.34067,68.93882,4.0,5.0,0
138.77771,302.0,90.262695,0.025708884,35.955658,73.32296,269.43256,252.02591,10.0,4.0,0
258.0616,200.0,61.83085,0.0016790509,24.031975,37.647667,291.43716,130.59627,3.0,0.0,0
244.443,200.0,127.47888,0.0055067013,46.00519,59.018433,289.27817,143.90855,4.0,5.0,0
188.33578,200.0,146.8847,0.013131863,32.269516,54.832455,112.051865,276.11154,17.0,5.0,0
108.44126,201.0,97.8236,0.0021224932,28.466015,35.25244,405.8836,175.57173,6.0,1.0,0
215.59404,200.0,118.51463,0.0012065524,29.962175,22.729717,161.77,50.04395,8.0,4.0,0
517.8243,200.0,76.30154,0.00069541234,39.944668,53.982895,258.51898,121.00091,12.0,6.0,0
119.02783,200.0,102.919235,0.0006863592,18.03965,50.94477,389.07108,130.69122,5.0,5.0,0
278.62277,200.0,39.58005,0.012553056,40.44195,39.94053,334.53577,218.46605,7.0,1.0,0
220.05759,200.0,99.77573,0.0457934,36.095905,39.24889,329.05222,6.8623753,20.0,0.0,0
60.634014,301.0,50.485325,0.009861844,38.074203,40.447403,282.33148,176.92441,20.0,0.0,0
67.96647,200.0,132.23013,0.007906475,73.801636,32.154587,181.08478,250.7507,14.0,1.0,0
369.35956,200.0,77.1325,0.0009935885,30.575737,48.940243,129.60402,201.65585,6.0,3.0,0
404.28067,204.0,148.06393,0.0011552285,33.07225,47.88205,313.38907,161.60971,3.0,2.0,0
199.88127,200.0,89.357445,0.010297667,21.565306,16.848839,215.98622,173.45279,0.0,0.0,0
201.78154,302.0,130.55368,0.0028823945,39.08371,30.292183,117.9551,110.89926,21.0,6.0,0
425.2788,200.0,85.55288,0.025396543,36.623394,34.639053,170.7736,265.69223,19.0,3.0,0
175.35237,200.0,108.32858,0.0021790445,41.272194,40.10674,383.7749,46.06732,20.0,4.0,0
261.32724,200.0,127.063515,0.023037754,35.325382,68.12821,311.8202,183.33488,12.0,3.0,0
177.92662,200.0,67.0593,0.0046968935,63.058926,53.82863,264.7908,178.83244,10.0,0.0,0
745.34924,200.0,136.80937,0.0442832,98.39628,87.13496,411.54922,325.8019,18.0,3.0,1
141.60411,200.0,76.103195,0.010098594,55.72198,51.818943,219.19417,244.79199,18.0,4.0,0
197.45241,200.0,85.0691,0.00016797145,53.071724,53.85053,121.304405,153.33589,11.0,4.0,0
149.34467,200.0,55.58629,0.030110892,24.496084,74.42402,86.53325,69.649574,18.0,5.0,0
82.57147,200.0,75.851906,0.00452996,24.821934,69.78476,365.49533,271.88358,9.0,5.0,0
30.715103,200.0,49.416836,0.015536779,23.628887,18.957685,381.02734,228.15602,17.0,0.0,0
279.79633,200.0,97.535324,0.0072563738,62.746174,59.38306,356.1858,177.2596,5.0,2.0,0
233.20149,200.0,92.99977,0.00013028129,69.89779,33.012146,289.90775,303.2705,20.0,5.0,0
161.48294,200.0,170.66887,0.016655032,35.73237,60.580914,206.6604,232.71655,12.0,3.0,0
218.28119,200.0,92.59422,0.0012145349,37.907997,37.107075,332.73932,308.91068,9.0,3.0,0
166.5878,200.0,85.87002,0.0030477075,44.63366,42.445568,279.03467,108.139084,2.0,0.0,0
325.9094,200.0,96.71871,0.056579255,41.123856,31.135527,296.39163,285.95398,17.0,1.0,0
249.73834,200.0,86.09281,0.007576949,49.521984,64.65397,246.56038,0.0,13.0,3.0,0
195.921,200.0,90.52883,0.0018526964,39.8549,46.143375,198.06224,181.83525,12.0,5.0,0
335.5733,200.0,68.872246,0.020079447,46.82039,31.57082,321.69296,156.6428,14.0,2.0,0
71.509224,200.0,29.463282,0.00892309,70.199844,45.591873,270.47272,175.91286,15.0,1.0,0
9899.188,503.0,51.8921,0.17490907,86.964226,79.07491,7263.343,5632.3086,15.0,5.0,1
169.03471,200.0,128.67175,0.010133692,41.896957,52.60548,184.41641,167.14378,16.0,6.0,0
87.21946,200.0,123.482445,0.049115047,18.517443,79.712105,174.06413,131.19293,19.0,4.0,0
85.83697,200.0,130.24136,5.0241877e-05,27.006413,49.80116,258.02795,231.12585,10.0,2.0,0
55.454765,201.0,137.78523,0.0019559532,8.515832,70.576775,308.326,218.90225,9.0,6.0,0
128.61346,200.0,46.34608,0.011419626,58.326878,40.464417,248.42372,235.2176,3.0,1.0,0
232.55049,200.0,67.00933,0.0019040307,43.45639,26.784643,373.66782,32.73592,1.0,5.0,0
131.56482,200.0,57.02195,0.013838091,42.63797,50.638245,511.38724,140.83467,11.0,5.0,0
229.33022,200.0,127.863716,0.019862538,47.407604,49.41557,277.81882,0.0,23.0,3.0,0
93.701096,200.0,58.24344,0.017637001,49.887356,35.550926,357.9181,54.1666,0.0,3.0,0
196.70078,200.0,60.425243,0.002979506,19.053167,38.972473,247.89607,69.889404,22.0,3.0,0
87.9036,200.0,74.35868,0.0056801266,40.940918,67.11623,170.53474,212.11725,7.0,5.0,0
186.63956,200.0,157.34991,0.0009661703,26.251726,57.471233,517.9267,96.1536,4.0,4.0,0
285.10654,200.0,139.65921,0.0032157686,58.2636,67.914986,133.67174,285.79276,23.0,3.0,0
176.4469,400.0,102.20911,0.007289785,34.07279,43.644905,314.65125,7.989037,21.0,6.0,0
204.16818,200.0,63.72666,0.032698497,19.876661,56.75246,91.39945,210.20944,22.0,6.0,0
106.43579,204.0,97.10685,0.0014503928,54.14101,50.84169,459.66223,0.0,12.0,0.0,0
208.36491,200.0,60.943783,0.010187585,58.46441,57.897377,267.8833,35.882076,21.0,2.0,0
397.08508,200.0,158.82074,0.017608222,81.00259,26.167452,217.00462,182.33221,16.0,1.0,0
450.13376,200.0,92.62346,0.011127538,22.842485,60.593105,246.2363,115.120575,23.0,0.0,0
127.22935,400.0,134.8746,0.0015221176,17.838795,77.309204,150.6512,82.65361,18.0,1.0,0
183.95638,200.0,76.704506,0.0017680107,22.04532,58.08085,211.39821,168.7543,19.0,0.0,0
144.05083,200.0,65.54915,0.00044438802,41.768208,19.339577,300.91647,167.84572,8.0,0.0,0
201.53505,200.0,89.94362,0.003978469,35.69977,61.325405,61.25951,209.55252,7.0,5.0,0
170.68588,200.0,46.096504,0.008026825,33.36593,32.88657,26.434772,112.956345,23.0,3.0,0
147.87708,200.0,47.24938,0.0069630714,48.626534,53.96769,243.91733,115.76846,8.0,0.0,0
383.1564,200.0,71.400986,0.0016500052,11.839061,68.09462,346.70792,204.05798,2.0,2.0,0
207.44875,200.0,115.696976,0.0042019435,40.85564,31.039665,308.7655,185.35199,19.0,0.0,0
196.94504,200.0,42.617554,0.006734036,48.56634,43.578426,461.14944,82.835526,23.0,5.0,0
435.90814,200.0,139.50095,0.002584217,26.662004,59.050266,208.98383,202.38484,6.0,2.0,0
161.88045,200.0,178.38452,0.020430919,9.554173,75.31771,288.58765,86.6577,5.0,2.0,0
149.18295,200.0,87.02561,0.0043412074,46.928444,52.20408,265.49695,218.28474,11.0,0.0,0
234.19868,200.0,115.69518,0.02060473,53.062004,52.849403,137.68062,85.41374,23.0,1.0,0
382.36017,200.0,124.35551,0.0030901204,9.987209,88.835335,141.29579,116.10385,11.0,2.0,0
213.1535,200.0,81.24873,0.00048764338,33.256405,55.89674,202.34482,185.77106,9.0,6.0,0
239.93292,200.0,107.37179,0.018830355,40.236973,64.8706,212.14961,198.71454,6.0,0.0,0
163.74284,302.0,77.800964,0.010993555,27.660849,39.08385,308.98846,245.4326,2.0,2.0,0
277.31622,200.0,68.3755,0.014622708,42.39165,50.19926,252.89195,172.56764,5.0,4.0,0
87.92673,200.0,135.21785,0.014362226,58.7441,64.99148,390.51016,242.51772,17.0,4.0,0
148.98944,200.0,98.0028,0.009860677,25.722443,39.09308,266.92432,209.01895,2.0,2.0,0
83.98177,200.0,130.3315,0.0041460046,38.80517,41.42974,391.23526,44.175514,16.0,3.0,0
305.74164,200.0,114.45895,0.0036616828,56.29722,12.330383,304.61438,199.70209,3.0,0.0,0
149.4687,200.0,141.4516,0.0024992456,44.546406,65.14777,53.19721,63.540253,1.0,4.0,0
380.4397,200.0,108.91875,0.0082351845,37.846428,10.487446,292.6772,140.37785,9.0,3.0,0
248.89609,200.0,119.666016,0.0037956375,26.209549,48.431843,142.49756,269.53024,19.0,4.0,0
148.7846,200.0,68.54062,0.0150621785,5.87354,63.84368,334.83203,66.81123,19.0,3.0,0
247.12317,302.0,89.12908,0.0002758824,6.6272845,30.168661,283.26172,190.92923,6.0,0.0,0
249.46776,200.0,143.35202,0.004946659,54.41272,37.127502,170.02458,188.18317,12.0,4.0,0
246.20844,200.0,150.52113,0.006648812,65.24997,58.269753,183.12347,79.98194,15.0,3.0,0
205.5107,200.0,126.96002,0.002468989,36.133217,37.42787,248.86617,153.39194,21.0,1.0,0
71.417534,204.0,130.7889,0.011563075,54.48938,55.057667,270.64954,90.07353,18.0,0.0,0
140.41786,200.0,94.77497,0.061028752,66.181526,52.39606,141.32394,12.351731,17.0,2.0,0
229.54955,200.0,89.17245,0.022620136,46.15451,41.56282,243.32613,52.62851,12.0,1.0,0
196.07115,400.0,61.045006,0.0039655077,49.83273,21.163454,92.40704,268.86478,23.0,0.0,0
140.78726,200.0,55.23741,0.068041734,55.003036,62.482758,468.4535,5.612267,7.0,1.0,0
447.84418,200.0,81.78229,0.046642557,90.32012,94.43966,280.48737,378.30472,13.0,6.0,1
202.0493,200.0,61.570362,0.0029292982,28.13058,52.927345,307.09814,120.574036,0.0,5.0,0
255.96107,200.0,123.11252,0.00249841,51.606846,44.90743,140.57222,136.02158,6.0,6.0,0
224.24728,200.0,102.91854,3.305711e-05,35.02502,58.217937,258.87247,234.4469,8.0,3.0,0
213.78874,200.0,109.73944,0.005842861,29.34353,40.07907,191.60297,259.7063,1.0,5.0,0
173.61975,200.0,71.05278,0.0059927637,43.25665,24.652372,223.8342,108.953125,15.0,3.0,0
213.38385,200.0,63.760334,0.0019815972,35.564556,53.4941,202.1047,131.70018,21.0,4.0,0
52.309673,200.0,126.10253,0.016689373,16.763142,53.176464,311.95038,0.0,23.0,4.0,0
244.73502,200.0,110.781586,0.0035323305,26.223494,54.89899,157.15105,96.23991,21.0,2.0,0
233.75032,200.0,56.557503,0.011692516,29.996346,42.88642,195.01625,93.96542,16.0,3.0,0
271.81192,200.0,108.083694,0.0026956417,20.13406,58.632195,400.99634,108.8138,6.0,4.0,0
292.31824,200.0,130.17195,0.0001833654,85.239494,43.64509,271.12485,0.0,22.0,1.0,0
221.59642,200.0,117.53058,0.007991521,23.026253,55.81895,352.30743,82.66622,11.0,2.0,0
260.012,200.0,90.1765,0.008792851,25.446566,47.95971,255.48817,142.9177,7.0,6.0,0
85.86501,200.0,113.89459,0.003211166,26.024063,38.410076,372.6004,183.26544,4.0,0.0,0
148.29321,201.0,145.2542,0.00022092508,3.0707152,31.989042,152.31447,23.542028,8.0,2.0,0
162.38751,200.0,98.52341,3.7102527e-05,30.766302,66.31456,314.52667,131.43167,19.0,6.0,0
299.52774,302.0,67.61196,0.0017950811,23.664944,54.07561,356.2886,115.30982,11.0,4.0,0
350.08188,200.0,76.03146,0.016476186,40.73145,56.805153,356.70718,60.98001,22.0,0.0,0
183.12126,200.0,74.89733,0.00046556283,13.206342,61.536198,328.63113,231.415,14.0,0.0,0
215.80057,200.0,141.8996,0.0031325913,26.595173,83.20155,268.00275,19.02363,21.0,0.0,0
4591.8784,200.0,79.41809,0.2609189,86.1294,75.20415,7793.812,7885.98,19.0,5.0,1
172.34482,200.0,106.49456,0.002221708,22.80216,45.74275,213.66125,211.95894,4.0,1.0,0
171.7024,200.0,73.73744,0.028982347,30.915602,68.845406,352.82544,42.114014,7.0,2.0,0
172.76234,200.0,88.45353,0.0049775457,58.86246,12.347746,425.62064,288.9299,11.0,0.0,0
212.23116,200.0,84.64708,0.011072739,38.75897,37.0155,363.8768,115.5503,8.0,5.0,0
311.76907,200.0,76.425446,0.0018766455,39.975395,40.0301,262.89435,123.681526,2.0,3.0,0
139.65207,200.0,84.03046,0.015747715,52.509598,70.36017,300.2051,166.59247,0.0,6.0,0
431.5199,204.0,151.00865,0.0042700297,33.042267,86.925446,350.31326,144.8827,15.0,1.0,0
251.58228,200.0,78.30791,0.016624402,33.298855,37.20026,321.1621,196.73392,23.0,5.0,0
365.86166,200.0,100.32829,0.019323602,21.608702,49.224102,316.40012,166.13373,7.0,2.0,0
120.41502,200.0,87.19626,0.0001713325,48.258636,47.737053,504.4634,193.1435,11.0,3.0,0
289.11887,200.0,108.360054,0.01685942,56.701847,68.48196,150.7995,50.616184,22.0,0.0,0
124.55728,200.0,115.313705,0.04239949,2.8700647,77.20063,308.79953,179.02713,2.0,2.0,0
182.7835,200.0,58.43307,0.0027410877,28.78836,32.621086,254.9946,93.64369,12.0,0.0,0
546.41614,200.0,173.67892,0.04821829,80.48974,89.66535,406.9107,338.38596,9.0,0.0,1
403.29095,200.0,92.931816,0.001051312,27.533827,52.567703,474.80878,0.0,6.0,6.0,0
140.19301,302.0,103.58605,0.020459931,33.144783,48.626965,103.97405,23.177826,1.0,5.0,0
68.999886,200.0,100.45213,0.0052658166,58.13859,64.49381,115.545265,179.35385,6.0,0.0,0
93.69633,200.0,124.40849,0.0117709795,42.069454,14.828473,110.78288,170.8437,23.0,3.0,0
149.70215,200.0,168.44313,0.008901317,47.400093,33.046856,202.26486,185.81413,6.0,3.0,0
313.65784,200.0,107.12313,0.027117975,51.311543,55.475582,126.20718,180.46191,1.0,5.0,0
181.01198,200.0,91.32495,0.0012986674,60.875996,29.909225,211.4946,140.76038,2.0,6.0,0
283.6916,201.0,126.0617,0.00023678344,27.401827,32.660656,292.3038,105.99973,19.0,2.0,0
206.03175,302.0,110.09776,0.0016333307,50.74917,49.924397,115.94692,253.87779,11.0,6.0,0
204.17126,200.0,72.961006,0.0015944189,65.24338,47.626484,271.25717,124.11505,21.0,5.0,0
223.80264,200.0,135.56442,0.00034172484,36.80173,64.69103,316.46362,181.38763,5.0,4.0,0
176.9089,200.0,90.68631,0.0027356017,33.175053,53.193924,208.43863,240.79066,9.0,0.0,0
233.84642,200.0,118.41298,0.000106565014,20.740845,37.990868,254.63737,335.7188,3.0,0.0,0
147.79335,200.0,62.114494,0.0031341915,0.0,22.2052,122.74574,147.81519,14.0,3.0,0
174.2502,200.0,103.46983,0.003730274,35.140015,78.508804,249.06569,79.96589,0.0,0.0,0
212.64505,200.0,123.15724,0.0044556526,55.521988,57.18042,363.40076,171.58376,23.0,2.0,0
160.29716,200.0,136.82378,0.02833439,28.923058,59.659813,276.27975,104.67989,1.0,6.0,0
147.65883,200.0,89.65152,0.018600976,31.349781,54.147015,222.24428,262.3545,11.0,6.0,0
222.90964,404.0,99.023315,0.022370158,38.586666,46.648544,172.071,207.76662,16.0,3.0,0
274.1222,200.0,0.0,0.013860025,57.727505,33.029724,226.5734,35.663452,15.0,0.0,0
187.68265,200.0,73.6009,0.0013426373,48.39295,56.71357,290.81082,196.23752,16.0,6.0,0
132.08131,200.0,73.63995,0.0019354632,34.20172,52.75934,196.72386,76.56948,11.0,1.0,0
180.54771,200.0,142.29962,0.014098054,50.90856,68.17149,378.78027,144.7432,10.0,4.0,0
318.3199,204.0,100.21095,0.006195166,23.333853,59.94554,392.50647,137.79967,8.0,3.0,0
146.7727,200.0,77.20258,0.007988286,40.512093,41.04991,261.46234,137.09175,7.0,0.0,0
730.9762,200.0,160.1989,0.044735234,89.61531,95.08384,484.76843,330.19727,16.0,5.0,1
134.81085,500.0,100.60889,0.0037163827,37.586678,44.03383,382.82227,273.78812,0.0,5.0,0
216.90752,200.0,63.00041,0.007684142,45.38679,52.062958,209.21709,431.65192,5.0,6.0,0
116.090836,200.0,113.15518,0.0035535384,57.240414,53.504414,213.42256,308.28625,1.0,3.0,0
155.8726,200.0,118.83178,0.0050318404,32.24042,22.82374,180.07318,198.73094,14.0,6.0,0
153.9825,200.0,83.95462,0.012356159,41.74033,49.569435,294.0297,173.85701,3.0,2.0,0
140.16948,200.0,135.01091,0.0010742792,17.561523,40.611637,213.13524,65.11787,15.0,1.0,0
172.25604,200.0,117.58959,0.0048987907,53.034187,23.055157,251.27289,193.85483,1.0,4.0,0
188.40257,200.0,112.12023,0.008311176,24.802935,33.484844,302.10245,62.676476,7.0,4.0,0
266.57092,200.0,152.96777,0.007494236,56.297474,52.493145,334.84927,112.67942,22.0,2.0,0
193.84132,200.0,124.64225,0.0029432783,46.45143,36.217594,261.72516,35.377235,20.0,5.0,0
293.84125,200.0,146.35863,0.05053381,49.559498,54.5064,255.38478,336.95673,3.0,6.0,0
147.65575,301.0,77.35847,0.0039379285,56.202084,46.21957,238.65057,160.05194,23.0,4.0,0
172.4596,200.0,113.43361,0.0062804143,46.66772,66.324165,325.01645,216.52837,0.0,4.0,0
204.92476,200.0,55.995716,0.015367892,22.910215,52.007023,309.75388,127.89946,1.0,1.0,0
116.76811,200.0,42.697586,0.017151564,42.716396,58.952316,323.98016,119.01738,13.0,2.0,0
222.61046,400.0,118.93652,0.0084069725,27.485546,41.90776,233.40735,196.31335,0.0,5.0,0
131.3973,200.0,115.56503,0.014747798,22.79,61.51251,170.71313,322.60516,10.0,4.0,0
447.02502,200.0,40.034874,0.026345821,17.491608,79.82905,94.62656,21.374792,16.0,2.0,0
9618.044,503.0,52.348717,0.16466229,73.9344,87.99003,8328.863,7077.4907,4.0,4.0,1
347.801,302.0,94.670204,0.046062417,65.34138,44.299107,152.8982,183.71675,2.0,1.0,0
74.70957,200.0,108.09353,0.008807438,48.776554,47.0676,220.39465,127.25307,12.0,2.0,0
254.5663,200.0,73.1629,0.0018662334,25.95909,50.19427,262.993,87.2945,16.0,0.0,0
195.33691,404.0,91.10451,0.00799909,14.607617,49.575825,108.717445,191.19801,5.0,0.0,0
79.690895,200.0,73.42756,0.030423166,58.99722,47.948105,161.50768,197.79904,9.0,5.0,0
178.22737,201.0,87.86651,0.02661484,28.374857,35.838814,227.78073,42.17906,13.0,2.0,0
194.28987,200.0,114.5906,0.01129842,17.801313,46.177097,224.98093,68.001434,22.0,1.0,0
227.80748,200.0,96.94313,0.030590976,29.87771,47.774357,122.462616,218.04782,14.0,0.0,0
166.62878,200.0,40.58284,0.0046606194,43.239452,61.815174,155.79448,204.14299,3.0,0.0,0
193.69923,200.0,71.18546,0.024671536,42.501774,61.24724,72.310005,207.63048,20.0,3.0,0
105.02307,200.0,140.18188,0.0018331126,41.80099,38.375282,33.54484,185.4463,22.0,4.0,0
102.667076,302.0,85.33247,0.014963396,38.72812,34.12574,345.67496,218.34186,19.0,1.0,0
216.11942,200.0,77.4028,0.017646821,54.719814,62.862583,246.17767,16.116552,1.0,0.0,0
290.93393,200.0,83.55355,0.02380583,40.63632,58.548954,261.70996,39.11166,16.0,0.0,0
141.1571,200.0,68.584854,0.012595494,24.06494,59.1033,286.43597,144.63924,4.0,5.0,0
306.2745,200.0,132.991,0.011859996,29.901808,32.452408,282.7413,246.15788,20.0,1.0,0
357.13568,200.0,56.12843,0.015746865,52.719067,21.5552,250.36859,120.88779,1.0,2.0,0
8279.097,503.0,54.86077,0.15149732,40.785362,43.398243,311.5463,219.42097,22.0,6.0,1
153.04697,200.0,87.75566,0.005942276,31.834284,38.233192,276.41125,114.14813,9.0,4.0,0
239.94371,200.0,103.8864,0.0032184934,46.982914,51.890354,281.21103,91.84176,16.0,2.0,0
143.01799,200.0,118.55131,0.0074263015,17.110912,41.756977,347.6121,12.723581,16.0,1.0,0
309.17206,200.0,93.48252,0.0066982703,30.352722,60.407143,238.05803,217.14757,23.0,3.0,0
310.27655,200.0,77.429726,0.0061851107,23.618736,46.093483,283.73383,184.05098,23.0,4.0,0
216.88257,301.0,111.58279,0.004033991,50.789837,40.01266,465.9182,103.042854,6.0,5.0,0
176.0486,200.0,59.33613,0.008301696,15.900952,45.961037,155.4232,183.16449,13.0,4.0,0
144.12483,200.0,141.0603,0.017614227,49.00033,55.64646,210.75693,143.38457,13.0,4.0,0
165.39372,200.0,156.69936,0.0036935199,59.595955,62.895523,355.6935,111.759254,13.0,2.0,0
157.73419,200.0,72.08148,0.019070303,32.422302,75.595406,153.22244,64.719696,3.0,3.0,0
76.14084,200.0,103.48788,0.030734649,39.03327,53.798702,134.6838,94.512634,20.0,4.0,0
191.5356,200.0,100.47087,0.033400342,4.6045766,30.749214,374.01917,151.58998,17.0,6.0,0
179.95787,200.0,122.965126,0.0034723706,49.713497,56.444862,110.88363,139.2998,3.0,4.0,0
113.54511,200.0,114.714096,0.020317502,66.14538,53.903664,196.23228,101.94035,10.0,1.0,0
197.40926,200.0,109.008606,0.0049398243,23.620668,51.793697,221.32982,131.9579,3.0,4.0,0
220.60905,200.0,113.019165,0.020283055,46.37782,61.3355,99.32665,0.0,4.0,1.0,0
214.80669,200.0,85.01334,0.0015136222,33.01115,69.22749,319.50107,180.10213,23.0,1.0,0
202.61293,500.0,161.9343,0.016654206,32.66078,59.609943,260.65598,216.07854,1.0,2.0,0
185.50229,200.0,55.86978,0.017793857,54.2742,55.2692,388.22708,71.58321,4.0,1.0,0
142.9797,200.0,127.140656,0.00759431,15.644625,46.171658,311.03003,249.53316,19.0,4.0,0
372.55243,200.0,64.42949,0.012877453,33.78956,19.70869,319.32913,145.8956,6.0,3.0,0
105.54595,200.0,70.91328,0.013500052,33.134144,35.67515,247.30894,197.3687,5.0,6.0,0
213.69444,200.0,61.05424,0.0030361982,53.62109,59.351147,323.6042,130.3567,21.0,2.0,0
176.31712,200.0,135.945,0.0013915914,70.69049,86.105835,384.87912,155.67873,5.0,6.0,0
128.61235,204.0,65.58987,0.0041099787,24.842964,43.339527,254.99277,161.78293,19.0,6.0,0
218.76117,200.0,76.38561,0.020327654,55.439056,50.842625,327.96194,28.456636,23.0,6.0,0
283.40366,200.0,57.69586,0.0027813131,45.16293,67.23094,334.4828,227.17604,23.0,3.0,0
209.67569,200.0,153.69653,0.0048827794,49.770515,58.26709,161.01642,79.97223,12.0,3.0,0
171.9203,200.0,135.4599,0.010908754,39.27306,36.36862,297.19785,94.808655,7.0,0.0,0
232.5611,200.0,79.22308,0.005161499,46.15553,58.406948,6.673978,217.59428,13.0,1.0,0
257.00476,200.0,143.97179,0.022062821,48.77479,47.417,19.246677,102.42736,4.0,1.0,0
133.78485,200.0,72.204285,0.0007543192,61.28147,51.874653,259.03912,186.61926,16.0,4.0,0
272.5311,200.0,150.7814,0.003596613,26.127394,29.373777,217.00351,209.48933,0.0,2.0,0
216.28973,200.0,96.977974,0.016006686,41.36217,76.90164,245.99878,79.75935,16.0,3.0,0
168.78893,200.0,125.94946,0.004882597,45.102783,34.42193,281.216,232.8807,16.0,0.0,0
214.72957,201.0,104.49198,0.007286867,25.705225,55.31555,191.64088,413.38177,4.0,5.0,0
145.97345,200.0,93.706055,0.025870051,37.14592,34.06607,383.08395,76.82984,0.0,0.0,0
304.59634,200.0,123.71599,0.0053501185,22.465075,44.443413,115.225914,0.0,9.0,0.0,0
85.56653,200.0,139.38477,0.0030446076,33.31527,45.27587,307.451,271.51077,23.0,0.0,0
84.36904,200.0,72.4683,0.018786974,32.350315,46.022182,324.38562,145.07568,4.0,3.0,0
319.89276,200.0,89.7714,0.0005786754,27.994593,67.37144,357.3538,80.724815,23.0,1.0,0
220.85135,200.0,96.880325,0.0033291648,70.65154,47.16909,377.0823,104.91662,19.0,4.0,0
62.488865,200.0,119.697876,0.0015742694,33.2338,29.570448,265.34637,83.302536,0.0,0.0,0
330.54166,200.0,120.389534,0.03215717,33.89681,32.228447,197.45679,288.7225,20.0,2.0,0
112.88386,200.0,89.81809,0.016499741,21.092096,43.06602,369.70926,246.11865,22.0,6.0,0
115.94811,200.0,51.96291,0.000892767,44.43159,75.682915,257.35355,247.32008,18.0,0.0,0
242.61732,200.0,82.460144,0.026866617,25.921198,34.331944,241.17677,112.16209,0.0,1.0,0
156.06345,200.0,51.952225,0.0017623781,50.701385,49.38742,227.76595,120.44864,5.0,2.0,0
245.26292,200.0,113.54515,0.012531036,36.497616,53.042957,266.8533,57.63543,18.0,3.0,0
112.12217,200.0,79.95663,0.008779508,22.038273,43.16984,101.20255,119.10973,18.0,1.0,0
216.8417,200.0,103.05419,0.015922213,18.008156,40.385967,391.5378,140.86316,5.0,2.0,0
269.9406,200.0,110.06481,0.027906163,32.132748,70.19832,402.11002,137.88373,4.0,0.0,0
47.345417,302.0,137.57935,0.0029903078,21.955904,30.059885,295.56766,146.14175,14.0,6.0,0
121.500984,200.0,107.59992,0.0013123929,47.219727,26.912361,292.25946,76.340675,21.0,4.0,0
139.98558,200.0,65.080315,0.0033321576,35.17135,80.151924,417.09732,217.64256,20.0,0.0,0
433.2364,200.0,83.0839,0.007987602,69.71988,50.627777,325.4616,131.6197,19.0,2.0,0
189.60873,200.0,121.96043,0.00263366,30.294483,33.68841,0.0,93.06145,22.0,0.0,0
174.65125,200.0,111.54295,0.018096292,65.9338,71.25827,233.26971,151.7298,7.0,3.0,0
195.0277,200.0,93.32227,0.0049908417,53.766613,67.467125,464.57098,87.259544,22.0,1.0,0
183.8915,200.0,64.723595,0.0033286652,38.19543,31.342722,242.02615,104.15776,0.0,6.0,0
154.20534,200.0,119.48616,0.029777654,57.423504,61.147163,403.28873,66.53787,12.0,3.0,0
340.01892,200.0,110.596504,0.022702431,55.98125,45.32005,122.54563,42.721672,5.0,0.0,0
172.12854,200.0,154.68768,0.014420857,39.429855,80.082664,90.22403,322.57312,15.0,6.0,0
221.69882,200.0,47.728924,0.010540321,41.815464,46.780293,214.13028,76.09743,11.0,6.0,0
174.05553,200.0,96.16975,0.001492908,27.203035,49.569134,342.72855,235.82233,5.0,1.0,0
16.376251,200.0,125.04287,0.0026164672,68.101555,42.389854,196.62991,141.15916,22.0,2.0,0
218.34988,200.0,31.724104,0.010669909,75.863174,57.45983,230.29846,178.44345,4.0,1.0,0
310.03384,200.0,107.872765,0.0029735928,52.009785,46.524647,97.54181,202.71101,9.0,2.0,0
177.88583,200.0,145.38388,0.010475751,10.635278,47.573257,454.2028,97.205,14.0,2.0,0
220.5822,500.0,98.96913,0.0011404896,33.46093,42.91719,384.5913,135.2721,1.0,4.0,0
3228.1243,504.0,119.776924,0.17718327,81.56927,81.2757,8537.1,5729.497,19.0,1.0,1
344.8618,200.0,124.95727,0.003404333,50.46731,38.723618,323.155,105.5067,9.0,3.0,0
129.02759,500.0,75.47382,0.010579551,32.061584,56.986843,245.31378,95.06349,1.0,6.0,0
165.10529,200.0,104.806984,0.025294492,44.34018,29.222013,237.0441,58.4117,16.0,1.0,0
237.09773,200.0,63.352734,0.00298455,43.392807,44.13052,212.60611,105.03217,15.0,2.0,0
144.3759,200.0,110.08514,0.01548592,31.042297,59.026356,291.7036,138.80693,10.0,2.0,0
205.1201,200.0,50.093224,0.0035197877,39.151073,58.766865,133.96017,177.42136,13.0,6.0,0
164.5075,200.0,96.749695,7.766195e-05,21.79255,39.58643,283.25174,198.32748,18.0,4.0,0
140.96288,200.0,118.68469,0.0038081808,55.68619,46.331726,198.0722,187.612,10.0,2.0,0
332.6278,200.0,135.96729,0.0024269002,33.926083,40.47509,217.44585,132.49484,19.0,1.0,0
58.711826,201.0,83.04606,0.017805452,21.537209,38.18232,510.04605,90.40971,11.0,4.0,0
292.50754,200.0,150.81874,0.04650539,30.139217,45.450233,282.30103,16.664457,0.0,5.0,0
192.6771,302.0,101.99419,0.02419788,29.398064,54.3714,25.037233,104.990326,17.0,3.0,0
231.36548,200.0,95.7888,0.0036107576,57.15184,81.43392,146.29727,72.367775,12.0,3.0,0
259.03867,200.0,82.51102,0.0038971798,58.23201,74.02451,150.98767,82.40004,18.0,0.0,0
150.51735,200.0,95.67997,0.0022572493,33.87259,51.706223,242.69408,99.31545,20.0,6.0,0
333.79837,404.0,126.204605,0.021323582,64.440926,46.89449,528.74164,0.0,2.0,3.0,0
168.08775,200.0,92.058495,0.0072322716,22.890718,56.823803,77.935036,223.34311,10.0,0.0,0
94.06049,200.0,123.96723,0.0004008889,19.584713,47.259506,212.29019,264.27557,13.0,4.0,0
185.0547,200.0,133.54614,0.014390217,33.63247,60.488785,280.20633,173.27713,9.0,3.0,0
53.749084,201.0,94.1565,0.0518729,7.1744485,53.176403,353.60577,43.536842,13.0,2.0,0
252.23965,200.0,103.27212,0.011498565,43.421738,60.650665,126.16781,0.0,20.0,4.0,0
171.11115,200.0,119.7237,0.014082596,46.610817,37.489033,236.32504,121.02298,14.0,3.0,0
185.6402,200.0,127.19357,0.005615938,35.459858,62.403988,247.64497,245.44011,7.0,6.0,0
290.86096,200.0,164.68256,0.00019808719,42.959248,64.18396,312.082,201.18353,4.0,4.0,0
155.07542,200.0,103.44808,0.0011704846,11.056562,52.337627,251.44098,103.262085,8.0,4.0,0
289.40872,404.0,74.6923,0.009142334,61.36113,54.094826,447.9637,152.86577,10.0,1.0,0
263.6597,200.0,90.55378,0.0073509538,42.248775,73.00596,356.75684,68.558266,21.0,4.0,0
315.1495,200.0,117.973045,5.5099904e-06,61.293865,70.80852,252.40002,217.7468,19.0,5.0,0
247.45818,200.0,163.4216,0.0047658677,37.976627,77.9551,148.53929,137.27713,5.0,5.0,0
128.41544,200.0,91.07975,0.0022806355,45.09245,62.70605,302.1478,124.70549,23.0,5.0,0
77.53082,301.0,74.0306,0.009597555,52.06732,49.477276,160.24745,24.717472,8.0,4.0,0
156.27246,201.0,87.98664,0.0057748877,27.900629,40.403843,314.55774,131.39873,11.0,0.0,0
127.5239,200.0,63.97855,0.0044250656,34.061584,24.51495,134.43883,116.80315,12.0,5.0,0
91.86415,200.0,97.24153,0.03734,55.55244,38.331306,351.78342,108.97185,12.0,1.0,0
201.14755,200.0,123.6406,0.0032369525,28.72296,69.43718,121.91313,31.70103,4.0,3.0,0
159.1792,200.0,99.57406,0.004087264,39.198578,59.92312,216.4988,160.60425,9.0,2.0,0
216.10233,200.0,131.82486,0.00017519659,52.313175,55.41288,220.90768,250.70055,9.0,1.0,0
340.32407,200.0,142.17784,0.010235806,38.11776,30.685814,426.497,263.98953,13.0,0.0,0
265.9239,200.0,136.67876,0.0033762183,29.926807,85.67123,239.07765,124.58895,5.0,5.0,0
91.005295,200.0,127.92461,0.009380941,63.270855,52.779488,194.27837,81.26575,4.0,1.0,0
211.14072,200.0,91.75704,0.0076719294,33.484634,55.74378,428.23422,59.986908,19.0,3.0,0
113.52261,200.0,85.78202,0.002125932,18.115046,82.52405,410.53787,107.23921,8.0,3.0,0
314.06564,200.0,57.27779,0.02044471,54.549023,54.558956,204.32585,47.68295,17.0,4.0,0
264.13644,201.0,133.35664,0.0060675438,20.226334,55.10022,283.4963,138.06325,22.0,4.0,0
270.6815,200.0,120.79041,0.016484743,47.41454,44.485924,367.82855,223.29607,6.0,1.0,0
252.2458,204.0,153.38345,0.011726257,26.189392,65.763374,233.45778,208.73894,8.0,4.0,0
296.93216,200.0,75.477715,0.0056413864,52.892063,26.191734,133.19923,248.54163,0.0,2.0,0
310.4309,200.0,159.81607,0.0008360238,39.330406,61.08212,207.08157,162.5149,7.0,1.0,0
151.92188,200.0,116.10849,0.013667917,27.806658,61.579254,319.12595,205.88812,13.0,0.0,0
90.98016,200.0,64.1509,0.0030069468,32.877663,75.28812,125.737465,131.15083,10.0,5.0,0
134.65848,200.0,99.6605,0.029059483,22.282494,58.171505,210.34103,102.5222,4.0,4.0,0
1106.2373,200.0,172.1865,0.02661659,54.823566,67.02136,9653.898,9052.814,20.0,0.0,1
182.24492,301.0,49.484505,0.01631511,46.720726,74.963554,410.1653,68.56679,7.0,0.0,0
413.42978,200.0,59.466812,0.0073583736,46.443615,49.0347,239.24101,115.12027,14.0,2.0,0
276.292,200.0,134.846,0.017020635,55.74977,35.242146,180.98227,298.01852,15.0,4.0,0
191.91968,302.0,88.260086,0.008134603,22.97254,63.603336,102.2549,270.9035,5.0,3.0,0
179.613,200.0,134.01828,0.0031412065,60.9911,17.23467,124.08457,104.85915,10.0,6.0,0
147.95015,200.0,126.6985,0.006485852,62.689365,67.09698,331.22324,160.25188,11.0,6.0,0
275.8242,200.0,81.90658,0.0032078787,29.071135,60.167065,237.21582,100.25688,18.0,2.0,0
194.00829,200.0,152.33421,0.0022295925,31.336786,60.104794,353.4845,257.6556,13.0,3.0,0
195.50186,200.0,154.25829,0.015806638,36.53167,54.157772,293.0963,167.33731,12.0,1.0,0
145.57388,200.0,66.31582,0.0019806998,46.95471,18.389795,454.91287,271.6952,23.0,0.0,0
66.34959,200.0,75.671776,0.0006202439,39.176865,55.45085,232.46176,71.49519,9.0,0.0,0
342.5232,200.0,108.01031,0.004163521,44.35074,67.13402,82.01258,177.25945,21.0,0.0,0
179.91286,200.0,51.2717,0.008512613,52.264343,68.73779,275.67493,213.5434,8.0,3.0,0
179.07123,204.0,64.091866,0.0016426102,19.052437,43.071617,167.24889,227.13557,2.0,4.0,0
148.65735,200.0,120.71629,0.00037165196,73.57469,45.520306,248.03152,153.04892,4.0,6.0,0
142.11594,200.0,90.77703,0.0028852555,41.209213,61.64504,251.27264,306.54663,10.0,3.0,0
144.316,200.0,106.02519,0.022788739,41.24677,58.06213,236.59026,119.372154,11.0,5.0,0
153.91478,200.0,113.6074,0.00043453433,40.035286,53.30166,243.37129,22.6452,21.0,1.0,0
127.41391,200.0,167.4798,0.0011447709,45.998524,54.87192,273.9702,342.06232,23.0,0.0,0
381.5714,200.0,110.94708,0.01397409,40.22283,60.074375,449.6578,237.90228,19.0,3.0,0
7742.26,200.0,97.97611,0.14596054,96.17611,82.198784,5394.726,6835.2954,16.0,5.0,1
184.10315,200.0,87.72094,0.027922917,38.759247,41.046944,171.74432,217.23048,4.0,5.0,0
90.020454,200.0,30.418056,0.008575261,44.968372,48.579548,227.2073,161.21866,17.0,1.0,0
174.80594,200.0,74.43005,0.027340742,49.416542,53.220352,248.67119,38.972904,2.0,1.0,0
251.71593,200.0,28.803108,0.0037927385,16.14991,64.68628,419.1754,30.387705,20.0,5.0,0
153.29042,400.0,152.89525,0.01259549,47.00757,72.00492,381.6661,157.11444,1.0,5.0,0
220.89032,200.0,115.17078,0.007573194,48.035156,45.322388,342.08563,112.524864,5.0,6.0,0
123.83844,200.0,42.885883,0.005816824,38.162506,30.346643,205.08098,188.30429,20.0,0.0,0
194.43283,200.0,63.03526,0.018776132,50.723206,56.57976,187.97298,171.78888,10.0,3.0,0
199.05373,200.0,77.527626,0.013922187,46.697956,22.289211,269.17276,56.849823,4.0,3.0,0
276.4696,200.0,84.179405,0.0022703144,50.466152,45.838684,202.82726,0.0,21.0,4.0,0
179.11737,200.0,28.433376,0.0030602284,40.770435,44.523342,382.95145,172.31764,18.0,0.0,0
315.1449,500.0,83.689964,0.0055298805,67.039536,39.53665,407.54184,100.19419,0.0,2.0,0
114.36752,200.0,105.5896,0.01066644,34.527378,37.554012,270.9828,284.387,23.0,4.0,0
173.13965,200.0,140.06128,0.006822599,11.682205,55.838764,400.755,107.47406,22.0,5.0,0
317.55038,200.0,131.02034,0.0025157975,37.92329,30.036951,255.81868,230.82237,13.0,6.0,0
231.44157,200.0,48.94505,0.020998936,39.22441,36.986404,335.99207,131.51541,16.0,5.0,0
257.71396,200.0,58.857426,0.0037773033,35.891953,62.081306,307.2106,89.01347,1.0,3.0,0
93.74592,200.0,121.7146,0.05227518,40.93977,61.68884,271.06863,41.36689,3.0,6.0,0
185.32646,200.0,120.259026,0.0038864692,46.25408,81.35619,326.38098,82.98878,20.0,0.0,0
148.56087,200.0,135.54266,0.0017340773,53.529198,51.587635,225.07416,294.46408,8.0,1.0,0
159.83783,200.0,98.4864,0.009331771,26.577238,36.359917,298.40393,115.935326,5.0,4.0,0
124.74847,200.0,113.90925,0.018888354,50.725864,59.9615,288.20184,57.61223,10.0,1.0,0
113.61088,200.0,137.11392,0.009650821,27.754686,66.654976,60.590496,214.7156,20.0,6.0,0
128.94896,200.0,159.02098,0.0036537293,63.914085,49.34184,256.7827,167.20691,7.0,4.0,0
233.4039,400.0,114.36782,0.00053920405,51.723717,47.40764,223.31685,126.62427,5.0,2.0,0
283.876,200.0,46.692436,0.013639921,52.866405,58.89375,295.5678,110.46521,0.0,0.0,0
209.16112,200.0,88.88665,0.0014532601,61.635204,44.626472,214.00331,261.59613,22.0,4.0,0
291.4395,200.0,119.91411,0.001581678,49.397926,48.6787,130.81921,126.04557,12.0,2.0,0
142.42462,200.0,125.38215,0.002672537,24.895283,40.331596,369.4628,57.71859,13.0,5.0,0
135.57295,200.0,86.17378,0.045194905,52.936142,51.999123,213.78116,187.60849,8.0,3.0,0
205.25264,200.0,137.34084,0.008828609,53.80292,47.52599,278.90027,79.52849,6.0,3.0,0
157.9178,200.0,97.49111,0.01208465,42.894318,47.71165,156.1847,169.5889,21.0,2.0,0
238.48566,200.0,95.918724,0.0036416915,65.04909,55.300358,142.16098,237.38876,14.0,4.0,0
82.280014,204.0,114.93438,0.00068322354,43.919952,75.99957,259.6635,0.0,11.0,4.0,0
162.00322,200.0,69.82782,0.0027228966,32.880577,42.313778,334.48862,230.35487,15.0,0.0,0
281.54202,200.0,76.49529,0.0016131634,46.905384,32.445885,0.0,171.85725,6.0,0.0,0
204.10619,200.0,89.44748,0.0025329876,72.951294,84.81928,206.51086,198.38661,1.0,5.0,0
265.02322,200.0,63.87547,0.012540626,56.896027,29.77129,141.93112,165.8898,19.0,6.0,0
213.99092,301.0,96.2465,0.01364992,59.145535,52.123726,189.79248,98.29741,21.0,3.0,0
312.8783,200.0,145.56325,0.025408376,25.858717,21.794302,279.21194,253.58278,1.0,0.0,0
191.86688,301.0,83.76493,0.027084127,43.138332,33.313248,203.53317,238.04434,22.0,4.0,0
282.05222,201.0,30.357903,0.011124372,17.424032,57.236202,267.29807,124.012985,2.0,3.0,0
418.32324,200.0,168.38795,0.019007687,81.32067,88.75979,398.5485,368.2117,10.0,0.0,1
216.52147,201.0,81.82979,0.01764816,19.15854,60.947018,302.38458,111.35417,16.0,6.0,0
207.98512,500.0,57.78948,0.0062005064,40.71529,52.69491,270.47238,182.38148,7.0,5.0,0
177.02307,200.0,103.78655,0.010052207,37.976738,48.95143,347.67337,96.16347,22.0,0.0,0
174.95648,200.0,107.97497,0.0030140034,35.59245,48.630157,331.48248,20.81795,23.0,6.0,0
294.70087,200.0,117.2737,0.0075826305,34.008144,34.73468,252.7863,109.036125,17.0,6.0,0
141.13188,200.0,104.59104,0.0030940953,50.095955,48.464085,287.717,82.1009,1.0,3.0,0
311.0564,200.0,78.3916,0.0013087522,12.720391,80.93269,266.66418,81.747856,19.0,0.0,0
300.7584,200.0,57.832478,0.008141187,21.096834,36.030273,76.73941,268.89767,3.0,2.0,0
132.84167,200.0,86.78449,0.005884959,59.167915,54.034748,208.76065,296.0366,21.0,5.0,0
98.494064,200.0,63.402073,0.010581401,58.00449,57.550945,168.65474,166.54155,18.0,3.0,0
154.74045,200.0,116.59362,0.021084046,40.71809,51.030605,297.67105,110.900055,9.0,4.0,0
160.97359,200.0,84.971054,0.020940894,28.620373,45.449005,363.5122,118.40198,15.0,4.0,0
175.29993,201.0,72.170944,0.011228693,61.134724,32.90434,242.57852,193.12813,19.0,1.0,0
111.29029,200.0,51.36591,0.036791928,29.391401,41.267754,363.0511,266.94534,7.0,0.0,0
187.65086,301.0,120.69353,0.0069486424,38.394543,41.06323,469.95956,225.91612,14.0,4.0,0
325.23633,200.0,150.5198,0.008053729,48.830494,49.181904,207.687,190.5078,5.0,3.0,0
409.51324,200.0,91.75374,0.03392268,12.945442,68.62986,189.99835,108.4998,1.0,4.0,0
149.22296,200.0,69.91171,0.009300068,35.585392,39.78801,188.08894,141.9334,5.0,1.0,0
134.38492,200.0,137.90253,0.0011117209,42.715855,47.20303,211.27698,272.80984,20.0,6.0,0
180.81445,400.0,36.65679,0.003020861,52.684452,39.69451,202.29895,72.8436,13.0,3.0,0
159.22069,200.0,110.31533,0.023576641,40.413994,43.56527,309.09528,245.72113,13.0,6.0,0
229.43521,200.0,75.71336,0.024090933,59.568645,38.275692,303.6715,168.84848,6.0,5.0,0
470.56982,200.0,171.11507,0.028879894,81.785706,96.11823,409.85556,280.28287,16.0,5.0,1
542.95874,200.0,127.877174,0.022783102,82.01055,85.680595,318.5025,347.857,16.0,3.0,1
174.44144,200.0,96.124054,0.004878453,50.648766,87.685326,445.4727,184.69225,12.0,6.0,0
396.612,200.0,79.71308,0.013823039,47.872528,53.51049,173.09006,50.50623,6.0,4.0,0
345.02707,200.0,87.93493,0.004454834,54.31755,62.389923,303.06204,164.57506,5.0,6.0,0
351.21707,301.0,83.93781,0.00095004734,23.784409,33.08234,264.39957,233.22519,17.0,6.0,0
186.94315,200.0,84.11166,0.0011371,50.488243,57.189533,115.43129,111.34031,3.0,4.0,0
128.21892,200.0,66.27652,0.028708195,27.041674,60.13893,310.61758,92.83495,12.0,6.0,0
178.27661,200.0,87.882965,0.01186116,75.12883,19.589851,275.08945,158.62032,4.0,3.0,0
61.067284,200.0,81.28621,0.021091001,64.43174,25.859058,381.7683,155.58047,4.0,6.0,0
159.02786,201.0,79.64138,0.0009140059,57.575336,21.898088,123.645905,147.76929,6.0,0.0,0
342.83902,201.0,106.92119,0.001868343,75.497345,36.9861,322.6554,250.46716,21.0,6.0,0
201.91248,200.0,95.21364,0.0021249615,47.80648,35.167183,243.77016,209.97063,15.0,6.0,0
250.08507,500.0,51.61779,0.020782514,39.42319,51.126114,228.15352,193.79156,4.0,6.0,0
183.98703,301.0,136.90218,0.0135355955,46.32751,79.126526,376.12906,231.84894,16.0,1.0,0
145.5764,200.0,86.492004,0.0017914918,78.9469,62.54314,395.72144,88.431564,14.0,2.0,0
189.46857,200.0,112.03964,0.0060318117,54.63439,55.657375,87.00541,0.0,19.0,4.0,0
358.2678,200.0,83.96729,0.016746918,35.190113,52.173344,76.01648,172.20914,16.0,0.0,0
143.26378,302.0,132.00597,0.012098351,33.9513,56.86187,320.20877,146.30226,3.0,5.0,0
335.85995,200.0,109.64634,0.003661328,23.514336,31.660044,182.86772,78.90542,22.0,0.0,0
166.09933,200.0,127.311516,0.0014453529,11.965116,39.881313,480.44104,133.21707,15.0,0.0,0
152.75406,200.0,70.79203,0.0016277842,61.784683,58.927937,182.10645,261.9523,19.0,4.0,0
99.606285,200.0,69.10829,0.004860972,40.1413,52.17392,261.91504,271.70447,2.0,4.0,0
3945.8833,500.0,67.073654,0.18246615,63.885406,79.49283,219.24013,145.15161,7.0,0.0,1
1378.33,200.0,187.4366,0.04573402,58.28236,66.56511,8223.227,9719.086,19.0,5.0,1
200.57327,200.0,89.07996,0.004275699,0.0,40.272266,146.18997,44.566204,3.0,0.0,0
293.55582,200.0,93.825035,0.012504301,26.150208,41.795242,342.07977,256.33896,20.0,6.0,0
252.54095,200.0,157.53659,0.0032225435,39.576027,69.10734,256.13904,0.0,1.0,0.0,0
168.29308,400.0,76.483475,0.0059690983,61.03553,33.70753,130.97697,47.48476,3.0,4.0,0
219.41307,200.0,92.715385,0.009239565,47.17869,66.11495,403.1214,68.15919,1.0,3.0,0
169.51254,200.0,119.9258,0.023511866,26.293617,54.338734,324.56522,117.83934,23.0,4.0,0
506.46024,200.0,80.77674,0.07661615,25.47689,50.765797,0.0,328.23297,8.0,0.0,0
167.0658,200.0,72.837425,0.01368633,45.68854,38.204483,338.4092,104.85269,19.0,0.0,0
305.83957,200.0,51.683403,0.003858677,36.707092,53.18036,0.0,6.2232094,6.0,4.0,0
122.33872,200.0,105.72609,0.028534569,52.132545,57.069958,183.8826,41.102848,0.0,5.0,0
81.584946,200.0,75.672005,0.0022183268,48.180733,36.60262,305.01297,147.93346,20.0,4.0,0
232.43407,200.0,97.24249,0.029406225,54.222523,47.130333,172.81369,195.48012,13.0,4.0,0
168.34192,200.0,140.07881,0.014181385,27.717932,25.671768,259.6377,47.794582,2.0,0.0,0
116.93147,200.0,41.494877,3.41325e-06,36.118885,22.313803,201.3677,203.05698,18.0,1.0,0
358.84424,200.0,106.81047,0.009944231,28.42054,24.601946,273.65988,190.7449,20.0,4.0,0
166.73048,200.0,105.225426,0.007891797,48.58571,47.881916,108.287056,173.81163,8.0,5.0,0
146.90686,200.0,139.3637,0.0059357407,44.372444,53.037846,228.01192,95.25188,2.0,6.0,0
180.92177,200.0,104.439865,0.0036658335,29.269138,34.60893,239.24525,86.67858,16.0,0.0,0
370.89465,200.0,64.87208,0.040038634,58.129765,59.741222,176.73648,97.072876,19.0,0.0,0
145.28694,200.0,26.48608,0.0023659102,50.667084,43.53755,99.04371,133.90668,13.0,2.0,0
166.82838,200.0,97.65059,0.0127697075,31.706678,48.557224,337.7588,225.38766,19.0,5.0,0
157.7423,201.0,66.68562,0.007855216,42.48087,70.70889,323.55292,259.18814,8.0,4.0,0
364.08893,200.0,80.7865,0.005163109,84.47277,51.764526,399.1762,156.25246,7.0,2.0,0
282.76675,200.0,161.19951,0.014711124,67.00351,50.459106,306.05988,143.84375,18.0,3.0,0
104.53987,200.0,123.745834,0.0048001013,33.4754,40.814682,158.3712,250.78085,9.0,6.0,0
234.65683,200.0,108.99491,0.0048991838,21.051538,47.273808,256.206,293.00302,9.0,5.0,0
58.62404,200.0,143.4073,0.0020004332,45.187836,32.22004,331.17828,232.53973,18.0,1.0,0
265.69006,200.0,125.82227,0.007884682,56.161835,66.42883,299.1573,62.964493,18.0,3.0,0
219.41257,200.0,95.82375,0.0024430053,32.06689,68.45667,332.51135,47.350513,5.0,6.0,0
188.49522,200.0,99.67479,0.04437825,53.91138,83.17755,253.49194,138.66893,9.0,1.0,0
81.306656,200.0,81.07765,0.044233132,61.14103,39.48859,258.6086,83.71683,5.0,3.0,0
159.7608,200.0,106.64251,0.028994694,26.348995,45.507877,120.672676,231.2748,5.0,5.0,0
179.89145,200.0,121.20228,0.0047868546,54.98725,54.505386,203.22238,151.709,19.0,0.0,0
163.15558,200.0,166.06645,0.0013700455,45.88857,30.382637,350.92487,169.6593,15.0,5.0,0
322.5256,200.0,48.26969,0.0008270047,9.830452,82.362366,251.1428,182.89705,12.0,4.0,0
300.44977,204.0,88.50356,1.5113347e-06,32.656116,35.280014,166.16797,86.78193,3.0,3.0,0
165.7629,200.0,110.23396,0.004508022,36.473602,36.882214,443.5961,159.9001,6.0,1.0,0
203.97223,404.0,180.06648,0.0069771186,37.792522,36.44457,221.39043,6.245577,13.0,1.0,0
297.01984,200.0,144.2081,0.006043095,34.083206,54.942574,293.84494,190.21764,19.0,4.0,0
124.049225,200.0,71.08989,0.0025239526,45.195694,51.26744,368.26154,52.352043,20.0,5.0,0
157.274,200.0,147.71463,0.022516236,46.695976,79.69168,215.79398,158.34187,11.0,2.0,0
124.992004,200.0,96.29896,0.019269714,45.104885,4.817904,255.25282,99.88338,11.0,1.0,0
141.25478,200.0,81.171524,0.026953844,50.126446,31.146662,330.5071,211.31114,22.0,4.0,0
96.84733,200.0,12.479115,0.049791478,32.122883,56.124992,249.31314,105.04532,17.0,2.0,0
128.17432,200.0,107.33827,0.031202022,41.27609,38.46536,42.63415,174.90726,10.0,6.0,0
221.95529,200.0,107.2324,0.010101712,45.076298,50.862408,428.17282,199.89476,1.0,2.0,0
273.95123,200.0,120.30586,0.009408759,7.565063,42.664734,214.6109,155.44644,2.0,3.0,0
193.40656,200.0,109.35955,0.0011013191,44.596382,48.702072,319.82382,11.964932,16.0,6.0,0
89.940605,200.0,74.85979,0.0042240843,32.11593,47.820934,159.64886,122.440956,15.0,6.0,0
243.15718,200.0,88.30731,0.027503937,57.54303,20.861761,45.590473,241.89806,18.0,2.0,0
126.33874,200.0,95.57673,0.008064815,38.095562,46.035435,199.99591,217.94122,7.0,6.0,0
86.77962,200.0,109.61211,5.239584e-05,41.3764,48.85595,229.28114,116.02887,4.0,1.0,0
170.68446,200.0,56.97782,0.014067805,62.82678,40.376156,152.12563,119.18938,12.0,0.0,0
74.588455,200.0,88.44684,0.020489005,21.34019,72.27481,276.72067,208.55911,2.0,0.0,0
1411.388,200.0,100.98602,0.03870832,63.959435,62.964127,8752.784,9207.09,5.0,1.0,1
187.48238,200.0,81.2046,0.0074580777,67.34307,53.439884,262.71674,165.31668,21.0,1.0,0
145.62416,200.0,85.86839,0.0064999433,40.448864,56.1085,162.19449,134.04338,14.0,3.0,0
65.38975,200.0,73.57855,0.011010136,8.34619,50.005737,281.30475,26.066221,9.0,3.0,0
157.12965,200.0,67.94116,0.014535929,53.56429,51.907085,359.38925,229.94861,14.0,4.0,0
179.57486,200.0,131.13673,0.017648568,47.41531,53.183277,320.91818,216.83708,17.0,0.0,0
329.1982,200.0,63.474316,0.002850334,55.00398,51.85071,168.82301,236.90755,13.0,3.0,0
199.02565,200.0,119.05699,0.015504225,42.101624,58.781315,114.31849,236.78566,23.0,4.0,0
232.18852,400.0,112.75926,0.028136246,23.979216,52.02301,384.0987,50.16155,10.0,4.0,0
239.97629,200.0,120.00478,0.005937547,56.245007,53.01946,373.5182,262.8505,4.0,0.0,0
328.63724,200.0,98.924774,0.024731953,9.097483,42.679314,499.01816,80.14647,4.0,0.0,0
192.40486,200.0,121.91496,0.008731912,47.306313,31.795238,366.8526,104.12211,22.0,5.0,0
562.1906,200.0,111.3176,0.015998293,87.77973,95.649,425.9372,392.59546,22.0,1.0,1
176.36453,200.0,77.65692,0.0019906634,58.548035,52.05972,111.124275,161.8445,5.0,5.0,0
252.3965,200.0,135.7033,4.3018903e-05,43.62041,19.562994,438.9791,164.60619,12.0,0.0,0
208.9125,200.0,152.56819,0.0062537086,22.708214,50.860752,216.31314,135.09184,12.0,4.0,0
176.0104,200.0,127.47806,0.004269095,54.790955,61.13192,201.77888,62.810703,23.0,0.0,0
215.79414,200.0,147.64297,0.017046556,64.17332,66.28927,203.43744,129.06902,2.0,2.0,0
306.4518,201.0,101.03708,0.015334057,25.035421,65.01758,245.93547,222.40048,21.0,1.0,0
213.0682,200.0,138.55232,0.00564588,66.73387,31.199509,237.18208,80.78175,17.0,1.0,0
203.42903,200.0,89.08313,0.004762879,52.120506,45.2524,292.64465,101.53486,5.0,2.0,0
330.7651,204.0,86.65209,0.002621869,59.591133,67.761856,154.04375,158.24628,18.0,6.0,0
215.96442,200.0,118.17796,0.02953561,47.609158,36.937996,25.555157,104.79703,9.0,6.0,0
271.65536,200.0,88.09132,0.009013528,42.20916,18.201881,312.43967,115.17782,4.0,5.0,0
167.2316,200.0,81.475105,0.0015310111,39.94757,72.67117,33.783794,169.2835,17.0,4.0,0
243.36627,200.0,112.35895,0.0027503257,46.098385,48.14151,305.82602,161.33194,17.0,4.0,0
572.5947,200.0,118.6145,0.0018932833,45.156685,42.76063,212.1804,148.0311,20.0,2.0,0
459.9279,200.0,96.42129,0.009241609,30.383902,58.295307,65.075516,116.93241,5.0,5.0,0
205.87088,200.0,108.25565,0.018654976,39.823635,56.93453,178.03207,24.863312,4.0,1.0,0
68.26787,200.0,66.38623,0.029348977,16.690361,59.96496,133.18094,238.38301,16.0,4.0,0
7639.3506,503.0,128.2099,0.27540934,46.663734,40.99247,371.94846,174.1608,7.0,6.0,1
364.39468,200.0,144.09843,0.013725136,40.31212,45.507767,222.57597,211.17497,6.0,1.0,0
216.08995,200.0,73.64182,0.0006037564,63.96239,39.027237,240.1058,138.75864,17.0,2.0,0
83.80054,200.0,84.89954,0.0032254742,18.586102,36.894234,303.0607,73.6821,22.0,4.0,0
181.8782,200.0,118.8122,0.001520738,25.560486,55.632828,384.047,195.75468,22.0,5.0,0
260.2804,201.0,134.06454,0.00031437684,23.951105,36.332607,241.23691,134.19551,13.0,3.0,0
64.13912,200.0,127.72644,0.002652743,19.13687,42.857246,155.86198,294.97394,5.0,2.0,0
135.31505,200.0,97.14573,0.0101812575,18.30086,29.800884,161.09846,118.74462,15.0,6.0,0
175.94508,200.0,82.02514,0.0011567618,17.87353,64.3961,275.0614,153.72583,4.0,5.0,0
158.03601,200.0,52.87261,0.006563773,61.305885,61.784325,213.69846,331.46655,12.0,3.0,0
204.39088,200.0,67.17256,0.0015471879,48.844967,43.594795,252.37703,96.04645,14.0,5.0,0
251.5876,200.0,131.34134,0.0037676594,43.910156,47.313957,256.8095,251.0109,3.0,2.0,0
349.4022,200.0,127.64551,0.005822063,35.81714,39.311607,354.28253,73.22494,5.0,0.0,0
362.9292,200.0,90.62223,0.00024737857,57.03124,62.784595,193.76581,231.1187,4.0,3.0,0
257.4005,200.0,130.53378,0.020165432,14.150009,49.354122,268.116,91.93994,22.0,4.0,0
280.16583,200.0,172.14415,0.00399694,30.819164,64.72404,63.973907,118.69941,7.0,5.0,0
185.88292,200.0,107.31629,0.00544971,39.778404,50.954506,151.57683,50.066025,13.0,5.0,0
195.69647,200.0,52.511257,0.004119217,71.06235,56.339115,225.56053,69.84597,13.0,0.0,0
248.6758,200.0,128.35464,0.017691046,35.702225,22.49135,243.34132,182.47794,6.0,4.0,0
279.4312,200.0,53.297005,0.0013835677,26.694769,60.69327,216.13283,179.92503,18.0,1.0,0
136.48927,200.0,100.13469,0.025927808,47.0491,59.34144,15.2855015,214.6512,11.0,6.0,0
252.4735,200.0,164.55948,0.004620019,35.72984,22.009768,415.1328,0.0,23.0,2.0,0
155.72566,200.0,122.73254,0.018485108,34.6906,55.740158,379.54178,97.265396,20.0,2.0,0
106.27411,200.0,105.103195,0.00045977975,15.68936,66.41535,194.8889,120.17271,13.0,1.0,0
88.72969,200.0,62.7514,0.010676384,49.29056,61.68192,311.99573,199.91232,11.0,1.0,0
232.95341,200.0,60.268356,0.006949698,0.0,48.886345,238.42339,170.5677,4.0,2.0,0
225.57172,200.0,108.04874,0.0039086253,60.884586,53.139534,420.76437,106.697685,21.0,6.0,0
295.82007,204.0,108.600815,0.003027757,31.49545,40.31864,173.32553,72.17798,17.0,6.0,0
408.12906,200.0,144.5205,0.00022070874,23.64307,29.602503,288.82153,200.8345,8.0,4.0,0
127.14802,200.0,58.72433,0.007564621,22.52951,49.706764,265.9048,281.3264,0.0,4.0,0
167.15573,200.0,137.23355,0.026011316,46.41701,71.91506,135.83669,165.7368,14.0,4.0,0
159.57466,400.0,82.24608,0.028015502,54.85985,55.4627,185.00949,173.41946,13.0,4.0,0
201.33505,200.0,111.4209,0.004032866,47.713947,45.409134,228.3257,315.14603,7.0,5.0,0
163.254,200.0,115.36224,0.007018947,36.37559,42.90116,455.50607,127.04103,10.0,3.0,0
240.84616,200.0,187.7066,0.013890147,42.51646,30.628775,186.76756,192.46391,18.0,4.0,0
127.38511,200.0,70.05003,0.011570844,32.97825,43.622055,384.46967,137.93369,14.0,3.0,0
223.3097,200.0,104.02266,0.011892963,18.170782,53.28607,93.26422,297.00513,7.0,2.0,0
123.784325,200.0,94.30409,0.013348803,55.805744,57.905483,224.66869,205.52063,5.0,2.0,0
116.594,200.0,61.18009,0.021294478,42.081345,56.730537,233.2357,109.79251,9.0,4.0,0
228.58673,200.0,107.41193,0.00203965,53.29388,59.27511,311.6909,212.27637,3.0,2.0,0
120.58248,200.0,101.66776,0.023306541,24.85304,63.096928,109.863945,138.74843,5.0,5.0,0
99.663414,200.0,90.84285,0.0007437805,28.5275,57.356636,242.49615,162.3983,19.0,3.0,0
7353.8994,502.0,129.73375,0.2925571,32.43069,51.12727,310.58466,168.3401,13.0,5.0,1
84.30136,200.0,82.54688,6.863024e-05,48.477257,35.681877,290.95764,352.1119,5.0,4.0,0
202.77092,400.0,123.2936,0.0032419069,52.83559,64.84045,96.644196,160.83054,16.0,1.0,0
205.26823,200.0,104.06624,0.0011626992,53.813248,50.206093,0.0,124.833305,0.0,0.0,0
192.8573,200.0,95.98515,0.009419458,25.521893,19.382914,117.96866,105.4316,22.0,6.0,0
144.47617,204.0,73.20795,0.0058723358,54.239098,28.900097,229.84088,53.83895,4.0,4.0,0
321.65442,201.0,92.41685,0.0035251735,32.394382,53.47077,230.085,164.9531,10.0,3.0,0
237.9113,200.0,56.692345,0.006599101,78.02575,49.055614,285.63083,43.11313,8.0,4.0,0
309.86264,200.0,146.01279,0.0010336813,56.397575,43.129917,194.5787,119.09606,7.0,3.0,0
192.41464,201.0,157.8806,0.021155182,14.859544,33.501274,280.9117,124.56251,17.0,5.0,0
296.93484,201.0,95.73119,0.0038372527,34.488033,51.317966,201.19185,76.53325,17.0,2.0,0
265.2184,200.0,122.73617,0.0019906298,37.301235,50.715046,261.91678,270.76086,11.0,0.0,0
183.81877,200.0,73.819244,0.00952791,46.645313,45.2353,163.62404,232.09016,12.0,3.0,0
137.40446,301.0,148.11308,0.021988073,40.35844,41.8948,192.3133,181.98409,11.0,1.0,0
124.55063,200.0,46.77669,0.0053449613,41.734814,34.913876,154.92949,0.0,1.0,2.0,0
262.72375,200.0,88.24351,0.013696388,54.49043,46.888687,420.99832,133.99097,23.0,2.0,0
405.33496,200.0,85.662155,0.00071257184,45.8314,28.612192,333.20566,124.29938,22.0,1.0,0
162.85785,200.0,55.322674,0.00043219686,22.074318,48.33056,206.59166,131.90175,9.0,0.0,0
109.80459,200.0,108.791504,0.014261085,37.577297,60.318768,329.63065,72.743,1.0,1.0,0
179.98804,200.0,76.71828,0.043818533,35.352676,9.784308,310.3047,144.3888,22.0,3.0,0
147.26608,302.0,99.26512,0.0053362367,43.707245,48.05712,163.11366,375.37808,2.0,3.0,0
286.08267,200.0,118.151054,0.0008196945,13.314888,56.672356,343.26938,122.68234,23.0,4.0,0
3813.2947,503.0,135.30269,0.17763194,38.58129,74.3098,325.1655,162.37215,20.0,3.0,1
272.64432,201.0,97.83691,0.022506313,48.381298,69.65729,269.94943,248.58606,23.0,3.0,0
9570.552,504.0,64.88642,0.20421968,42.37409,73.709305,216.22534,127.078896,4.0,2.0,1
156.06276,204.0,100.85045,0.0036636142,43.043613,43.26826,218.67596,83.27271,0.0,4.0,0
301.2495,200.0,167.98685,0.004502156,36.674213,71.53513,281.90045,265.5185,5.0,4.0,0
110.0293,200.0,84.22886,0.0082118735,36.87042,44.77965,45.38507,173.58253,15.0,1.0,0
305.7304,200.0,87.92251,0.002027203,38.452084,67.48614,278.40256,142.43803,10.0,2.0,0
148.47798,204.0,70.90961,0.033348452,32.17137,31.137554,221.18016,71.35363,21.0,2.0,0
353.7504,200.0,111.56409,0.027352244,17.398071,47.035774,401.1233,45.922707,0.0,3.0,0
72.859314,200.0,77.52611,0.0061256257,34.51495,62.348774,359.78015,159.9708,11.0,4.0,0
2217.4924,503.0,80.21829,0.1947735,43.950733,49.86803,226.73193,160.67033,21.0,3.0,1
262.1717,200.0,99.969345,0.014194541,54.110023,36.983994,169.3181,166.12689,7.0,1.0,0
139.15169,500.0,164.75502,0.0267157,8.598593,41.62822,197.63458,160.6992,17.0,4.0,0
192.91924,200.0,88.91749,0.013020018,49.656605,74.53024,325.9783,138.3704,20.0,0.0,0
317.58234,200.0,88.69627,0.002667842,51.78063,32.77041,201.45462,94.341484,10.0,0.0,0
198.07704,200.0,94.395744,0.026945334,49.040573,45.09089,289.17706,126.597694,14.0,2.0,0
271.23578,200.0,119.205536,0.012535165,69.929306,47.16394,181.78159,174.61644,15.0,3.0,0
9123.537,504.0,93.40488,0.17638256,49.539856,67.68313,246.47446,266.37854,8.0,3.0,1
520.67957,200.0,153.88441,0.0018637466,52.817852,47.32556,131.29047,251.76053,20.0,4.0,0
393.59766,200.0,153.53532,0.00430702,32.39039,70.2401,261.44183,239.37065,12.0,4.0,0
3714.2832,503.0,87.114944,0.26616186,43.476788,48.624462,244.30972,104.16438,13.0,4.0,1
153.81126,204.0,87.082375,0.0014229163,21.903944,49.798233,190.56064,72.32622,18.0,2.0,0
218.76602,400.0,163.11732,0.012047923,56.847374,67.532555,446.30948,261.58914,7.0,2.0,0
147.31607,200.0,98.823425,0.010837949,47.595554,65.80192,172.51674,151.6672,21.0,6.0,0
152.52417,200.0,82.140785,0.002997881,33.821293,51.47912,313.0587,150.70818,20.0,0.0,0
219.25635,200.0,116.17336,0.010645561,37.2704,52.8365,267.4625,332.1091,18.0,4.0,0
157.06705,200.0,148.67075,0.003080902,20.059156,42.30061,88.39669,75.164505,15.0,5.0,0
189.9641,302.0,138.58902,0.013089244,19.128931,64.40736,308.94992,144.01584,19.0,0.0,0
106.57139,200.0,87.98716,0.0029159475,56.093422,39.802536,321.1458,149.85721,9.0,3.0,0
90.90277,200.0,153.16278,0.005029335,40.386944,69.65326,178.6627,0.0,1.0,2.0,0
89.99331,301.0,64.48964,0.0066754916,51.218075,53.22282,373.44446,93.10269,21.0,0.0,0
107.96554,200.0,77.405716,0.004229035,44.942173,54.107944,354.19818,158.59601,0.0,6.0,0
416.3796,200.0,92.84962,0.028975315,99.00862,99.30426,285.69553,308.6981,6.0,1.0,1
190.50023,200.0,108.02776,0.009704169,25.442099,33.128918,282.65878,171.56483,10.0,3.0,0
231.6779,200.0,102.60545,0.004318407,34.460026,51.586998,456.4811,116.18738,21.0,5.0,0
83.89072,200.0,58.40215,0.009354816,41.737797,46.174908,256.33527,174.08034,11.0,5.0,0
116.941444,400.0,127.04554,0.015853828,64.164085,58.628418,318.4883,230.09741,6.0,6.0,0
212.36925,200.0,85.04757,0.012107663,57.49138,56.94781,148.63342,182.47572,9.0,3.0,0
164.94943,200.0,142.091,0.0095391655,33.199013,31.978249,26.168896,116.93365,14.0,1.0,0
127.604454,200.0,61.79533,0.00083544024,53.860382,40.11475,315.0859,66.935295,22.0,6.0,0
102.49615,200.0,55.72439,0.0050634993,44.446728,91.45765,245.93492,134.24022,20.0,5.0,0
161.17604,201.0,95.96612,0.020100007,18.350159,35.992195,356.9436,120.2651,11.0,2.0,0
256.6654,200.0,117.57953,0.005710211,44.841652,56.537132,63.200275,212.18031,15.0,4.0,0
193.0653,200.0,103.12833,0.014272985,29.88856,59.356266,363.43018,189.05171,7.0,5.0,0
127.90136,200.0,139.42845,0.01592806,71.66067,42.84867,141.23073,157.07059,18.0,4.0,0
127.970215,200.0,69.838104,0.00010166516,48.904503,42.334377,288.69977,178.50558,12.0,2.0,0
237.45801,200.0,117.84395,0.01518565,40.31067,34.47429,199.68744,321.77432,21.0,4.0,0
124.81592,200.0,89.47018,0.0020761138,31.795467,41.34165,167.43472,148.69443,3.0,2.0,0
235.41476,200.0,108.79408,0.006740557,43.086075,36.254448,96.49611,131.09932,13.0,2.0,0
71.31646,200.0,105.4921,0.022632888,51.75871,71.77814,230.61157,177.05168,4.0,6.0,0
382.83817,200.0,88.62761,0.0015162069,39.539024,44.454887,333.4696,46.663013,16.0,3.0,0
410.70868,200.0,74.03311,0.016047502,53.790115,52.35486,365.75534,139.52814,15.0,3.0,0
240.2753,200.0,68.37403,0.031655725,46.999886,26.838694,274.16473,250.60951,14.0,5.0,0
311.17804,200.0,102.95455,0.007269995,14.504959,41.287605,247.5223,119.05294,23.0,6.0,0
183.52275,200.0,97.19058,0.030201638,30.070543,37.732975,274.1973,151.68123,15.0,4.0,0
146.6981,200.0,67.167,0.0178503,42.079468,45.923008,315.23877,266.8768,9.0,4.0,0
175.30237,200.0,127.60003,0.013929837,55.64869,69.54569,288.816,261.57663,20.0,4.0,0
203.30585,200.0,119.21933,0.0071326788,60.370564,45.825813,172.42218,165.32991,16.0,6.0,0
329.79608,204.0,104.27355,0.018502867,18.366323,31.998665,232.57692,237.16652,2.0,2.0,0
92.49023,200.0,52.65914,0.0027579623,72.01166,41.983337,247.5289,182.12914,6.0,6.0,0
143.42847,200.0,90.82542,0.002730015,53.021885,82.093605,428.34457,74.26217,15.0,2.0,0
111.282524,204.0,131.14523,0.015909832,63.96533,78.77715,292.2611,0.0,18.0,6.0,0
178.71284,200.0,84.720024,0.023074737,43.112267,35.53092,345.34833,150.59648,14.0,5.0,0
418.74234,200.0,135.87578,0.0013987187,47.03932,78.126175,242.82779,183.61674,15.0,6.0,0
140.67688,200.0,78.25735,0.00887702,50.905533,69.57329,313.7044,160.6901,4.0,3.0,0
150.36687,200.0,90.81951,0.0024679597,9.0848255,46.689396,324.13654,122.990685,23.0,3.0,0
148.90915,200.0,74.8256,0.009031442,47.809574,53.19831,324.27548,103.579315,18.0,5.0,0
142.61484,200.0,69.579254,0.0027600562,52.76198,41.857426,216.39041,63.128807,10.0,5.0,0
72.899025,200.0,102.986244,0.014563211,34.072166,68.783424,217.77005,0.0,1.0,0.0,0
190.78365,200.0,113.12437,0.003446404,51.443005,56.699097,143.44936,87.76104,17.0,5.0,0
282.02582,200.0,151.52333,0.00036690888,21.812,58.082615,288.977,163.9877,1.0,5.0,0
155.50298,200.0,131.11794,0.03588024,34.720802,65.432076,184.8958,48.216885,2.0,1.0,0
261.92224,200.0,109.529564,0.00074870023,30.13765,49.811424,381.23572,74.87607,11.0,3.0,0
7776.54,502.0,82.72991,0.10927875,66.57232,41.389736,355.1911,179.21034,10.0,0.0,1
36.691868,200.0,80.20826,0.023198051,34.876713,41.89948,384.59177,125.31184,1.0,0.0,0
138.17,200.0,54.18517,0.0017932727,24.225765,54.63165,299.56238,147.95493,1.0,5.0,0
249.93982,200.0,135.71207,0.026103593,37.605,51.21127,405.4277,108.63293,6.0,5.0,0
323.36227,200.0,69.94556,0.0070299827,44.88196,54.530285,255.42435,245.99901,22.0,4.0,0
373.69843,200.0,123.65095,0.012005812,42.117157,62.24923,390.68903,180.24042,15.0,5.0,0
123.85924,500.0,71.62785,0.0014270815,40.505,40.254005,392.32684,262.6841,18.0,1.0,0
338.41074,200.0,56.03525,0.008764962,12.578158,20.768944,286.83075,165.33733,12.0,1.0,0
208.8607,200.0,84.79047,0.0022060254,53.195686,46.114075,206.8744,104.69207,13.0,3.0,0
164.91162,204.0,40.409626,0.0008515597,50.581566,51.012215,476.83014,95.32834,4.0,1.0,0
211.67351,200.0,106.74832,0.007456193,18.291145,43.37107,259.13574,165.5943,13.0,4.0,0
84.72598,200.0,96.34651,0.001856047,44.614166,29.093721,106.5577,160.37863,12.0,4.0,0
190.23901,200.0,39.526863,0.017965041,57.221813,59.2588,388.4583,299.33817,5.0,3.0,0
281.24255,200.0,63.53917,0.001411877,23.449657,44.56841,22.172142,0.0,16.0,4.0,0
152.60132,200.0,82.80085,0.00674928,61.092323,56.475643,372.88818,160.91428,21.0,5.0,0
278.9908,200.0,89.453545,0.0023198335,31.249796,42.865784,411.88382,15.055685,13.0,3.0,0
517.4599,200.0,190.35428,0.08609819,50.13891,61.94034,8976.857,9702.933,22.0,0.0,1
221.80014,200.0,99.53933,0.009827276,33.76454,47.163963,471.65472,229.8962,18.0,0.0,0
177.57008,200.0,78.59406,0.018366516,30.291462,58.802315,337.40048,244.23366,10.0,1.0,0
178.25134,200.0,92.036606,0.022924114,42.68205,13.10856,221.0886,174.16621,3.0,0.0,0
439.89307,201.0,165.12813,0.015090844,23.219345,50.17931,258.90945,64.14741,16.0,4.0,0
186.98619,200.0,141.78593,0.009110519,79.216995,52.80233,469.9179,72.35688,1.0,2.0,0
121.6875,400.0,91.873,0.0031253574,43.065804,70.481384,275.39713,116.02138,1.0,6.0,0
203.60939,200.0,134.1393,0.005965003,28.378153,36.380745,430.96143,87.827736,18.0,3.0,0
191.27863,200.0,97.150024,0.002012549,20.945381,45.13683,187.20659,142.76207,18.0,6.0,0
161.06708,200.0,65.49316,0.014177484,43.244614,42.371086,191.78333,181.39854,16.0,6.0,0
84.43997,200.0,121.91808,0.010399837,23.91583,42.05305,169.21805,224.35953,8.0,4.0,0
228.94232,200.0,112.170685,0.016403913,36.022526,65.9708,119.61164,173.94458,0.0,6.0,0
320.2918,302.0,108.93899,0.0003081877,57.20908,50.698254,65.31884,204.28108,22.0,5.0,0
230.06631,200.0,66.91257,0.0028040395,28.43171,31.292028,132.74817,106.41299,22.0,1.0,0
146.19897,201.0,68.289505,0.0019652797,20.567339,56.32791,309.7293,167.52919,19.0,1.0,0
3721.8235,503.0,62.006065,0.105832934,88.0539,86.02424,7041.9087,8679.802,1.0,4.0,1
146.69478,200.0,74.32491,0.00048474025,43.492165,43.67368,119.95695,0.0,16.0,3.0,0
251.74109,200.0,103.16293,0.013434436,43.35513,41.31246,212.89037,122.67217,8.0,3.0,0
204.58368,400.0,97.73553,0.00024314426,57.928024,62.252735,403.88293,213.35252,10.0,1.0,0
176.99849,301.0,103.32303,0.010121668,58.584732,46.734886,221.75093,212.25253,20.0,6.0,0
9423.193,500.0,131.86333,0.17480883,35.65523,55.433456,389.21436,115.511986,12.0,6.0,1
132.22664,200.0,100.17472,0.011808677,30.751759,55.6141,227.53351,0.0,8.0,5.0,0
223.43082,200.0,182.93045,0.013502164,16.461912,40.75607,177.20183,65.51814,2.0,4.0,0
317.56006,200.0,111.36938,0.0020784547,40.547276,37.20503,352.65408,158.53186,3.0,6.0,0
134.41798,200.0,61.285393,0.012466616,64.61473,92.0236,342.20508,56.241905,9.0,5.0,0
259.04782,200.0,117.576744,0.008094977,25.264755,32.74133,394.8431,82.7535,16.0,2.0,0
145.79185,200.0,119.49015,0.008814085,51.858967,57.547405,249.17923,210.3762,3.0,2.0,0
305.60437,200.0,77.75717,0.0029430531,45.368366,51.04569,313.23785,361.31802,6.0,3.0,0
142.8969,200.0,112.08348,0.0012402426,59.80972,62.336147,271.629,188.33545,8.0,6.0,0
118.072624,200.0,57.667973,0.002338791,40.94268,50.525295,320.55185,82.70261,23.0,5.0,0
309.01166,201.0,167.07054,0.00011778448,70.729866,64.49519,120.00652,159.66061,22.0,0.0,0
210.2352,200.0,105.93916,0.0046766396,41.906296,60.49095,266.3065,132.1315,20.0,2.0,0
174.01848,302.0,109.521225,0.004645131,40.478096,65.15162,252.63614,178.14246,13.0,6.0,0
212.10513,200.0,71.30263,0.0072198273,39.339497,19.945564,184.6732,101.33927,13.0,0.0,0
270.9113,200.0,74.999825,0.003882417,53.990166,63.87615,156.80688,114.12945,2.0,4.0,0
319.55215,200.0,96.393326,0.014073401,34.95407,41.14196,302.7206,44.378475,23.0,5.0,0
309.59784,200.0,101.63513,0.012112655,47.97865,58.751606,373.29874,21.198662,21.0,3.0,0
316.52036,200.0,95.82202,0.016289042,28.777382,10.181624,193.89223,81.64308,5.0,3.0,0
79.369,200.0,133.30922,0.0069472697,14.680481,58.014065,144.47153,184.09828,8.0,4.0,0
224.32848,200.0,99.097885,0.008155095,34.68757,71.81779,123.31896,44.818737,9.0,1.0,0
161.31226,200.0,73.8165,0.0016817583,74.62464,47.504417,298.54114,0.0,9.0,6.0,0
233.31456,200.0,21.414848,0.029825948,34.194702,43.260426,134.91254,121.92038,11.0,4.0,0
232.2074,200.0,123.26243,0.011689443,41.859432,40.420055,240.79753,76.41513,1.0,6.0,0
2356.7395,503.0,124.5539,0.21159093,72.40709,77.462,7147.206,7705.4834,9.0,1.0,1
263.2938,200.0,59.241528,0.008262709,38.564503,35.754784,76.93526,68.309715,10.0,6.0,0
296.58334,204.0,115.51086,0.0242603,45.46539,65.729645,291.68335,244.8941,9.0,1.0,0
141.02858,200.0,100.92059,0.026868755,49.20869,39.129093,193.22243,148.09203,4.0,0.0,0
103.510994,200.0,130.23868,0.034082953,33.45945,53.473274,241.5614,329.004,7.0,1.0,0
95.9317,200.0,147.84352,0.006330492,36.091244,53.738678,383.65878,58.85082,22.0,1.0,0
527.1471,200.0,117.49488,0.015747901,19.817528,53.86979,395.22696,166.22092,17.0,3.0,0
231.4055,200.0,148.24574,0.010559753,57.25086,66.99249,260.2526,28.460762,6.0,1.0,0
237.5837,201.0,88.43383,0.031576917,20.07362,59.397568,46.95545,80.93445,7.0,5.0,0
270.6094,200.0,107.212166,0.009048572,55.087826,45.449867,123.75461,189.97592,16.0,2.0,0
189.64378,200.0,139.36188,0.019403225,62.671646,44.08712,361.95807,132.6177,16.0,6.0,0
220.26865,200.0,54.801506,0.0026480535,26.513853,47.21814,251.46028,193.82979,3.0,4.0,0
264.00543,200.0,113.45994,0.005478479,36.04633,61.29148,126.71375,207.01562,8.0,4.0,0
235.36992,200.0,143.72546,0.0006174719,42.863064,71.52935,53.55098,306.73962,6.0,0.0,0
333.72626,200.0,104.16598,0.016377937,50.579582,80.73698,118.03459,143.98856,17.0,1.0,0
342.67267,200.0,117.2487,0.0015966224,22.24041,54.933113,260.4535,71.249435,14.0,0.0,0
6616.0034,503.0,81.151146,0.28576612,34.15975,55.388443,296.606,242.01253,2.0,5.0,1
146.61853,200.0,85.20185,0.027430024,20.842073,57.331684,304.17343,144.61461,1.0,3.0,0
105.81853,200.0,88.69019,0.005471078,31.407856,54.48107,295.0247,127.72394,16.0,5.0,0
89.5761,400.0,125.22338,0.009140686,36.946598,79.912285,325.31366,112.21867,4.0,5.0,0
131.46245,200.0,20.29678,0.028337907,38.463238,48.51564,205.84978,64.79485,14.0,4.0,0
95.86152,500.0,67.08181,0.006726442,58.91638,64.54499,261.69452,65.86105,0.0,3.0,0
36.932545,200.0,74.3143,0.008426985,23.434193,53.431118,241.42953,94.564285,12.0,0.0,0
168.37045,200.0,88.67068,0.015278775,54.84448,59.189888,208.1889,241.04095,23.0,1.0,0
151.9738,200.0,73.49782,0.014673878,43.478477,35.747787,307.09232,210.63,3.0,3.0,0
140.96323,200.0,90.07478,0.008503776,13.618424,44.932804,269.9173,240.53133,5.0,2.0,0
202.86464,201.0,105.89353,0.028698012,60.559616,40.979767,392.4371,153.26219,23.0,2.0,0
292.70425,200.0,72.86046,0.018915407,26.73708,33.547707,217.0678,83.737305,15.0,5.0,0
162.442,200.0,71.392624,0.040466316,2.4217372,46.33743,267.2225,196.89497,4.0,2.0,0
275.40683,301.0,119.51778,0.0005347101,48.4116,67.6636,201.51668,121.33536,23.0,4.0,0
280.86618,200.0,68.91254,0.014585981,59.169724,65.69736,171.14345,336.9517,16.0,3.0,0
240.04811,200.0,149.50307,0.008399377,53.6631,35.881935,332.93152,136.60928,10.0,0.0,0
291.27066,200.0,114.66086,0.00024737808,25.675562,57.22375,336.9821,97.59663,12.0,6.0,0
167.72212,200.0,98.49311,0.014309023,28.759298,29.254353,107.140366,204.85219,4.0,6.0,0
169.24748,200.0,68.65643,0.0022120697,50.825405,55.685894,203.5428,226.68636,4.0,4.0,0
186.18353,200.0,140.56126,0.018538758,10.596494,33.30753,193.24037,16.659206,17.0,5.0,0
214.41895,200.0,108.68343,0.0011300449,35.542934,55.545708,273.02942,119.09269,12.0,2.0,0
253.69977,200.0,97.377945,0.027320458,42.30276,55.753185,308.6295,34.17723,0.0,1.0,0
85.19339,200.0,135.51007,0.0025760208,31.53038,65.03513,399.00366,200.7094,3.0,2.0,0
117.13561,200.0,24.866001,0.01683853,60.523968,54.13326,152.61694,3.624549,22.0,4.0,0
236.86375,400.0,123.56646,0.0012751104,48.751118,50.716236,25.899828,390.9739,22.0,0.0,0
185.86519,200.0,154.77174,0.011556678,69.28777,46.994682,310.93616,89.0984,23.0,1.0,0
196.78351,200.0,137.5684,0.004299327,28.77562,49.37771,119.16294,228.00957,7.0,6.0,0
233.85147,200.0,109.55646,0.0011654672,51.862206,91.45871,373.5987,64.44818,18.0,0.0,0
253.59666,404.0,145.38956,0.034041844,37.322044,37.353313,314.4666,135.35205,21.0,6.0,0
329.69467,200.0,104.12196,0.008486104,14.205554,42.33592,172.98497,288.10822,11.0,5.0,0
198.50163,200.0,78.32332,0.004461499,16.415668,71.494934,200.3979,85.302826,4.0,3.0,0
121.0275,200.0,72.32846,0.0073169195,35.223545,41.990765,238.1451,250.24048,11.0,4.0,0
210.12761,200.0,121.46196,0.016367458,21.395573,41.133266,297.14468,133.78918,13.0,3.0,0
150.66478,200.0,105.71884,0.006236774,39.29931,35.283215,302.03204,223.35158,17.0,1.0,0
144.35474,200.0,103.63893,0.0024756656,27.201609,72.81167,370.65414,109.685074,15.0,3.0,0
146.04114,200.0,108.77821,0.017443888,43.397556,42.37648,56.787262,98.15651,14.0,6.0,0
108.77054,200.0,89.17548,0.00053166074,34.63836,31.356977,239.28217,207.25908,19.0,5.0,0
186.85957,200.0,127.14268,0.010754577,77.380226,13.769016,235.66693,169.02054,17.0,1.0,0
267.75092,200.0,93.61981,0.0041253697,48.77428,27.814514,208.92741,228.81197,14.0,1.0,0
150.92296,201.0,95.07708,0.00032427156,50.85683,58.478764,209.97786,172.64528,23.0,4.0,0
262.90872,200.0,144.67496,0.00632928,44.34586,45.50992,100.01391,106.702324,19.0,5.0,0
407.08994,200.0,73.618095,0.007850735,57.805653,60.96091,172.0927,210.97319,10.0,5.0,0
162.09846,200.0,62.57714,0.009798172,43.18467,61.296158,234.77217,205.47806,19.0,5.0,0
97.31249,200.0,57.814743,0.041783094,35.804253,44.257694,432.35953,194.10144,9.0,2.0,0
71.73367,200.0,137.98764,0.0027161066,65.51039,49.06003,263.27127,133.63129,12.0,0.0,0
312.95715,200.0,117.25739,0.008607856,43.153812,82.80676,146.38254,131.25366,6.0,0.0,0
208.51074,200.0,139.49637,0.009606035,46.698612,58.94516,88.62049,69.18972,22.0,5.0,0
139.18958,200.0,129.67859,7.8185774e-05,49.868233,63.326427,76.22191,196.98256,22.0,4.0,0
107.10346,200.0,111.54997,0.004544756,47.631935,61.14363,211.58565,170.13463,17.0,2.0,0
127.40137,200.0,76.72287,0.0026998613,54.1653,7.224231,339.94754,273.29126,19.0,4.0,0
82.281784,302.0,125.67948,0.018598845,28.869072,47.011135,400.17322,128.1131,16.0,1.0,0
246.65947,400.0,87.69514,0.0035707823,23.410809,20.25299,166.15428,31.437014,10.0,0.0,0
147.80637,200.0,106.48285,0.0045842603,12.844325,46.425926,267.29303,178.9146,21.0,5.0,0
226.92754,200.0,79.909454,0.015960518,35.350983,15.295745,170.62874,141.45688,12.0,4.0,0
210.91779,400.0,120.01816,0.049308326,61.607235,59.451912,234.19325,92.52283,9.0,6.0,0
146.76471,200.0,108.39524,0.00033487417,35.793266,69.64033,354.5682,152.597,17.0,4.0,0
199.06938,200.0,86.6671,0.02782463,56.653515,48.72186,272.50043,214.82571,23.0,3.0,0
270.51968,200.0,85.76572,0.02155932,54.64872,63.14979,265.36282,27.570772,23.0,6.0,0
113.470085,200.0,114.856285,0.028350286,59.93713,54.016644,140.69466,190.40509,18.0,1.0,0
258.6815,400.0,101.32956,0.006101036,46.550735,41.458622,294.4364,230.59294,18.0,3.0,0
201.38297,204.0,80.97865,9.912678e-05,19.275654,43.44044,391.1427,100.31164,5.0,1.0,0
201.83966,200.0,105.50682,0.00036372984,24.222488,48.047318,164.79001,269.47922,7.0,6.0,0
125.54036,200.0,74.501205,0.013043307,17.573719,46.028908,197.35112,125.277885,3.0,5.0,0
91.756035,200.0,81.7233,0.021441966,11.118042,38.370743,362.26053,95.47069,6.0,2.0,0
141.994,200.0,58.72179,0.0045833387,32.680035,45.407707,430.01974,78.436844,6.0,4.0,0
188.21379,200.0,116.68923,0.0029218637,50.872585,44.008785,352.19366,250.68446,2.0,3.0,0
278.02774,302.0,76.57259,0.013500972,50.578255,52.399624,304.6352,150.49489,17.0,3.0,0
267.88998,200.0,87.20981,0.0041403617,44.757412,45.041676,255.27649,212.7336,7.0,4.0,0
242.10187,400.0,102.35253,0.015399721,47.896835,62.292454,193.19415,135.92152,5.0,2.0,0
213.33282,200.0,107.177925,0.018827664,26.016098,82.85322,234.14616,148.07101,0.0,0.0,0
290.61447,200.0,124.11323,0.016879816,48.19195,67.92023,320.60513,55.123867,9.0,3.0,0
445.28867,200.0,117.00324,0.024257524,18.275253,26.389921,195.4899,78.66202,22.0,5.0,0
284.5527,200.0,78.44359,0.018929109,14.386876,47.275433,260.6356,0.0,12.0,0.0,0
186.30382,200.0,144.65413,0.00046534144,57.201588,43.337566,318.09595,98.41731,5.0,6.0,0
196.57977,200.0,45.616367,0.011497699,54.259407,47.00464,269.29053,169.76952,20.0,5.0,0
284.55554,200.0,76.914925,0.028152732,38.556114,44.160576,228.82793,161.57793,23.0,0.0,0
286.58093,200.0,101.29432,0.030693144,60.41299,57.547962,142.18379,42.94891,4.0,5.0,0
5983.371,502.0,56.892376,0.13265236,42.43891,54.510975,293.6188,269.51218,12.0,3.0,1
234.65828,200.0,152.90558,0.00044310166,25.220465,65.16345,322.20267,270.01962,14.0,2.0,0
88.0275,200.0,179.00151,0.0076751406,32.800472,38.426506,201.78032,98.00739,9.0,5.0,0
310.39996,200.0,110.474754,0.016186057,33.491768,48.573063,280.3664,69.491264,3.0,3.0,0
194.32774,200.0,119.309166,0.006725933,23.479887,36.414364,0.0,110.50009,7.0,0.0,0
217.67072,204.0,156.61317,0.0013587092,61.516064,34.534348,257.18762,59.491524,11.0,0.0,0
278.8675,200.0,95.25746,0.010425185,31.545034,29.373816,274.67984,145.94887,6.0,2.0,0
498.6603,200.0,96.03548,0.006779789,61.67023,34.800453,157.39053,168.68465,21.0,1.0,0
581.9677,200.0,177.32603,0.026292136,95.173904,94.58362,397.67847,334.46188,6.0,4.0,1
121.24315,200.0,141.69861,0.019536754,30.882044,34.758213,116.1885,86.392136,5.0,0.0,0
281.02097,200.0,81.64671,0.002655828,51.870975,25.390955,250.14839,115.700745,13.0,1.0,0
186.53088,200.0,80.33522,0.006477295,37.00591,58.0146,91.958336,157.87549,14.0,5.0,0
169.24606,200.0,65.62366,0.010910744,43.675182,55.634445,395.32205,197.36787,21.0,2.0,0
185.16992,200.0,108.81296,0.013954776,49.449497,72.13533,147.73811,115.436356,14.0,4.0,0
167.83879,200.0,110.618744,0.005575997,61.002625,77.09385,164.90714,264.11237,14.0,3.0,0
126.83612,200.0,114.050735,0.0077477847,13.697964,60.208946,366.50626,123.831566,16.0,2.0,0
252.95915,200.0,96.623886,0.024932167,23.416748,34.2367,228.50557,128.82346,8.0,2.0,0
117.767456,200.0,100.71378,0.03484601,58.915638,92.373985,195.40251,116.93419,12.0,1.0,0
234.60126,200.0,130.14867,0.0109612495,47.407715,60.893436,236.82391,97.1618,7.0,0.0,0
221.38052,200.0,132.30807,0.0039198976,42.432507,66.76781,135.56183,66.524414,21.0,3.0,0
326.54672,200.0,106.162025,0.0042298664,59.03522,57.67463,178.99753,148.42273,16.0,1.0,0
192.32144,200.0,81.44513,0.0111656,45.74792,49.220406,263.15686,220.73082,13.0,3.0,0
115.040535,200.0,113.70328,0.0026453885,30.92126,40.40792,344.36136,227.79716,19.0,4.0,0
173.52875,200.0,74.05114,0.016017443,48.531963,64.10135,276.02936,244.12332,10.0,3.0,0
395.333,200.0,109.65886,0.0033493133,28.185572,71.527756,263.20312,128.18356,20.0,1.0,0
309.48816,200.0,108.80079,0.024416719,22.391403,31.986397,70.36161,198.96764,14.0,1.0,0
83.36061,200.0,81.73193,0.012402141,15.38217,81.165985,382.08218,249.8955,19.0,4.0,0
216.55281,200.0,93.894325,0.015347445,33.606434,65.365776,342.98486,134.04678,22.0,5.0,0
242.69069,200.0,69.31665,0.0035541903,48.967167,72.2797,333.19482,163.85474,11.0,5.0,0
142.86568,200.0,128.94699,0.023011621,31.37397,65.47211,261.82025,190.76651,7.0,2.0,0
170.21457,200.0,105.31603,0.0077711116,57.77515,83.74454,149.79248,10.571852,11.0,0.0,0
592.2781,200.0,103.45056,0.015006882,83.00112,95.32028,317.01474,172.67162,4.0,2.0,1
52.655437,200.0,104.1073,0.02040157,76.84452,44.382736,284.2753,105.57357,7.0,4.0,0
137.3472,200.0,141.00702,0.0034738055,35.0316,48.94839,255.25133,239.67654,18.0,4.0,0
386.99734,200.0,94.58577,0.007220216,24.018759,82.312996,257.24454,63.905148,9.0,2.0,0
190.45207,200.0,71.639496,0.02128206,24.887878,37.566395,338.36047,184.41907,9.0,2.0,0
159.20737,200.0,80.235916,0.021183629,65.161804,72.81269,277.93253,92.80079,12.0,4.0,0
266.90396,200.0,151.56764,0.015774844,18.787886,34.139095,186.61229,132.70677,6.0,1.0,0
230.48177,200.0,98.615135,0.022427738,70.265045,41.19363,419.60272,212.04544,19.0,0.0,0
235.96129,200.0,173.29608,7.530142e-05,25.488491,54.665733,471.6283,146.37804,4.0,6.0,0
124.11961,200.0,144.9413,0.0025306288,18.350803,41.7589,363.64023,65.821236,13.0,2.0,0
123.21623,200.0,65.61599,0.0053016115,30.838669,52.54564,341.46103,224.43558,3.0,0.0,0
216.42892,200.0,83.995445,0.005491957,42.346542,43.65221,205.59857,254.83583,21.0,0.0,0
166.14755,200.0,85.237976,0.0008455345,33.117046,66.47166,297.41003,59.013916,7.0,2.0,0
234.07713,200.0,116.05646,0.0031495139,33.504723,32.635742,342.39273,254.90598,12.0,2.0,0
141.63004,200.0,73.52389,0.0011403227,56.32157,22.016027,285.20297,188.16907,5.0,4.0,0
295.40384,200.0,111.91233,0.012179821,28.713928,50.661064,297.24112,125.12675,7.0,5.0,0
266.28882,200.0,109.262886,0.020828536,27.73067,69.51664,249.38673,193.26888,17.0,4.0,0
115.11013,200.0,131.25131,0.0011092529,35.416973,38.295307,387.6073,288.34274,15.0,4.0,0
237.17223,200.0,76.576996,0.0011080931,58.314426,32.791157,425.63168,248.04843,22.0,6.0,0
210.44461,204.0,109.69286,0.012242032,51.61006,41.780033,333.87476,130.5243,22.0,5.0,0
72.24932,200.0,98.72379,0.002158538,52.951588,36.58963,223.22617,37.49757,10.0,6.0,0
143.43202,204.0,75.95674,0.0006022384,15.988417,31.925955,219.16129,213.99149,20.0,0.0,0
102.62477,400.0,74.023926,0.0046644323,30.622637,37.635185,292.3187,125.82026,11.0,4.0,0
180.71407,200.0,70.889496,0.015351804,35.9122,30.961351,254.54855,81.900116,23.0,3.0,0
119.88857,200.0,115.7951,0.045084786,44.511444,31.242617,280.19788,183.13939,3.0,5.0,0
310.77533,200.0,89.50276,0.008827132,22.048042,62.82964,224.18907,170.84848,6.0,3.0,0
217.15144,200.0,126.575226,0.021232916,24.100628,83.4822,180.94498,210.36702,5.0,6.0,0
179.59563,200.0,74.65723,4.0334537e-05,27.395193,71.42369,328.147,135.58733,4.0,5.0,0
99.10254,200.0,106.14593,0.006003833,47.7613,42.015507,199.38863,65.31207,22.0,5.0,0
119.681305,200.0,62.581753,0.00079623883,27.393843,34.727657,258.30276,109.57604,7.0,3.0,0
121.3893,200.0,108.15578,0.00012563722,46.886864,53.26665,341.1649,17.136984,4.0,4.0,0
222.28223,200.0,58.819626,0.01479885,29.169601,31.974148,167.44865,54.026398,19.0,5.0,0
127.43703,200.0,132.84169,0.006782591,41.27752,40.92546,369.58527,276.1432,18.0,0.0,0
182.82997,200.0,80.63073,0.007944187,48.90794,74.72863,348.00116,142.71997,20.0,0.0,0
379.65656,200.0,77.04178,0.0035751413,35.43518,45.97696,320.78577,185.06654,5.0,5.0,0
176.26291,200.0,86.305855,0.00069212745,43.131054,48.76062,275.76025,189.6489,7.0,0.0,0
228.08804,200.0,155.81429,0.018898051,46.115837,65.07217,181.8797,195.28763,17.0,1.0,0
198.59383,200.0,100.92987,0.01273721,32.745453,50.466507,268.41278,95.562004,10.0,3.0,0
196.97136,301.0,116.24156,0.006902696,45.42579,57.048332,140.2734,40.546993,15.0,4.0,0
178.39572,200.0,146.98157,0.025719753,45.0269,39.52218,246.51006,60.88223,7.0,1.0,0
185.66524,200.0,88.4767,0.033934314,47.597313,69.92192,73.98509,142.2098,18.0,3.0,0
58.5353,200.0,82.481384,0.018887594,62.40255,22.151237,213.22424,154.30525,20.0,3.0,0
165.06477,200.0,133.41225,0.023145191,47.828197,51.988537,334.93878,0.0,16.0,6.0,0
418.59064,200.0,85.94177,0.008194428,37.045124,35.705544,131.17078,254.13939,1.0,2.0,0
130.59851,302.0,113.08931,0.005821913,63.072655,29.89105,391.32138,132.11627,12.0,5.0,0
177.1445,200.0,114.90957,0.011598683,52.02743,87.11397,214.44473,236.37592,11.0,0.0,0
172.37105,200.0,116.86422,0.008759302,60.468,57.32222,351.89752,95.0986,3.0,0.0,0
61.292732,200.0,64.920105,0.005620641,31.30125,46.918217,220.55936,74.30464,2.0,2.0,0
219.77914,200.0,65.94343,0.014295209,48.985794,51.0409,0.0,208.19417,7.0,2.0,0
230.75377,200.0,107.33238,0.016016645,28.859179,63.984108,444.47083,129.9363,5.0,1.0,0
581.78754,200.0,176.22311,0.017851373,89.288765,96.76674,477.78268,156.77937,1.0,3.0,1
202.62196,200.0,66.102394,0.033472445,21.913677,46.112324,133.08817,255.42776,19.0,1.0,0
250.82518,200.0,63.89573,0.014017408,23.918139,32.32967,175.43158,104.29158,11.0,1.0,0
164.45068,200.0,102.26891,0.018775806,52.314587,55.253998,396.15195,254.48155,2.0,0.0,0
105.47722,200.0,99.98918,0.0023637288,53.911755,30.271366,196.16171,265.00238,4.0,6.0,0
233.37404,200.0,77.868324,0.0008387887,50.595554,43.399494,212.42995,222.15405,17.0,1.0,0
177.69594,200.0,118.66908,0.013189338,41.084515,52.752365,116.22479,86.27809,17.0,4.0,0
249.91766,200.0,161.52821,0.01929021,33.61148,68.58699,219.43716,19.147272,9.0,4.0,0
67.07938,200.0,89.693855,0.0051683085,40.971912,59.968094,0.0,165.78683,22.0,2.0,0
339.50745,200.0,128.62706,0.011840253,33.832104,66.25851,209.2225,182.77164,12.0,3.0,0
198.86432,200.0,57.4973,0.0050919713,37.756096,37.068245,281.95163,205.71992,11.0,1.0,0
310.19537,200.0,82.11623,0.00656415,61.611652,34.619736,304.31577,253.65265,21.0,6.0,0
301.2758,400.0,171.98132,0.011991001,48.277233,24.685072,266.16824,209.5007,8.0,2.0,0
230.44919,200.0,72.4382,0.0065165027,27.36631,29.282104,196.9197,237.93672,0.0,5.0,0
158.68376,200.0,136.95288,0.003398373,37.117527,27.911081,205.80498,81.634315,8.0,4.0,0
193.48253,200.0,157.71866,0.013186002,60.238594,52.946228,177.42,119.70307,5.0,0.0,0
223.28745,200.0,102.21797,0.006007257,44.94903,31.17067,355.87625,136.9397,19.0,6.0,0
183.46873,200.0,116.43626,0.0111534335,11.060342,50.648598,232.14369,112.868065,5.0,6.0,0
370.36423,200.0,91.510826,0.033734318,37.15076,81.081474,347.1068,50.673336,0.0,1.0,0
161.7406,200.0,139.28557,0.010461695,44.744698,58.91421,285.78702,47.00588,1.0,3.0,0
243.88466,200.0,73.8699,0.00018571716,56.982376,54.795815,363.12384,12.250003,18.0,1.0,0
180.15276,200.0,113.70093,0.00040219037,15.609351,69.505875,198.83841,107.2672,5.0,5.0,0
171.143,200.0,120.01787,0.0038657577,38.77247,49.55652,186.05006,218.6983,9.0,6.0,0
284.24954,200.0,95.978455,0.00041116306,52.498974,30.241215,295.3733,99.834274,5.0,5.0,0
313.01453,400.0,105.96957,0.01947175,27.743292,61.221622,75.09234,279.61432,20.0,1.0,0
97.70597,200.0,131.7393,0.0041586095,26.721481,57.020042,442.5549,212.29877,22.0,3.0,0
124.85889,200.0,113.35985,0.0008604937,38.261612,44.670193,92.70404,183.83315,5.0,6.0,0
146.7292,200.0,101.903404,0.03945009,44.31815,32.33972,185.075,76.619,7.0,5.0,0
425.9745,200.0,120.04448,0.012187808,20.538942,44.370388,120.359,281.7753,0.0,4.0,0
157.36748,200.0,128.7827,0.0013817381,35.85216,19.181389,224.23433,153.49657,18.0,3.0,0
125.48669,200.0,113.90353,0.015719824,52.029057,40.4183,246.28389,172.51723,7.0,2.0,0
218.33887,200.0,54.565315,0.00390079,40.587463,43.91106,308.1288,226.43977,11.0,6.0,0
154.18306,200.0,120.25246,0.0017078959,21.051022,74.22168,204.47008,234.08899,5.0,0.0,0
135.35341,400.0,43.387196,0.00856259,23.843813,73.57311,253.6153,69.92854,5.0,2.0,0
117.77977,200.0,94.561035,0.0042622103,40.65332,58.510414,276.99884,365.78946,19.0,4.0,0
191.61276,200.0,122.99821,0.0074608997,35.708416,58.409695,330.17413,241.83598,10.0,2.0,0
189.52081,200.0,98.28269,0.0015639743,53.51363,33.09428,181.19333,156.40117,20.0,0.0,0
215.86539,400.0,152.44124,0.02066944,36.84031,31.063272,369.77628,61.850685,15.0,3.0,0
146.71872,200.0,134.24884,0.0062101833,8.098159,62.472363,344.56595,154.70789,17.0,5.0,0
186.93121,200.0,81.68396,0.006469661,18.307634,67.17775,183.84421,246.67705,0.0,2.0,0
206.69125,201.0,58.39089,0.00019932898,31.314266,40.005283,361.9711,28.85934,17.0,3.0,0
255.33209,200.0,108.6952,0.005015856,18.753475,57.78189,409.1052,275.90222,15.0,6.0,0
93.748436,200.0,97.800705,0.0022071328,35.460213,71.68336,232.32298,102.45379,23.0,1.0,0
118.03467,200.0,136.70381,0.0012423005,24.987644,53.635086,179.4872,196.72276,7.0,3.0,0
222.06308,200.0,124.15694,0.016686566,22.294847,73.86045,111.43499,187.9138,17.0,3.0,0
98.17271,200.0,81.00958,0.010674676,45.686726,29.108044,342.70117,148.22226,15.0,4.0,0
145.96997,200.0,106.73874,0.0005881652,20.95645,47.11012,260.4637,68.62272,23.0,2.0,0
268.67795,200.0,61.677837,0.017223025,42.66258,40.261696,243.06262,132.97905,9.0,1.0,0
252.5273,200.0,84.24214,0.0057818186,57.38887,67.88757,195.8529,266.93323,14.0,3.0,0
233.99521,200.0,64.953735,0.008682205,38.95756,66.31501,383.34607,213.83809,21.0,4.0,0
486.8299,200.0,81.55556,0.0012637343,34.049797,47.75717,199.1908,299.89224,4.0,3.0,0
215.70232,200.0,156.75061,0.0054407544,36.410908,9.946593,156.70346,136.23387,15.0,1.0,0
237.99287,200.0,82.59647,0.040800143,60.615448,42.415497,319.26556,167.63576,6.0,1.0,0
112.11321,204.0,134.85226,0.018938294,27.886385,20.085009,141.60768,74.20613,0.0,1.0,0
255.25098,200.0,122.89493,0.010938168,3.0223424,39.42775,287.76846,0.0,11.0,5.0,0
87.54853,200.0,67.80462,0.0023698206,50.64933,17.383444,329.9723,76.58533,0.0,5.0,0
295.73923,200.0,83.74531,0.02682787,22.01713,15.913664,263.15814,138.69058,10.0,1.0,0
204.78845,200.0,98.73999,0.0010624678,30.916752,55.182156,291.8413,162.91142,3.0,0.0,0
193.66478,200.0,40.568584,0.0012415458,18.90144,78.1275,195.38788,133.09282,21.0,5.0,0
68.91089,200.0,105.082,0.0019561064,65.963684,49.98592,315.9311,128.03334,12.0,1.0,0
280.72067,200.0,70.19936,0.010980563,43.93114,26.446394,193.5939,33.22179,16.0,5.0,0
156.30757,500.0,153.75662,0.0017686673,32.92577,56.02562,302.30978,56.685547,11.0,3.0,0
138.99901,200.0,94.32981,0.0018252393,36.696747,70.833176,108.52874,176.99875,17.0,0.0,0
168.31976,200.0,79.99827,0.047137905,28.01256,70.538826,318.04813,95.451485,19.0,2.0,0
137.58029,200.0,100.86042,0.0049586752,37.375988,47.866142,186.04892,233.12602,9.0,4.0,0
133.43846,200.0,74.44928,0.009674546,45.54095,40.210724,254.92084,182.88867,7.0,2.0,0
75.20434,200.0,51.91693,0.016659541,36.58796,63.20382,144.57115,168.04793,22.0,2.0,0
102.84466,200.0,92.8455,0.0009349483,33.316513,66.71126,356.36826,114.81912,9.0,5.0,0
253.75235,200.0,82.783585,0.009836928,46.484978,41.301,77.73159,208.5274,15.0,4.0,0
152.66159,200.0,153.69809,0.0072390833,70.49779,46.1075,195.37448,203.44977,21.0,2.0,0
150.80865,200.0,127.482834,0.007045899,60.114357,48.306393,147.0953,130.09015,5.0,6.0,0
133.09384,200.0,142.62874,0.008956722,43.93273,61.312794,259.00482,122.35032,0.0,4.0,0
135.39798,200.0,86.3026,0.0123938825,67.21266,66.15096,201.35461,14.478701,1.0,4.0,0
216.75774,200.0,115.337074,0.009962652,54.66647,61.553623,249.03648,86.47485,13.0,4.0,0
217.07178,200.0,110.15463,0.002518466,31.071596,23.113712,256.2564,158.15733,6.0,0.0,0
119.373856,200.0,61.662605,0.0037896575,25.066984,61.394325,331.59338,201.85681,23.0,1.0,0
408.78384,200.0,92.995514,0.00076285313,43.3793,61.517742,200.7829,142.37617,10.0,4.0,0
55.559277,200.0,93.34979,0.008354206,43.45548,57.183777,319.8498,282.315,20.0,5.0,0
180.64415,200.0,138.70288,0.0011508996,36.27937,39.42511,261.48755,195.44626,11.0,0.0,0
345.5574,200.0,111.37481,0.007101291,30.716358,32.626137,209.34547,160.36464,4.0,0.0,0
166.66075,200.0,59.084106,0.00065326877,20.546133,39.20264,244.63031,153.19014,20.0,2.0,0
239.18834,200.0,93.43958,0.0052246097,56.688007,57.816082,43.986946,231.6028,7.0,6.0,0
313.39758,200.0,119.987755,0.0099930605,49.742477,32.530293,222.4608,186.74742,10.0,2.0,0
124.02542,200.0,128.67644,0.042389356,29.118704,40.60013,349.53058,188.25578,12.0,0.0,0
127.55103,200.0,113.3876,0.0020531372,14.524171,57.581867,247.42119,69.77518,3.0,0.0,0
107.00658,200.0,115.77741,0.0024903875,30.465218,49.557518,240.43428,163.85184,7.0,5.0,0
160.91116,200.0,81.33994,0.034311313,39.808426,30.994125,328.29468,292.7037,21.0,0.0,0
130.59857,204.0,91.75781,0.018655743,23.952719,41.325626,373.4763,70.99621,0.0,5.0,0
260.97513,200.0,104.21709,0.028279249,52.42831,50.76068,122.43048,141.40414,18.0,0.0,0
423.46912,200.0,90.72676,0.0038185595,42.583244,44.01973,14.574595,127.58606,8.0,6.0,0
85.703255,200.0,111.44537,0.009771308,64.89177,45.84334,384.24185,325.69144,19.0,0.0,0
193.37596,200.0,76.39919,0.0058202245,58.065308,10.7190275,344.16928,146.75378,5.0,0.0,0
249.27882,200.0,63.87906,0.0016481584,44.86108,56.78119,309.61826,129.77519,20.0,4.0,0
215.85727,204.0,106.878006,0.0017522349,11.930014,75.071976,366.15512,141.36693,20.0,1.0,0
153.9352,204.0,115.40667,0.006738353,45.532787,53.25786,206.98235,56.084736,0.0,5.0,0
301.8999,200.0,95.35914,0.020284822,33.042217,50.72161,164.82135,92.73477,15.0,2.0,0
1111.6,200.0,151.6463,0.0348582,56.06971,70.87695,9654.752,8871.364,18.0,6.0,1
213.39839,200.0,94.87341,0.0045507425,31.397806,39.890293,162.73651,95.19388,7.0,1.0,0
267.03778,200.0,97.539024,0.00034966503,50.490715,36.18522,128.05257,279.9908,16.0,0.0,0
247.47212,200.0,82.41293,0.0032495847,66.58875,63.943985,311.6619,236.77219,23.0,2.0,0
409.66803,201.0,98.560165,0.01610492,31.320696,63.063362,209.54355,178.48528,11.0,5.0,0
134.70543,200.0,65.992874,0.020575408,32.00149,55.193943,178.42249,273.23032,5.0,4.0,0
461.7567,200.0,91.00943,0.03510423,83.84895,85.84982,471.7874,177.83115,6.0,0.0,1
104.68424,404.0,128.36491,0.00028813884,75.93376,31.46349,345.5311,82.47138,7.0,5.0,0
178.2342,200.0,70.30675,0.018864896,33.483955,56.797817,306.07748,205.68468,2.0,2.0,0
182.1622,200.0,114.13587,0.014941037,60.463806,49.641983,309.28265,147.90231,17.0,5.0,0
194.2068,200.0,106.04999,0.0048863874,25.58141,27.37236,299.3704,104.41719,2.0,2.0,0
94.41757,201.0,107.860596,3.5533976e-05,39.875328,63.315308,313.70605,110.99149,2.0,5.0,0
217.9974,200.0,128.5893,0.023423053,39.974445,40.955452,216.28304,90.75096,11.0,2.0,0
422.9337,200.0,96.44859,0.0025499964,25.286226,72.38997,144.98386,77.76582,16.0,6.0,0
293.71533,200.0,48.702747,0.006877825,30.255714,56.738068,271.3549,88.71029,6.0,4.0,0
232.87033,302.0,90.833084,0.040112518,32.044373,38.829517,214.97095,193.59665,22.0,6.0,0
165.17389,200.0,124.99514,0.0021635103,24.861124,60.428593,222.52194,80.80282,17.0,4.0,0
187.96823,200.0,88.35165,0.0058066566,47.99589,53.44302,219.53152,62.6286,0.0,3.0,0
80.07906,200.0,85.39914,0.008673117,23.658085,56.85247,197.3588,201.42323,7.0,6.0,0
327.49023,200.0,148.39243,0.00026850516,49.380768,25.567734,253.2561,303.8705,10.0,3.0,0
326.7321,200.0,90.61863,0.0012808285,27.527927,47.05596,197.26932,80.96438,12.0,6.0,0
238.08807,200.0,74.78261,0.003856337,30.640232,40.714245,351.56226,30.995747,6.0,6.0,0
87.91895,200.0,50.963615,0.0051765186,51.7679,50.5403,422.39688,196.62135,15.0,1.0,0
210.8751,200.0,52.3733,0.014453539,33.757107,59.64937,161.92638,156.40637,0.0,0.0,0
665.40533,200.0,174.61386,0.013572484,95.262405,87.79125,463.7788,259.59137,1.0,0.0,1
244.72856,200.0,131.669,0.0048538353,34.10112,65.42279,121.39968,142.58197,21.0,6.0,0
290.90887,200.0,55.581112,0.0030675489,53.340126,24.721046,393.7193,190.07805,17.0,3.0,0
245.44185,200.0,109.37575,0.022295965,59.27882,36.901802,417.06927,140.25696,19.0,5.0,0
341.04376,200.0,123.23061,0.0012230327,42.956608,64.68041,213.07312,198.82686,7.0,3.0,0
128.51912,302.0,93.26314,0.0133749945,40.000546,33.758846,164.29039,0.0,15.0,5.0,0
248.89784,200.0,92.39145,0.013100428,57.461136,17.569872,261.8503,110.23579,19.0,0.0,0
193.15848,200.0,43.840153,0.008075049,25.49563,38.112614,287.9435,100.98846,4.0,1.0,0
161.86028,200.0,141.27222,0.0144984815,56.6208,24.540396,185.74443,153.91603,6.0,2.0,0
211.20995,200.0,15.525685,0.0069530434,39.360104,53.310493,346.05835,222.14409,10.0,4.0,0
344.20016,200.0,98.85486,0.014283366,22.905863,48.37817,235.2737,263.78427,14.0,0.0,0
251.69528,200.0,101.011116,0.02742271,46.41536,36.301037,264.5076,60.84943,1.0,2.0,0
355.63443,200.0,59.74884,0.027996888,27.849909,29.459778,152.29753,83.7602,16.0,4.0,0
142.25949,200.0,99.63464,0.010227182,42.02483,40.496254,162.00247,128.78952,22.0,3.0,0
290.59253,200.0,82.35258,0.0002751784,45.121536,25.84189,180.1544,196.74176,8.0,1.0,0
154.92294,200.0,70.41937,0.005668512,60.46657,67.6904,211.97551,47.904186,9.0,5.0,0
472.12033,400.0,100.86215,0.02003252,44.39687,69.88281,320.39325,252.05113,14.0,5.0,0
133.68188,200.0,16.765682,0.0149968155,27.922956,48.756954,190.35179,42.604774,10.0,0.0,0
296.80435,200.0,101.75701,0.0147981895,50.02236,49.171936,296.86435,47.264423,13.0,0.0,0
166.49655,200.0,98.27543,0.016586572,39.101845,53.82046,321.47577,229.64803,23.0,3.0,0
268.7518,200.0,112.158714,0.018531425,51.08431,32.656986,292.09207,109.12056,16.0,0.0,0
147.95943,200.0,35.33912,0.0016704935,41.42596,60.41368,453.44122,181.42706,12.0,2.0,0
307.24933,200.0,128.40251,0.0002942756,65.84966,70.997665,384.73227,12.079116,6.0,5.0,0
279.75357,200.0,67.69231,0.008662809,50.79057,56.50322,318.00742,181.1882,13.0,3.0,0
246.06009,200.0,101.24953,0.017026346,37.4591,65.63615,395.90628,77.162506,22.0,4.0,0
151.89793,200.0,132.60307,0.0057577295,47.78766,56.663,143.7617,200.12192,18.0,2.0,0
523.9856,200.0,167.858,0.0620717,59.35817,68.82438,9165.305,8026.3193,15.0,1.0,1
118.88108,200.0,78.64432,0.012222755,22.303473,68.53001,241.73212,245.78195,0.0,2.0,0
198.36827,200.0,112.38355,0.012456593,33.109825,62.787724,275.59402,148.201,16.0,0.0,0
147.96513,204.0,130.84485,0.005543599,61.74883,49.56356,162.94368,278.4952,7.0,0.0,0
270.50305,400.0,68.37546,0.011732465,34.881832,41.293087,285.85193,157.71022,2.0,1.0,0
687.81,200.0,142.80531,0.008706749,6.5283117,72.00424,357.44507,155.42488,18.0,4.0,0
201.32535,200.0,83.61957,0.044965178,21.814266,48.425026,297.0744,341.0723,7.0,3.0,0
163.50026,200.0,84.65068,0.01826646,33.627705,70.40927,175.00398,129.32004,18.0,3.0,0
106.959915,200.0,63.19369,0.010029676,45.267296,43.59582,406.67865,323.5719,5.0,2.0,0
107.370544,200.0,106.69223,0.0012825533,52.201344,30.232237,360.0015,57.891068,14.0,2.0,0
96.49269,200.0,109.11706,0.0051096044,25.546467,49.223003,358.6328,196.6502,1.0,1.0,0
68.60734,200.0,44.30091,0.003975294,35.385162,70.93734,232.83783,225.95602,21.0,2.0,0
170.49706,200.0,116.99764,0.0013435241,46.50906,30.629768,0.0,218.54494,7.0,5.0,0
177.98222,200.0,122.435974,0.0030796034,46.249847,30.518559,259.11377,265.09122,6.0,0.0,0
218.37288,200.0,98.64716,0.0059170215,32.69938,69.47772,259.92596,125.62696,4.0,6.0,0
185.0192,200.0,77.170395,0.001553572,40.857914,36.922123,220.54329,187.78085,3.0,3.0,0
114.28471,200.0,87.83809,0.0023375808,72.92409,32.755512,262.93878,363.77548,6.0,4.0,0
259.60922,200.0,106.04517,0.00038817673,50.039234,50.44939,214.49004,140.31093,17.0,0.0,0
207.08672,200.0,60.653473,0.024920061,44.3945,40.906315,161.21713,264.13968,4.0,6.0,0
112.84195,200.0,149.52206,0.00054982206,65.46676,76.49288,149.08563,0.0,7.0,2.0,0
208.12718,200.0,73.57152,0.002187594,41.844315,82.12209,351.0673,197.5502,11.0,0.0,0
248.48457,200.0,135.66528,0.012377941,44.9493,39.634754,223.23029,177.18257,15.0,1.0,0
286.45685,200.0,60.114372,0.010343542,29.711365,37.44976,329.615,100.48174,1.0,1.0,0
105.93074,200.0,117.32105,0.011311634,28.439892,39.3449,187.61217,141.65721,8.0,1.0,0
189.63791,200.0,94.67474,0.006800071,61.588383,65.592545,161.00676,80.6253,3.0,4.0,0
267.12317,200.0,129.18604,0.00036166582,67.378075,60.966934,0.0,114.39117,10.0,3.0,0
218.86475,201.0,99.380486,0.0031875346,56.159245,38.380894,156.82497,154.98073,13.0,0.0,0
188.44383,200.0,113.33505,0.022011163,60.39381,64.69036,140.55313,292.61905,10.0,1.0,0
138.93817,200.0,103.12558,0.00412782,45.593983,35.335617,278.23468,0.0,16.0,3.0,0
177.74254,200.0,147.44545,0.010100868,39.33536,42.498264,151.63501,110.47282,3.0,5.0,0
150.41483,200.0,49.934,0.023292452,25.184502,51.36299,424.62106,176.01755,20.0,6.0,0
454.97903,200.0,47.770653,0.0084421635,14.805557,66.95903,267.66968,159.9186,18.0,5.0,0
1138.7607,200.0,164.66492,0.023374284,66.410225,75.142204,8627.826,9274.004,19.0,5.0,1
144.58565,200.0,79.383156,0.0013902086,61.345512,62.644337,336.05103,154.30626,6.0,3.0,0
121.81583,200.0,88.38547,0.0015896417,40.71791,37.931133,129.10219,161.05508,13.0,6.0,0
146.47665,200.0,76.9739,0.0019792602,37.304142,65.90889,338.87042,150.72879,23.0,1.0,0
290.2989,404.0,91.89204,0.010876407,17.303324,36.066322,132.80318,195.93294,13.0,1.0,0
70.15537,200.0,151.44826,0.029499812,25.169857,68.91037,139.9558,175.32396,5.0,3.0,0
183.62271,200.0,161.71085,0.036669385,66.91951,42.079395,74.77188,162.09706,13.0,5.0,0
297.6117,200.0,64.41423,0.0013758348,44.385567,44.3392,238.15346,47.920067,23.0,6.0,0
186.50868,200.0,102.5265,0.00083066797,64.69652,41.21145,195.69089,217.86575,16.0,5.0,0
267.46042,200.0,90.989784,0.010411141,30.104734,50.124542,328.23288,34.571392,15.0,1.0,0
179.67923,200.0,154.43051,0.0022354696,30.511353,86.04074,259.2737,12.361147,23.0,5.0,0
103.43536,200.0,123.1916,0.00058270525,23.963644,55.681866,224.18997,156.38437,13.0,3.0,0
149.58548,400.0,71.84236,0.016886666,72.344086,31.210867,213.93083,210.05374,9.0,6.0,0
171.35785,200.0,60.287952,0.042183015,40.90098,36.767986,325.16425,62.920475,4.0,0.0,0
162.6776,200.0,69.979294,0.009985566,46.583736,63.431915,254.11511,113.14722,16.0,4.0,0
121.598976,200.0,97.221436,0.0063731964,44.65722,64.38913,330.76105,162.84859,19.0,3.0,0
323.17615,200.0,116.688126,0.046530474,55.3634,54.58073,239.52206,269.65363,6.0,5.0,0
202.69917,200.0,48.01484,0.010169859,40.294056,42.40205,271.0029,183.0359,3.0,4.0,0
125.45901,200.0,56.112152,0.0043358565,21.507547,74.41522,244.61182,58.649673,2.0,3.0,0
327.24747,200.0,80.80216,0.0017329337,42.220562,42.778954,293.45413,255.81958,20.0,3.0,0
3954.8142,200.0,135.15976,0.1937236,91.32302,77.00234,5322.042,5509.4736,11.0,0.0,1
182.92912,200.0,123.691154,0.011402212,38.46487,32.903233,342.26617,263.98593,0.0,6.0,0
4239.202,500.0,102.74902,0.122884676,49.187824,44.231228,271.18408,219.91139,18.0,1.0,1
140.64278,301.0,150.01634,0.0026675723,49.950985,42.049065,83.37513,134.8787,2.0,6.0,0
117.032135,200.0,62.065228,0.0003416875,44.810772,47.311996,172.75587,0.0,20.0,4.0,0
7239.1777,504.0,132.19434,0.18327983,74.75305,92.87429,7496.76,9360.01,22.0,5.0,1
116.855644,200.0,84.277916,0.0023509492,42.132565,62.09092,320.05753,227.30203,12.0,4.0,0
539.9559,200.0,101.46853,0.008978921,50.365955,48.0465,375.34735,51.56311,11.0,1.0,0
168.80493,200.0,89.50279,0.018006371,30.838142,41.958763,246.59793,166.5513,8.0,0.0,0
98.08555,200.0,109.07711,0.004485935,51.22351,40.048275,149.26321,180.40244,21.0,6.0,0
212.5766,400.0,73.938126,0.0045470824,42.132442,52.492413,282.9273,137.66074,8.0,1.0,0
209.06201,200.0,81.57747,0.0063365577,49.254223,58.499977,292.63602,138.85532,2.0,1.0,0
157.4521,200.0,54.790386,0.009317651,57.63016,36.5923,285.6679,137.55476,18.0,4.0,0
124.53681,200.0,84.132835,0.005436186,48.04378,41.267647,290.9428,251.4253,19.0,1.0,0
191.22887,200.0,89.276985,0.0031673557,28.058336,50.93274,563.7025,168.9556,8.0,2.0,0
184.38496,200.0,112.72874,0.0061379396,33.056183,68.26418,329.4637,176.0121,9.0,4.0,0
159.80666,400.0,126.675705,0.028887823,50.715443,51.020103,274.3288,34.87092,21.0,5.0,0
253.15582,200.0,129.71516,0.010769489,20.408455,33.43075,302.50684,127.49392,4.0,3.0,0
116.01605,200.0,114.82448,0.0009795038,26.187355,55.289032,286.59378,292.85806,19.0,1.0,0
71.603745,201.0,97.1574,0.03371242,43.779797,43.609737,209.03021,218.15451,8.0,6.0,0
192.342,200.0,103.384224,0.00040152797,65.02862,48.24492,320.45316,0.0,14.0,4.0,0
1093.0721,200.0,120.60747,0.07831502,51.001522,79.45361,8194.62,9389.352,15.0,0.0,1
136.97566,200.0,62.632076,0.01924418,36.825516,53.35848,416.29276,171.1797,0.0,6.0,0
96.95497,200.0,97.872154,0.03293637,69.223274,53.995937,117.06321,45.972218,6.0,0.0,0
225.29715,200.0,79.8726,0.009442831,19.361795,51.00075,212.94583,90.25189,9.0,2.0,0
356.2982,200.0,118.3295,0.024949856,58.202938,42.982178,216.42358,180.58032,20.0,1.0,0
7710.039,504.0,68.31985,0.1744821,35.01457,69.557915,368.63232,286.175,7.0,6.0,1
182.83868,400.0,111.88138,0.0063295234,33.917763,28.675657,436.9129,198.73727,7.0,2.0,0
189.64915,200.0,107.243576,0.004718839,39.446217,53.425007,363.27283,92.302505,15.0,2.0,0
62.552074,200.0,135.93037,0.035758704,7.723618,39.21286,370.19812,133.12988,3.0,5.0,0
255.93811,200.0,67.88551,0.0014312274,32.546852,30.861317,190.98993,20.175879,22.0,5.0,0
552.5999,200.0,160.5557,0.044613592,53.91152,71.998825,8575.197,9977.64,7.0,4.0,1
123.05163,200.0,130.59865,0.020213092,62.70464,70.83608,253.99376,161.0553,14.0,0.0,0
254.6129,200.0,131.50354,0.0004470821,59.45585,58.71661,425.63757,173.5388,17.0,3.0,0
203.81343,201.0,74.22237,0.009221437,33.26964,70.89556,214.98416,264.77618,1.0,4.0,0
237.69475,200.0,120.67988,0.0053299805,11.393269,36.967926,334.0926,203.00194,3.0,4.0,0
364.15952,200.0,79.47469,0.0004019825,17.808304,50.118935,249.70764,221.0434,0.0,1.0,0
5941.494,200.0,82.79624,0.23965631,98.962395,79.323685,7762.386,8271.796,10.0,6.0,1
337.45142,200.0,65.97242,0.0014567145,28.336191,35.41925,298.0499,223.14919,5.0,0.0,0
223.07954,302.0,59.330994,0.013532198,35.172092,48.138763,332.15866,159.34795,18.0,6.0,0
124.05443,200.0,94.9377,0.013476116,50.237152,71.702614,163.66582,157.16602,23.0,5.0,0
228.00467,200.0,99.37558,0.0028381823,31.03344,61.008076,250.1557,258.0364,12.0,4.0,0
215.59225,200.0,142.04549,0.0075848037,59.908382,58.69639,268.75766,202.81369,20.0,0.0,0
159.47353,200.0,110.58424,0.008233206,32.339985,43.83215,277.07632,288.17413,7.0,4.0,0
60.980476,200.0,122.82804,0.0014690695,54.4142,55.66787,213.02551,222.08733,7.0,3.0,0
611.24786,200.0,116.70295,0.03378176,89.09008,91.57005,460.02246,342.90582,7.0,3.0,1
272.46988,200.0,121.63657,0.058063723,33.41701,44.346447,28.29853,185.31529,0.0,2.0,0
98.57096,200.0,62.0932,0.007962824,31.898523,40.60713,239.49046,175.70233,7.0,3.0,0
116.78242,200.0,100.22923,0.011487327,52.505608,56.896297,378.3135,123.82449,13.0,2.0,0
319.61752,200.0,100.71595,0.010341996,57.455105,41.16924,409.49045,161.75027,4.0,4.0,0
253.78307,200.0,81.7856,0.007842268,39.371407,30.611444,301.64835,119.74718,13.0,5.0,0
376.09872,200.0,98.0925,0.0059357993,51.573227,34.8453,111.65755,124.417755,20.0,4.0,0
326.89148,200.0,69.21949,0.016671188,44.702477,36.6768,154.38817,96.02218,20.0,5.0,0
309.2547,400.0,120.411354,0.002687112,54.58554,50.8137,436.7109,192.3021,20.0,6.0,0
99.772804,200.0,63.892113,0.013311936,23.28561,53.696354,7.256539,77.979996,15.0,3.0,0
174.95183,302.0,37.322994,0.0033488218,41.2247,30.221508,251.05835,268.97614,22.0,0.0,0
379.01495,200.0,37.63585,0.0003130751,51.29829,43.334175,222.1025,169.28996,1.0,5.0,0
137.86375,500.0,99.869545,0.0032078594,35.518505,56.49992,310.05835,52.05612,22.0,4.0,0
125.07405,200.0,115.47413,0.0006216514,30.121824,42.00935,302.8891,206.56737,23.0,6.0,0
109.30579,200.0,73.89363,0.008055089,34.2867,10.311771,281.61795,238.38994,1.0,3.0,0
254.80966,200.0,139.81386,0.013427798,49.56197,54.289894,284.0135,381.7131,10.0,4.0,0
135.31396,200.0,138.7722,0.011677296,49.24443,67.25539,378.41376,257.88516,1.0,1.0,0
5327.335,200.0,57.035305,0.12093375,92.940605,82.790855,6993.086,7520.8164,10.0,4.0,1
173.689,200.0,58.837585,0.0068191495,27.86332,44.215702,386.4885,343.16962,10.0,2.0,0
355.18042,200.0,126.27971,0.0020405638,35.723495,24.086864,566.572,208.16661,10.0,0.0,0
187.42711,200.0,105.959984,0.00038586016,54.979588,58.47117,195.72922,212.48941,16.0,4.0,0
89.9793,200.0,123.39767,0.001080376,48.73482,67.90348,100.41968,95.88285,21.0,0.0,0
250.18022,200.0,48.70331,0.01459164,20.385225,27.80258,281.04242,197.79343,15.0,0.0,0
153.43045,200.0,49.444164,0.012044662,71.74176,58.990562,293.3749,57.206173,9.0,6.0,0
223.1778,200.0,92.43169,0.007183184,17.890295,57.95504,202.2143,95.833626,13.0,3.0,0
193.76645,200.0,57.94047,0.009481081,43.483204,60.413776,488.0538,3.6665795,11.0,2.0,0
139.0104,200.0,130.10515,0.0029950787,34.154434,28.208857,328.30438,204.42467,19.0,6.0,0
253.26747,200.0,127.70011,0.012597066,44.393967,71.940895,199.75206,92.17226,22.0,2.0,0
253.83861,200.0,104.77336,0.0022883753,10.214526,36.747902,402.45578,200.5551,20.0,5.0,0
207.00696,200.0,86.829666,0.009404156,28.16078,71.61563,222.38768,146.24037,23.0,0.0,0
130.89137,200.0,99.317,0.00189251,25.099146,50.11686,210.04237,31.33759,7.0,5.0,0
151.97815,200.0,94.73961,0.00257073,37.76958,55.25233,190.32768,165.79013,8.0,2.0,0
136.23166,200.0,98.33693,0.0021554045,8.0912,47.58017,438.9574,90.28607,21.0,4.0,0
109.0921,200.0,94.82539,0.024604237,28.06716,40.088642,46.296364,241.57011,19.0,2.0,0
289.59384,200.0,73.83794,0.034608535,58.774914,52.73624,225.19112,195.11284,8.0,3.0,0
311.84772,200.0,53.777405,0.0005695024,52.20874,38.105087,224.60062,0.0,14.0,5.0,0
286.75723,200.0,123.53883,0.009139885,9.293815,16.25602,191.27536,208.76512,3.0,5.0,0
209.78996,200.0,38.902653,0.0032303848,36.905556,30.318325,354.46994,59.343864,12.0,3.0,0
105.93787,200.0,89.926285,0.000827977,43.790436,53.518528,176.1376,0.0,20.0,3.0,0
268.39584,200.0,92.92635,0.0051776106,58.573395,71.423935,308.93283,137.42384,21.0,6.0,0
202.49582,301.0,100.347435,0.018154442,80.648636,64.829994,225.51808,99.21429,22.0,3.0,0
501.23566,200.0,125.392395,0.0031744249,44.225903,54.985012,373.10263,129.75328,22.0,1.0,0
152.68727,200.0,103.892075,0.007388496,34.155624,60.873375,73.04848,0.0,22.0,5.0,0
209.41006,200.0,109.92672,0.012674656,3.087839,16.693632,198.55328,9.573135,16.0,4.0,0
114.23276,200.0,85.6741,0.01228179,49.751884,44.802254,44.475708,152.69897,21.0,1.0,0
181.34882,200.0,86.56977,0.0081736,22.494543,45.703606,214.73802,89.77668,1.0,3.0,0
237.68156,200.0,82.85343,0.0005936777,31.34343,54.84259,136.32756,131.36491,3.0,1.0,0
286.40573,200.0,133.80406,0.00057113514,14.860961,50.89378,95.46929,171.63985,9.0,5.0,0
141.20024,200.0,85.10911,0.0039591105,43.195633,66.159515,223.86465,174.40335,18.0,2.0,0
231.96391,200.0,88.091965,0.013255836,26.409967,17.791407,219.50285,258.61237,23.0,2.0,0
196.71931,200.0,131.01927,0.0008412645,34.558586,65.9166,202.03969,160.33481,2.0,0.0,0
519.03314,200.0,79.3749,0.01728417,45.90187,58.45782,307.96994,7.513506,0.0,4.0,0
341.7365,200.0,128.14842,0.021336237,27.836493,19.364063,168.64172,259.68448,15.0,2.0,0
197.33502,200.0,142.8345,0.0014817371,28.945208,90.14529,253.8157,111.72613,6.0,0.0,0
121.96319,200.0,97.36042,0.013653158,17.451195,0.0,244.92024,56.247032,18.0,3.0,0
231.35193,200.0,110.67032,0.015571443,48.16643,24.631662,1.0780568,296.86484,8.0,1.0,0
356.23907,200.0,152.17421,0.0005853241,70.92279,35.077843,302.00476,338.17224,22.0,4.0,0
226.04652,200.0,138.98001,0.0018951759,55.611736,56.969547,174.10435,231.88725,14.0,0.0,0
390.1575,200.0,153.58388,0.029436078,89.162315,97.98335,463.34363,207.02133,2.0,4.0,1
274.99057,200.0,110.589355,0.00014442108,25.007383,34.2722,327.7483,259.04462,23.0,1.0,0
389.7899,200.0,97.09683,0.023954818,98.30481,99.350845,254.89696,196.1645,21.0,6.0,1
223.3864,400.0,117.384186,0.012045043,10.772935,47.98304,69.5151,155.28558,1.0,5.0,0
189.73318,200.0,133.8945,0.004618114,36.86293,60.12649,126.27431,255.27129,18.0,0.0,0
169.7228,200.0,122.57577,0.005454019,30.646395,48.68616,351.44815,109.67092,8.0,1.0,0
119.06643,200.0,123.86214,0.027803915,54.974808,52.148777,161.82394,70.20918,23.0,4.0,0
300.17917,200.0,90.11448,0.011639703,56.032288,55.21952,286.69748,247.9226,17.0,0.0,0
186.27966,200.0,70.22155,0.007445027,59.831207,53.97678,297.88962,379.38617,6.0,1.0,0
143.09271,200.0,106.96195,0.013575726,42.118717,19.315292,250.42657,174.22787,21.0,6.0,0
128.80225,200.0,107.92068,0.010514679,32.85263,50.43334,162.83824,163.95474,14.0,2.0,0
65.23468,201.0,125.709564,0.0003811743,38.90994,71.83911,299.3673,94.487495,15.0,1.0,0
235.5482,200.0,100.389565,0.008464119,25.323595,44.564083,282.68588,186.82373,3.0,5.0,0
156.80998,200.0,99.80252,0.02321152,40.008446,59.48688,250.37967,139.4581,4.0,0.0,0
170.68266,200.0,67.7526,0.011082058,43.76802,53.728794,149.00133,259.84457,11.0,2.0,0
146.95593,200.0,101.4775,0.024510272,35.96692,39.446705,225.77509,21.403994,21.0,6.0,0
286.40564,201.0,124.56873,0.010805489,38.819206,57.337257,85.80273,243.7765,6.0,3.0,0
192.44044,201.0,43.63444,0.0044823284,53.069523,63.79343,303.4902,126.46709,12.0,4.0,0
161.20537,500.0,104.45486,0.0053807586,44.665577,43.14192,295.10983,184.26117,20.0,5.0,0
245.83508,200.0,86.73757,0.0016939732,45.819473,47.852386,345.69562,142.91174,21.0,1.0,0
186.11412,400.0,144.1064,0.009102247,40.938057,65.83402,96.98922,82.35606,21.0,4.0,0
203.9195,200.0,117.432045,0.010210988,16.729992,50.129654,235.62846,196.38254,0.0,3.0,0
363.14536,200.0,89.94735,0.02326613,54.933247,57.67847,344.17517,51.423523,6.0,1.0,0
66.19343,200.0,115.08654,0.017216763,50.76601,37.432816,448.9154,199.44879,15.0,1.0,0
83.22673,200.0,130.05571,0.005247938,34.48076,57.010006,178.03902,138.527,23.0,5.0,0
294.21967,201.0,151.2306,0.008959621,16.987934,18.528849,224.47783,269.16452,1.0,6.0,0
201.09023,200.0,117.40189,0.021625433,23.89747,38.794262,234.51083,119.46734,15.0,0.0,0
2592.0786,500.0,133.82571,0.14184053,32.635662,65.52653,351.96283,161.02214,2.0,4.0,1
427.35968,200.0,64.83135,0.037052244,43.134705,55.968548,355.07553,256.02524,23.0,4.0,0
113.075714,201.0,48.835197,0.0024852618,26.121075,31.198425,220.86963,125.255684,0.0,3.0,0
350.46637,200.0,84.2445,0.0003677905,27.65009,30.505997,230.28238,156.93881,2.0,1.0,0
195.706,200.0,96.58532,0.05617004,34.1688,40.460873,219.86363,256.5138,12.0,1.0,0
397.45035,200.0,97.60267,0.0017753205,26.419016,33.424633,255.40686,171.17995,23.0,1.0,0
126.53549,200.0,106.38557,0.021625519,39.165443,44.444378,388.72592,98.84178,22.0,5.0,0
263.7798,200.0,132.05489,0.017636832,38.66388,55.53169,325.0615,291.07224,14.0,6.0,0
361.1271,204.0,97.70392,0.001306908,49.831985,34.434452,266.82745,95.18489,1.0,0.0,0
327.62686,200.0,82.07635,0.0022739714,29.390236,52.70742,129.92195,155.63548,9.0,3.0,0
127.494316,200.0,99.49564,0.0024454275,26.17199,54.88301,132.91312,171.09213,20.0,0.0,0
262.07968,200.0,88.79321,0.002013337,14.189295,66.11442,222.00385,107.22371,21.0,0.0,0
71.775665,200.0,108.45934,0.005476718,39.629932,63.30301,221.97055,141.40785,18.0,0.0,0
201.68689,200.0,98.44308,0.013347024,44.8909,60.424797,230.35808,30.80506,12.0,6.0,0
173.95476,200.0,109.87524,0.014244139,52.45572,56.515556,389.10855,0.0,20.0,2.0,0
108.860245,200.0,117.59537,0.007963118,37.95857,43.24594,295.10153,170.29616,12.0,2.0,0
135.5478,200.0,93.584625,0.0014358659,17.786867,41.36474,169.77287,362.1598,12.0,0.0,0
128.90547,200.0,169.75165,0.008159027,46.076492,31.633121,187.07599,429.33337,20.0,4.0,0
361.6394,200.0,157.17714,0.016345052,47.634552,46.91951,337.4236,103.63353,6.0,1.0,0
198.97789,200.0,115.06137,0.0071010725,15.153269,65.851,437.60892,85.04957,15.0,2.0,0
161.5586,200.0,124.3234,0.012956703,61.836735,64.2479,251.5096,159.07188,16.0,3.0,0
210.811,200.0,131.33813,0.0019827005,30.917099,39.11639,134.37273,189.25754,2.0,5.0,0
119.18757,200.0,106.44299,0.006250476,28.720598,52.046715,295.66776,122.219826,6.0,3.0,0
141.87733,200.0,85.2483,0.0109609915,58.031197,43.429474,327.34384,89.483086,15.0,2.0,0
214.87411,404.0,109.10177,0.0059623006,49.10925,56.078445,289.3419,228.96237,11.0,0.0,0
225.21613,204.0,54.02887,0.0018121796,18.160915,33.725536,197.31264,367.92676,10.0,1.0,0
250.07997,200.0,109.335594,0.010185919,51.98189,60.27501,282.02463,153.50854,17.0,3.0,0
6732.517,504.0,70.04638,0.18224525,89.599266,81.1315,9791.801,5342.7524,2.0,1.0,1
57.38323,200.0,115.467606,0.01573037,50.236057,62.254604,593.8709,139.00891,1.0,3.0,0
206.58047,200.0,107.15514,0.00833215,23.661665,47.086586,230.9618,218.53046,5.0,6.0,0
226.41548,200.0,96.930626,0.004425819,56.32527,88.11506,230.97583,251.62196,2.0,3.0,0
153.94218,200.0,85.27691,0.007254972,27.993525,55.80426,230.0435,227.94724,14.0,4.0,0
34.674973,201.0,124.532326,0.00030248912,53.175465,59.024563,382.78754,155.2099,21.0,2.0,0
131.87526,200.0,81.956726,0.008576509,52.719513,72.395485,387.47632,220.70964,2.0,5.0,0
114.09725,200.0,95.81889,0.008110011,41.32573,56.5797,244.78633,115.79758,12.0,3.0,0
125.04151,200.0,71.32054,0.019709967,47.936214,21.74369,290.40994,64.399216,7.0,6.0,0
68.72933,200.0,126.07313,0.038322758,33.20629,88.73567,58.81694,254.77644,23.0,0.0,0
148.87204,200.0,91.2861,0.0078458795,50.097805,69.45701,142.68738,84.677734,10.0,3.0,0
81.14412,200.0,64.42174,0.0032394785,53.33068,28.190521,178.99324,54.056065,19.0,6.0,0
217.31804,200.0,139.89606,0.014382061,45.93245,54.646397,337.39972,88.90076,0.0,1.0,0
229.26735,200.0,90.06872,0.005073553,10.730763,47.814007,418.2216,92.11122,1.0,4.0,0
233.27704,200.0,114.71979,0.025266804,70.94211,44.417786,358.87122,8.439533,21.0,0.0,0
210.28615,200.0,134.09818,0.0017169227,24.178818,56.594334,258.18698,220.98036,19.0,2.0,0
159.70949,204.0,57.318813,0.00020550378,59.571354,35.385983,100.86184,155.12537,12.0,4.0,0
189.53477,400.0,100.060265,0.028308155,38.37026,62.772408,233.77512,46.437885,23.0,3.0,0
271.0173,200.0,58.16564,0.023690159,39.413574,42.184692,339.74637,188.53123,16.0,0.0,0
207.29723,200.0,91.55761,0.018481597,36.020275,43.788475,362.75613,147.93663,21.0,6.0,0
99.79863,200.0,81.800964,0.0051930947,21.41401,34.94321,325.19022,121.86881,22.0,2.0,0
160.66443,200.0,103.57301,0.009659784,34.207024,37.09658,263.51865,167.86829,23.0,2.0,0
253.32072,200.0,90.96711,0.035338815,41.772633,35.52418,250.29927,145.3121,10.0,0.0,0
206.6796,200.0,79.55801,0.006820181,10.298735,56.371838,126.2908,204.12231,18.0,6.0,0
263.39465,200.0,94.83377,0.000812658,40.779533,19.392878,166.91415,209.38039,15.0,0.0,0
273.38458,200.0,91.84289,0.011218039,42.164684,46.08863,239.36227,139.8241,13.0,3.0,0
199.18214,200.0,104.48324,0.0075664152,35.93677,30.648579,56.60111,73.60007,1.0,5.0,0
247.36043,200.0,64.78901,0.01104447,22.544312,38.195805,352.26318,139.4592,13.0,1.0,0
203.21086,200.0,118.08589,0.005810738,20.876514,47.41464,251.3357,135.40034,17.0,0.0,0
141.93793,200.0,140.4469,0.0075939656,66.51648,41.077213,289.63657,232.1039,0.0,1.0,0
406.90268,200.0,80.38298,0.012196279,52.016075,52.13725,403.59937,106.408356,8.0,5.0,0
197.53569,200.0,155.78943,0.0036350663,49.36849,46.64193,145.87732,181.85855,2.0,2.0,0
213.35748,200.0,97.62565,0.00827863,37.841095,49.698124,446.28677,183.82556,5.0,2.0,0
1416.568,200.0,118.16878,0.06542805,54.02122,66.93153,8210.025,8013.8794,16.0,3.0,1
205.62637,200.0,156.27733,0.02039031,52.62431,64.87825,291.0572,136.57246,0.0,5.0,0
126.5338,200.0,61.13115,0.0062479638,37.7385,59.9215,282.2793,124.0626,13.0,3.0,0
211.85298,201.0,120.774994,0.010390296,54.304733,72.92039,264.44104,224.37997,9.0,2.0,0
611.6439,200.0,173.32713,0.016401023,83.60772,93.02345,487.51968,356.67148,23.0,6.0,1
127.08988,302.0,97.87659,0.017731054,34.79492,56.823177,457.38193,79.18647,16.0,1.0,0
159.81104,404.0,78.429855,0.0060954704,36.563736,39.526848,101.76967,99.27792,22.0,5.0,0
118.800026,200.0,106.35353,0.0024141138,23.155022,60.926407,164.0622,67.461975,14.0,3.0,0
149.4553,200.0,90.86544,0.02522707,38.112003,38.64064,301.13968,163.52165,5.0,3.0,0
194.55576,200.0,67.70908,0.0017863583,54.284203,31.43496,296.5265,253.13037,2.0,1.0,0
221.18471,200.0,63.05899,0.005279215,25.350489,25.64852,330.1908,299.07275,10.0,6.0,0
241.88853,200.0,74.52049,0.005611871,34.586956,28.882895,231.74765,151.6253,12.0,0.0,0
302.11496,200.0,182.93347,0.015857102,53.44126,50.812115,293.66528,19.66129,18.0,6.0,0
349.04434,204.0,91.76704,0.004787301,18.094007,67.52599,358.23648,293.08148,2.0,4.0,0
3510.484,504.0,144.37996,0.14259677,32.611153,41.88014,306.80164,111.28923,10.0,1.0,1
219.36429,200.0,108.59163,0.0009419229,62.412243,60.16691,261.55374,165.11497,7.0,0.0,0
239.16827,200.0,104.77816,0.004453136,34.54996,51.24891,373.28238,164.15764,21.0,0.0,0
110.779625,200.0,110.49378,0.006349167,53.506306,56.45998,234.67577,92.70759,9.0,6.0,0
87.26665,200.0,95.636154,0.0033970294,16.554548,45.611595,376.01437,189.08357,5.0,0.0,0
369.25894,200.0,95.500374,0.038665984,27.987684,53.26271,314.81107,190.11285,9.0,1.0,0
141.12323,200.0,131.09297,0.032846976,43.299896,36.199184,193.81462,162.70496,14.0,1.0,0
131.91585,200.0,82.98435,0.016916387,29.238586,32.402405,348.9434,191.66873,15.0,0.0,0
128.85359,200.0,147.71393,0.011478943,42.228962,51.3787,457.60275,139.63861,16.0,4.0,0
158.14578,200.0,129.26878,0.0069314735,44.805202,48.944492,356.7478,166.20107,9.0,5.0,0
176.5167,200.0,147.39153,0.022898627,36.23912,33.781204,467.5963,235.55142,6.0,2.0,0
212.47386,200.0,102.99441,0.01008964,41.142223,49.78185,181.11292,67.14307,2.0,3.0,0
165.18777,200.0,90.54522,0.011635669,41.87766,39.217037,182.51129,212.70807,5.0,5.0,0
326.6207,200.0,148.3681,0.0024191667,48.028522,88.25868,246.16556,197.94957,1.0,6.0,0
154.21526,200.0,105.86838,0.007102049,48.27997,24.334496,351.88794,179.53384,17.0,3.0,0
233.61488,200.0,80.09345,0.0106898965,45.56746,71.83346,227.14041,23.451351,14.0,2.0,0
561.667,200.0,191.5619,0.010408498,93.4959,95.483055,370.73483,349.08173,8.0,3.0,1
185.29184,200.0,114.40566,0.002083337,40.76823,54.155933,416.35324,413.46744,22.0,1.0,0
189.16422,200.0,129.1837,0.016524684,27.325014,41.989292,252.32202,116.8069,12.0,3.0,0
132.85646,200.0,94.76547,0.01626965,33.73547,45.822315,73.26576,110.34421,16.0,0.0,0
166.72493,200.0,54.417427,0.003807705,25.739542,39.233128,295.1789,264.07257,16.0,6.0,0
208.47101,201.0,62.896152,0.0001954049,37.82003,62.704594,21.030012,214.85225,10.0,2.0,0
272.8585,200.0,156.92062,0.0062286416,37.360485,47.1994,63.919525,102.17995,16.0,6.0,0
72.34205,200.0,86.00431,0.0053721583,39.256527,55.099785,242.52936,170.67027,12.0,3.0,0
142.42342,200.0,94.315956,0.0056722844,27.465475,53.3775,190.62447,68.59976,8.0,3.0,0
163.54114,404.0,141.39206,0.022170283,47.815086,26.866966,228.23434,253.72847,12.0,5.0,0
107.91106,200.0,82.84393,0.008537787,41.25577,58.59943,142.77617,172.0075,6.0,2.0,0
360.1748,200.0,168.55446,0.00094379915,36.004707,65.253265,77.383194,157.42148,19.0,0.0,0
78.41899,200.0,106.343765,0.009312151,36.989708,38.14009,276.08426,109.246185,1.0,3.0,0
238.889,200.0,146.29002,0.014092418,45.556747,18.651535,306.60672,127.83694,19.0,0.0,0
150.36435,200.0,163.2577,0.004215246,50.82084,62.59601,308.17355,167.02466,11.0,0.0,0
239.84673,200.0,117.338554,0.031174079,16.95766,26.367313,340.9453,114.99088,10.0,1.0,0
75.83703,200.0,59.757828,0.0037621788,32.901882,65.614456,280.0188,126.704445,11.0,5.0,0
263.3228,200.0,82.83381,0.0134441,42.885983,16.935865,197.60263,75.926186,5.0,6.0,0
351.39673,200.0,158.52786,0.009282365,32.665905,31.748314,301.32498,131.98683,3.0,5.0,0
148.86499,200.0,149.23622,0.0020128393,46.845253,54.585423,87.26651,291.68954,1.0,5.0,0
294.23584,200.0,134.9481,0.010016344,12.36695,37.25915,249.43741,52.404232,3.0,3.0,0
224.65509,200.0,122.47263,0.014386145,52.791817,72.250854,254.4727,212.49655,8.0,1.0,0
134.45525,201.0,65.236435,0.005843296,46.625114,16.480774,233.53163,146.69102,13.0,2.0,0
297.5717,201.0,100.721436,0.011622216,32.167377,7.9943976,289.95792,195.78711,4.0,3.0,0
227.95547,200.0,182.73178,0.009103337,33.69403,67.131546,64.07919,179.4165,21.0,2.0,0
311.94598,200.0,80.01001,0.01608891,38.066246,56.542747,60.73467,148.89627,14.0,1.0,0
331.95905,200.0,133.86618,0.019425139,41.410904,36.687622,342.70044,182.48755,12.0,6.0,0
128.75908,200.0,90.63028,0.020648936,39.862255,34.286366,15.080439,191.9687,13.0,6.0,0
153.51639,200.0,123.0621,0.0145997675,31.913307,46.8937,395.64536,184.15828,22.0,4.0,0
4722.703,502.0,62.33959,0.20709482,36.113148,67.62784,388.35825,269.397,1.0,0.0,1
123.54216,200.0,67.390114,0.0012838184,40.9957,21.741247,199.97565,199.74997,0.0,5.0,0
171.57195,200.0,114.610794,0.0018379843,20.143475,39.62778,338.1314,262.8452,5.0,1.0,0
213.91292,200.0,121.1922,0.018953798,51.38326,29.844046,200.72025,13.623585,19.0,2.0,0
255.09576,200.0,111.61506,0.005404054,57.959393,67.77763,106.5345,161.02106,7.0,0.0,0
147.57397,200.0,166.02771,0.0069443793,37.73749,31.40707,271.42096,53.251053,16.0,3.0,0
146.03236,400.0,152.20172,0.0023196766,63.452057,68.75525,268.13126,125.070404,6.0,3.0,0
122.760704,200.0,73.511604,0.0066755614,36.10263,49.48701,0.0,0.0,12.0,0.0,0
118.63679,200.0,134.85753,0.020902872,32.514835,47.49444,412.12982,46.476402,23.0,1.0,0
9619.917,504.0,108.01646,0.24654453,32.919075,40.99331,310.9914,138.88354,22.0,5.0,1
151.62085,200.0,104.73951,0.0045897095,57.674786,42.932114,213.27417,208.29774,18.0,1.0,0
285.29443,200.0,132.11055,0.004709657,30.617554,64.0895,140.00334,4.3916845,19.0,6.0,0
283.81683,200.0,95.563805,0.006996368,52.419693,67.53367,265.40662,45.49604,16.0,6.0,0
181.17493,200.0,108.64496,0.008134316,37.89846,47.960903,395.2314,146.55196,11.0,6.0,0
242.99591,200.0,194.76825,0.0020741452,56.507618,44.44096,284.98233,146.85362,1.0,3.0,0
126.2182,200.0,100.96223,0.05366961,43.025585,46.524326,450.85727,217.63956,22.0,3.0,0
153.26888,200.0,58.53043,0.001796598,46.004547,57.667244,179.06346,222.3735,18.0,2.0,0
7406.6465,503.0,59.749733,0.25417036,68.92518,59.216953,310.56033,210.09465,8.0,6.0,1
153.65906,200.0,70.15259,0.018122107,70.53529,31.743334,151.89087,122.9113,10.0,3.0,0
197.75851,200.0,115.72321,0.0024594755,45.055477,28.730368,287.53018,106.613815,8.0,2.0,0
314.73285,201.0,138.02185,0.01764909,31.891533,31.067812,403.8161,172.86003,3.0,6.0,0
99.4141,200.0,95.39651,0.0039878543,47.346004,68.13015,192.3199,160.07059,0.0,6.0,0
151.78937,200.0,154.42213,0.0030682557,22.275465,40.65566,386.39252,224.80807,0.0,6.0,0
161.40756,200.0,67.165565,0.0019533394,45.173244,34.10997,319.6258,269.6241,1.0,1.0,0
244.53918,200.0,53.227375,0.0066333176,37.08503,45.115746,253.10516,138.78435,17.0,2.0,0
8059.7524,500.0,66.15598,0.13568652,34.510357,70.633575,229.0251,210.45302,21.0,2.0,1
202.78984,204.0,120.80373,0.036939662,46.333733,60.620743,402.11008,49.43331,20.0,3.0,0
122.17434,201.0,124.71117,0.006334449,43.651173,43.38451,135.09615,52.32183,4.0,4.0,0
145.37888,200.0,75.51972,0.02570737,27.85477,55.514565,146.28317,240.82162,21.0,2.0,0
305.68704,200.0,81.432755,0.012981306,25.405365,33.49041,193.23323,105.88828,1.0,4.0,0
115.43489,200.0,74.8675,0.004249128,37.889847,35.811485,0.0,99.96815,2.0,1.0,0
108.04156,200.0,66.29629,0.0022715314,42.93712,54.363716,291.5738,286.34363,15.0,6.0,0
261.97156,200.0,105.09846,0.014402388,44.94022,73.351006,301.7576,266.99203,19.0,3.0,0
87.41474,200.0,69.49897,8.8319996e-07,68.64118,46.271816,251.2426,285.4843,23.0,6.0,0
214.7554,200.0,88.52043,0.018574098,28.33445,35.208523,84.29326,196.05217,0.0,5.0,0
361.68317,200.0,176.36148,0.0040825754,42.860508,62.131325,356.58173,180.17699,17.0,4.0,0
89.78889,500.0,114.2478,0.0090409955,27.575094,49.92118,219.60118,451.2944,22.0,5.0,0
122.07316,204.0,96.33007,0.0036723714,65.68859,43.89229,58.629486,121.94775,7.0,2.0,0
212.48804,200.0,117.872086,0.00053169526,41.67537,50.77142,28.115042,64.63525,15.0,6.0,0
220.49121,200.0,127.38484,0.0056042965,26.189034,70.46277,138.51662,93.203026,4.0,0.0,0
232.38701,200.0,83.0707,0.0014667725,50.128315,41.458908,380.46442,155.22995,23.0,1.0,0
284.39926,201.0,62.812492,0.02862471,34.72066,47.60807,226.5756,152.13945,11.0,4.0,0
85.79079,400.0,74.40637,0.008839886,15.174223,48.315346,219.38577,91.056335,9.0,3.0,0
127.54646,200.0,74.60075,0.009905026,35.23168,45.105858,77.36151,248.83228,16.0,0.0,0
237.47235,200.0,169.0135,0.019367881,24.231625,55.29971,98.84477,152.83038,8.0,5.0,0
129.30229,200.0,66.90224,0.004334917,18.22269,47.53756,379.45383,171.1669,11.0,1.0,0
275.3814,200.0,87.77737,0.0034845953,27.717474,62.702805,249.56209,116.13481,8.0,0.0,0
244.60448,200.0,46.02912,0.004778053,45.196262,55.419796,297.2538,70.03436,16.0,6.0,0
199.82019,200.0,79.717766,0.002792915,22.81346,57.469593,171.32999,53.52696,21.0,1.0,0
523.9124,200.0,142.34325,0.047495622,88.49068,92.9159,304.85254,152.75925,22.0,6.0,1
154.21983,204.0,79.37126,0.035292797,37.52777,67.852905,216.26604,0.0,10.0,4.0,0
138.69133,200.0,99.82621,0.006416367,18.78609,73.130165,340.66364,51.629757,13.0,0.0,0
91.24462,200.0,126.049126,0.003204117,41.877083,54.710464,222.64754,0.0,19.0,0.0,0
135.39352,200.0,102.6086,0.011483859,28.251444,38.33594,137.59917,85.68884,3.0,4.0,0
161.8722,200.0,175.32231,0.0018634596,30.74599,55.862305,353.70374,40.857056,17.0,4.0,0
291.73242,201.0,86.80393,0.03669444,9.110154,58.925465,33.94006,159.68228,6.0,5.0,0
223.31091,200.0,62.271114,0.0011926662,45.12267,0.0,367.21152,129.22658,11.0,6.0,0
318.9357,200.0,113.64716,0.004165578,46.468697,54.37092,182.23775,26.501577,7.0,0.0,0
219.71796,200.0,113.662025,0.028697519,35.64121,59.069714,271.5707,144.70145,20.0,6.0,0
172.72145,200.0,39.782555,0.011366386,30.970964,54.89462,317.19345,74.1907,3.0,4.0,0
204.19937,200.0,74.41335,0.004272045,61.264973,30.341188,112.378426,141.45207,2.0,4.0,0
176.13179,200.0,78.23574,0.0019368611,41.79954,54.958855,127.49798,127.5275,6.0,4.0,0
160.43155,200.0,103.38094,0.011573889,28.773363,28.622774,428.2676,51.09932,22.0,4.0,0
156.40388,302.0,146.44952,0.022488944,30.460821,62.009026,180.3437,140.14061,17.0,3.0,0
319.50955,200.0,113.12495,0.026355462,43.615936,46.117294,298.10703,0.0,8.0,4.0,0
148.048,201.0,126.208115,0.010195673,67.077286,63.02942,158.79259,202.27408,0.0,4.0,0
172.95747,201.0,79.307014,0.0006664373,38.356995,41.459743,364.48145,10.34341,5.0,2.0,0
248.24524,204.0,134.52225,0.0015970846,52.24418,61.526527,102.52308,162.89949,2.0,5.0,0
156.71045,200.0,88.677414,0.027699813,43.342636,56.362896,242.43085,93.706116,20.0,2.0,0
7717.575,503.0,125.841606,0.22184725,81.46597,79.7197,9807.729,7751.9243,23.0,1.0,1
190.48586,200.0,118.972,0.0043703937,33.10144,30.085901,86.98393,171.6209,22.0,5.0,0
306.77905,200.0,77.50975,0.005880946,51.84498,56.397827,330.85672,226.86821,7.0,6.0,0
7887.507,503.0,126.46475,0.12683359,86.46256,83.390526,7527.0977,8837.07,23.0,5.0,1
218.77023,200.0,108.82438,0.018371703,45.749416,64.51575,343.12115,311.64865,11.0,3.0,0
288.3455,204.0,102.459076,0.004264365,30.918228,70.87667,206.00497,182.53108,22.0,0.0,0
187.23311,200.0,121.414604,0.008985626,30.320824,36.516964,97.74543,194.73712,11.0,5.0,0
245.61568,200.0,69.92335,0.020636087,36.104923,43.658222,300.3118,159.32611,16.0,2.0,0
392.10153,200.0,131.97253,0.016708996,33.39781,75.90872,88.01666,84.17832,5.0,6.0,0
165.9888,200.0,55.590126,0.0008361672,23.584227,36.805256,367.9238,177.59668,15.0,0.0,0
412.17288,200.0,139.48766,0.006078251,59.147923,70.71912,238.66312,250.3813,21.0,2.0,0
160.14415,200.0,57.607716,0.009608045,56.33813,77.907524,256.25998,148.46077,8.0,0.0,0
239.66194,204.0,147.13765,0.02050774,32.81688,31.01246,186.8077,192.04906,12.0,0.0,0
343.8266,200.0,120.968346,0.010882242,51.245754,34.887894,262.67703,78.01719,20.0,1.0,0
179.85158,200.0,91.37504,0.0012937676,56.490913,49.266163,185.87657,41.863308,2.0,0.0,0
207.55913,200.0,146.52396,0.0055915047,39.073727,56.41984,114.85298,0.0,1.0,3.0,0
272.55637,200.0,63.68954,0.001870539,47.79903,59.630516,386.1966,215.63684,2.0,2.0,0
227.91338,200.0,90.851814,0.0033999905,26.077187,38.7828,114.17176,238.3763,17.0,5.0,0
352.12134,301.0,92.002945,0.017793119,40.210175,41.07967,283.47348,58.91246,23.0,5.0,0
281.4123,200.0,66.82659,0.0024925487,42.55324,49.052357,392.53473,90.85674,0.0,0.0,0
101.46561,200.0,93.50737,0.030797448,20.419855,44.9861,227.51,118.21112,3.0,1.0,0
145.5794,200.0,98.37944,0.004428149,60.80777,57.75519,279.5292,229.36844,18.0,5.0,0
155.07018,200.0,102.27517,0.00030485546,54.54432,43.6127,310.2429,272.6782,17.0,1.0,0
233.24644,200.0,123.89892,0.021983214,42.483616,39.429447,347.20734,113.47138,7.0,6.0,0
141.572,200.0,71.46104,0.0024614471,33.62542,40.824013,283.98093,226.25966,10.0,2.0,0
330.0109,200.0,61.934536,0.0049393885,54.731163,28.853838,237.71559,143.44113,2.0,3.0,0
148.24727,200.0,88.70233,0.00029982018,61.99701,40.923492,276.63025,185.01245,15.0,0.0,0
330.1569,204.0,87.10318,0.006224776,26.589405,23.810001,201.8511,66.88466,15.0,0.0,0
45.285286,200.0,127.69291,0.0084031485,42.44219,55.158867,458.76608,202.0852,13.0,6.0,0
181.97589,204.0,71.285484,0.0060099256,53.1545,54.2431,314.72174,281.57294,9.0,5.0,0
251.76392,200.0,122.55763,0.006038191,33.443516,66.26523,414.03036,148.98668,16.0,6.0,0
1355.9017,200.0,139.23006,0.07825845,59.23515,63.596584,9639.56,9574.837,13.0,5.0,1
465.5074,200.0,134.85512,0.00922019,43.04863,75.55949,294.8224,201.17296,10.0,1.0,0
256.22815,200.0,88.28253,0.003403955,20.664213,65.201584,294.3062,268.22485,23.0,6.0,0
6570.068,503.0,121.546005,0.2520108,95.107,84.15803,7455.859,6757.071,23.0,6.0,1
207.61134,200.0,99.36182,0.010575532,18.011366,50.14822,239.00618,94.5655,20.0,3.0,0
158.07161,200.0,121.07312,0.0018147386,58.072685,43.262383,0.0,114.317986,17.0,3.0,0
156.85982,200.0,90.88533,0.024250198,37.485573,48.733154,270.29135,221.37036,1.0,1.0,0
263.5799,200.0,30.947084,0.018940039,24.734703,25.85882,187.50238,217.57802,20.0,3.0,0
131.64265,200.0,40.356045,0.0019547404,41.882896,50.603874,19.461452,129.51509,13.0,3.0,0
229.14366,200.0,132.5817,0.011093114,49.71243,38.275017,103.72754,117.968864,11.0,6.0,0
209.74606,200.0,80.92342,0.000944165,37.839527,75.78431,300.6638,109.087944,22.0,6.0,0
228.1788,200.0,39.629543,0.0019339753,51.43696,54.812756,223.11415,176.83975,12.0,1.0,0
102.11495,204.0,105.34032,0.004385813,36.04557,47.16216,284.475,143.07957,17.0,6.0,0
230.9964,200.0,96.60176,0.008411109,51.91202,65.71243,361.25693,188.41579,2.0,2.0,0
197.07939,200.0,40.471046,0.0075057005,41.351685,48.95337,278.60828,148.13379,23.0,3.0,0
107.93923,200.0,37.70152,0.0012486187,45.911537,52.451298,317.04807,64.96766,10.0,0.0,0
161.62173,200.0,72.80103,0.017114518,50.763756,43.026478,283.57547,225.81985,11.0,6.0,0
245.41136,200.0,98.999214,0.016518386,49.677776,39.804245,237.98322,47.196484,19.0,4.0,0
118.676125,200.0,63.744545,0.019661069,35.913017,57.997433,373.0795,205.3194,4.0,0.0,0
93.674965,200.0,74.675865,0.005536967,53.806026,22.5738,243.98438,149.81747,15.0,5.0,0
209.01012,200.0,40.58106,0.005695987,41.606636,43.180115,204.98845,57.712402,0.0,4.0,0
255.85626,200.0,88.81266,0.031236585,50.152695,41.557495,250.2954,294.101,13.0,2.0,0
252.67296,200.0,98.31028,0.0013188986,15.592756,32.739994,206.75774,100.25566,0.0,0.0,0
216.11888,200.0,88.81869,0.015794802,62.41976,55.53662,260.67694,80.88959,3.0,0.0,0
128.4786,200.0,128.12343,0.009066747,33.4319,44.817722,276.992,108.61851,4.0,3.0,0
307.06723,200.0,69.61076,0.012905018,43.453884,78.80753,274.84122,168.80823,18.0,2.0,0
200.44427,200.0,168.90283,0.0026815338,32.33807,56.768112,331.68777,27.69195,3.0,5.0,0
300.74026,200.0,124.61993,0.023459345,50.77036,38.895145,164.43996,216.26178,7.0,0.0,0
102.313255,200.0,128.61363,0.024016174,36.136883,40.511658,224.4382,164.59412,3.0,0.0,0
136.95792,200.0,54.056187,0.0017972315,21.799503,54.264378,153.68753,181.8315,14.0,3.0,0
264.28006,200.0,101.77522,0.0027037992,23.474985,71.29656,239.17645,89.893745,8.0,3.0,0
225.8955,200.0,109.03561,0.009412279,27.77108,41.521828,122.9432,122.43635,17.0,0.0,0
196.9225,200.0,105.63049,0.0015561456,34.552284,46.564354,127.64273,329.75204,19.0,2.0,0
199.33665,204.0,99.04716,0.013470777,38.03237,52.293613,166.63339,184.20229,6.0,4.0,0
5913.216,504.0,122.90811,0.18076012,32.39677,70.87309,379.48535,215.16707,16.0,2.0,1
262.3885,200.0,125.34223,0.0034125922,25.355515,30.177992,194.45901,158.2643,12.0,1.0,0
170.76616,200.0,109.40778,0.01080354,11.586611,36.984512,303.65805,131.15594,15.0,6.0,0
306.44412,201.0,89.48902,0.001928836,60.051086,44.039734,295.1822,134.50658,8.0,3.0,0
117.06596,200.0,93.2923,0.027118053,52.43168,84.55174,171.71776,329.50882,0.0,1.0,0
171.14288,200.0,132.49654,0.009200833,36.153355,35.98867,319.8453,164.45334,19.0,5.0,0
161.6754,200.0,123.80289,0.013249231,17.63415,46.950115,502.3887,64.93192,14.0,2.0,0
222.04404,200.0,104.24803,0.01817346,21.33255,63.239403,227.24084,205.18912,4.0,5.0,0
128.69876,200.0,111.30035,0.0026964375,62.13387,51.5485,195.51614,0.0,22.0,2.0,0
334.69382,200.0,65.73152,0.0076042605,44.39761,64.758484,299.82977,262.7927,17.0,0.0,0
153.86693,200.0,89.94094,0.034951046,35.357,41.589523,310.11426,66.52548,15.0,3.0,0
9612.561,200.0,82.36279,0.2718794,71.61049,99.94042,6343.8833,8485.287,15.0,2.0,1
292.75027,200.0,41.35232,0.007632726,19.58003,24.602806,187.94281,106.7382,4.0,0.0,0
253.79652,200.0,98.63318,0.01706728,22.567207,40.335556,258.6621,313.91034,0.0,6.0,0
199.75769,200.0,67.301865,0.00048894505,31.203587,37.432518,325.3004,197.54892,17.0,2.0,0
307.5795,200.0,84.90961,0.002034631,61.4884,33.110546,333.5615,70.9979,23.0,4.0,0
432.12634,200.0,99.757706,0.002188883,38.09443,62.02634,295.99603,202.51553,8.0,1.0,0
152.0226,201.0,57.75756,0.014364913,45.08471,27.29293,139.55237,119.26022,7.0,1.0,0
165.53767,200.0,107.18143,0.009299196,19.276571,22.760984,327.50308,21.769058,2.0,3.0,0
164.056,200.0,92.41807,0.010557056,19.729792,27.415052,197.30455,130.9804,11.0,5.0,0
147.69905,200.0,151.06035,0.0022918757,24.253366,38.42583,480.64728,105.06426,4.0,4.0,0
79.19716,200.0,104.081474,0.005912377,68.11328,27.362661,176.43544,129.6682,15.0,6.0,0
270.74506,200.0,90.99282,0.008148108,45.605534,53.458183,160.52478,107.10651,23.0,4.0,0
176.92131,200.0,105.33925,0.01313288,33.838367,50.220413,206.89317,127.44388,0.0,0.0,0
152.39696,200.0,64.16231,0.016894804,27.348204,53.282364,334.0414,41.773624,2.0,0.0,0
150.92436,200.0,28.181768,0.003472651,51.790676,29.253742,346.10846,283.94876,8.0,5.0,0
165.16231,301.0,138.43498,0.008767586,33.855896,37.5091,119.89429,189.80812,18.0,4.0,0
142.20522,400.0,77.90716,0.0068805865,34.735252,49.54897,227.99257,109.714745,15.0,6.0,0
350.61975,200.0,59.50057,0.0022060778,42.449852,29.366774,206.31567,122.7584,2.0,1.0,0
263.13342,200.0,117.85715,0.0017813257,59.065826,74.01438,167.79326,153.57745,9.0,3.0,0
125.301094,200.0,143.17085,0.0025228162,54.98956,75.56409,301.09003,179.85799,15.0,1.0,0
163.51718,200.0,148.57942,0.0011810587,56.838615,50.54345,404.17178,128.70938,9.0,1.0,0
236.6852,200.0,85.26988,0.015959485,28.148554,56.521877,193.44269,226.2537,2.0,3.0,0
254.2637,200.0,130.84848,0.0064499485,56.650063,32.582825,301.60495,183.86725,15.0,1.0,0
307.96042,301.0,92.420975,0.0052806893,33.500782,66.34401,374.85544,193.28992,4.0,4.0,0
97.22017,200.0,76.07965,0.019479373,44.359726,61.56777,245.26575,72.730644,4.0,3.0,0
239.75687,200.0,93.99473,0.0029809996,33.15801,56.2025,278.11237,66.76101,2.0,2.0,0
182.9879,200.0,67.52803,0.01648137,52.759026,46.715508,408.299,119.33117,3.0,2.0,0
246.96147,200.0,44.6735,0.023533594,23.79283,59.1154,290.60852,205.45366,16.0,5.0,0
443.2083,200.0,144.14354,0.012706973,47.26331,66.91905,149.14926,93.91335,19.0,1.0,0
46.665527,200.0,161.36319,0.018011855,43.5982,49.358006,254.9221,107.5374,4.0,2.0,0
70.29461,200.0,157.21791,0.006246652,40.30074,51.121178,151.96033,252.03731,21.0,1.0,0
199.1159,200.0,54.749737,0.019552235,36.65475,46.378822,359.38113,151.35608,8.0,6.0,0
295.7375,200.0,104.92528,0.01640591,44.425835,53.445816,294.52402,97.457756,21.0,3.0,0
171.74582,200.0,78.21573,0.016007036,20.672235,44.425526,90.59559,131.15073,5.0,3.0,0
699.16846,200.0,123.02049,0.01369283,85.3463,93.39882,346.1509,385.72952,21.0,5.0,1
43.508385,204.0,93.824646,0.017981723,51.17347,46.42936,241.24477,175.4341,18.0,2.0,0
182.26076,200.0,132.78214,0.001660242,18.768402,49.762432,299.6982,157.66333,8.0,5.0,0
323.03796,200.0,112.91094,0.010347705,21.403593,37.916878,133.49463,83.169205,8.0,5.0,0
89.60926,200.0,77.7166,0.019326417,57.89188,56.5012,239.21838,159.06787,11.0,0.0,0
87.05203,200.0,152.55762,0.000763574,46.030903,24.34795,231.60019,203.09305,17.0,5.0,0
182.70616,200.0,130.81236,0.0010634849,26.622873,42.425175,146.55148,210.64713,12.0,3.0,0
200.33722,200.0,142.55455,0.0062843445,0.0,39.33804,119.715576,213.25381,17.0,0.0,0
199.82887,200.0,104.73314,0.010791832,34.70031,48.941288,218.48273,122.59797,14.0,6.0,0
299.45386,200.0,104.30253,0.0019665365,43.53523,34.472095,161.94208,191.91757,7.0,0.0,0
89.94135,200.0,82.36942,0.009410904,28.425278,33.63117,505.42502,110.098076,14.0,0.0,0
177.43753,200.0,146.94041,0.0046728197,52.950245,74.448364,206.83598,115.772224,9.0,1.0,0
141.49257,200.0,114.35278,0.026978284,45.407425,39.263287,147.8262,142.0361,8.0,3.0,0
341.04343,301.0,95.85903,0.01279742,36.933914,66.417496,354.071,138.7378,8.0,4.0,0
174.69124,200.0,109.43472,0.019434053,10.222031,32.325047,246.18217,81.79603,4.0,1.0,0
190.62524,200.0,94.936134,0.010221413,39.015884,61.784332,271.3738,236.04332,19.0,4.0,0
188.54918,200.0,103.7103,0.024601249,44.197605,34.08768,197.85716,74.24249,19.0,1.0,0
250.21959,200.0,141.74303,0.0075678243,44.276592,36.71942,319.91766,131.3924,20.0,2.0,0
186.48425,200.0,143.59346,0.015845474,56.9754,39.690514,330.5772,176.04651,21.0,4.0,0
181.94572,200.0,113.75577,0.016074415,50.379414,38.30399,291.3294,236.2581,5.0,3.0,0
234.6644,200.0,131.5271,0.00071925775,31.70815,22.836357,274.25558,118.511635,20.0,6.0,0
192.21098,200.0,142.72267,0.008791735,39.145954,70.26004,108.3217,116.44702,5.0,5.0,0
173.8979,200.0,94.5314,0.013760031,31.85721,28.74147,236.68842,157.85585,13.0,6.0,0
171.30223,200.0,98.786354,0.016905984,40.929512,29.193901,354.31464,96.10927,18.0,6.0,0
267.70682,200.0,104.803665,0.0050918926,16.45918,30.228497,340.21548,102.55853,18.0,4.0,0
331.72214,200.0,80.30823,0.007910633,57.57792,49.406567,210.80199,183.31526,19.0,0.0,0
274.2635,200.0,65.30692,0.0032966547,47.465565,27.425158,127.91025,323.23178,1.0,6.0,0
145.41711,200.0,146.05983,0.052665748,42.7833,24.57638,305.9208,156.26962,5.0,3.0,0
109.81586,200.0,55.150417,0.00039855056,18.131092,39.304688,310.18323,229.8898,0.0,6.0,0
398.50977,200.0,59.16112,0.03434493,8.256955,49.97606,395.9045,162.43417,8.0,0.0,0
254.92615,200.0,27.811655,0.0051264046,43.75093,69.83128,236.01355,120.9919,5.0,4.0,0
158.4154,201.0,48.3177,0.013123862,41.27481,48.87221,220.76202,89.02121,5.0,1.0,0
79.99248,302.0,95.23456,0.046809528,49.106346,26.91982,378.35577,240.26741,13.0,6.0,0
107.687546,200.0,94.87468,0.011214714,27.710257,29.530289,376.80276,128.97557,9.0,0.0,0
85.04197,200.0,116.49679,0.0047323285,36.35553,77.417816,241.75685,83.578926,18.0,3.0,0
138.91302,201.0,135.24043,0.01180964,0.8491845,27.78755,305.3227,155.82112,3.0,2.0,0
129.05246,200.0,52.844013,0.0016854373,51.917244,32.692104,188.11351,219.7036,7.0,0.0,0
358.76364,200.0,118.3403,0.022437861,33.15541,53.588966,335.85123,159.0559,23.0,4.0,0
113.00072,200.0,84.19902,0.0010145847,47.82439,33.73038,212.47691,191.47327,7.0,3.0,0
160.93155,200.0,45.831,0.03394567,34.551014,69.60075,66.72762,219.92834,7.0,5.0,0
151.3328,200.0,111.699326,0.013751062,30.962305,28.085562,222.70624,12.397288,13.0,1.0,0
288.92517,200.0,107.45236,0.016889319,25.862339,35.033424,300.82257,152.51357,10.0,5.0,0
124.99908,200.0,85.70976,0.039054424,56.374348,70.70674,149.15143,0.0,10.0,2.0,0
191.3177,200.0,72.66949,0.010094226,56.932076,28.979979,332.25995,141.41013,17.0,6.0,0
230.83606,200.0,50.349987,0.009914796,48.63008,40.726524,263.7475,89.3041,13.0,6.0,0
187.19699,200.0,121.77368,0.033475112,10.845162,51.949455,237.65057,59.377373,1.0,6.0,0
92.209694,201.0,97.034874,0.0013108217,53.12788,28.23529,211.32716,126.3925,20.0,2.0,0
183.6238,200.0,120.47958,0.021998534,30.160187,43.628944,325.1614,144.41145,13.0,2.0,0
150.75652,301.0,104.23405,0.013266706,39.005314,34.24235,307.11557,94.4088,3.0,0.0,0
201.44087,200.0,136.30756,0.004567834,37.72441,47.20706,413.7889,31.219883,0.0,2.0,0
212.28355,200.0,123.711586,0.0035018933,14.431524,55.56475,207.92723,271.0144,3.0,3.0,0
194.1692,200.0,119.05393,0.0005143375,39.77155,83.773636,505.48624,21.780157,18.0,5.0,0
256.59372,200.0,112.90929,0.001239252,15.825211,60.725525,208.71754,136.32555,18.0,4.0,0
206.741,200.0,161.85805,0.0028021473,39.3487,72.194756,333.0601,198.176,17.0,0.0,0
259.97018,200.0,28.00454,0.0145620955,37.527573,63.187492,245.09192,73.87353,16.0,6.0,0
229.12178,200.0,97.66661,0.009061133,57.264797,53.202812,257.06433,65.11658,20.0,3.0,0
277.96863,200.0,105.560295,0.0064404714,63.46037,44.33308,163.49117,37.589626,18.0,4.0,0
240.42915,200.0,81.40229,0.009209902,39.803654,75.42711,490.33084,206.22664,13.0,4.0,0
114.246185,301.0,63.043472,0.024619365,33.903202,39.93962,219.63878,121.95873,21.0,6.0,0
138.87317,200.0,149.53935,0.007383349,38.343204,42.36409,226.77676,44.700756,0.0,0.0,0
2124.4805,503.0,106.755005,0.16440308,77.032364,92.802,5607.457,5438.8213,9.0,3.0,1
357.79398,200.0,87.73684,0.004826417,35.11295,46.8197,180.25858,256.23727,21.0,4.0,0
214.68704,200.0,16.41557,0.0077072633,63.374676,54.037125,83.04707,116.99751,2.0,1.0,0
141.53294,200.0,124.67083,0.014598475,0.0,39.794537,162.21533,129.57593,6.0,5.0,0
308.33792,201.0,89.77183,0.006829879,30.295137,35.136517,277.54083,115.955666,21.0,2.0,0
114.88829,200.0,93.11457,0.008449208,42.2753,32.213795,209.54375,183.3196,6.0,2.0,0
221.11583,200.0,113.21701,0.012809661,35.200775,63.695183,336.6745,249.71071,9.0,3.0,0
169.75465,200.0,84.95824,0.029719565,42.694656,46.042297,344.79926,141.68915,5.0,0.0,0
729.5267,200.0,199.0003,0.026801053,63.939106,76.43492,9071.777,8720.128,12.0,0.0,1
127.34751,201.0,90.731155,0.016052568,17.333742,33.32154,109.48917,161.4597,20.0,0.0,0
248.40439,200.0,131.06618,0.007468857,47.44197,42.377594,196.54039,288.26035,6.0,5.0,0
163.92625,200.0,66.37616,0.011003708,66.45671,29.307482,355.37,171.03123,0.0,2.0,0
138.03575,200.0,65.77167,0.006381605,55.39836,77.26228,337.66626,316.24533,16.0,5.0,0
174.00775,200.0,95.554886,0.008019102,34.427795,57.001347,114.46529,104.3879,14.0,2.0,0
248.06818,200.0,100.6667,0.002948786,40.90097,49.28656,297.4886,201.87183,17.0,0.0,0
165.47285,200.0,121.4458,0.01891433,47.277973,79.11311,280.94495,248.36595,10.0,0.0,0
140.30386,301.0,98.97479,0.00086257485,30.573818,77.84078,76.053604,101.499565,22.0,6.0,0
55.273502,200.0,85.204285,0.0062096827,53.002773,53.23136,272.83878,65.63074,22.0,4.0,0
191.00072,200.0,77.710365,0.002180538,17.353178,51.815907,245.13826,99.513306,19.0,2.0,0
269.18027,200.0,120.79033,0.0005240613,28.363832,64.519165,33.81663,125.87744,17.0,4.0,0
98.12527,200.0,123.509476,0.00036713766,49.886574,49.482117,241.0636,48.397953,13.0,5.0,0
436.4665,200.0,92.702705,0.00731568,76.8591,58.434452,348.96317,247.42839,11.0,4.0,0
155.68372,200.0,52.956444,0.008550623,21.926867,82.75149,116.70019,165.73874,14.0,3.0,0
387.19363,200.0,133.14143,0.040953632,84.49045,85.80958,328.5123,369.47263,13.0,4.0,1
118.70154,200.0,121.90472,0.003671211,55.968933,55.033283,242.84883,183.47961,13.0,2.0,0
282.80008,400.0,102.26102,0.010370678,29.972385,48.4356,284.25165,0.0,19.0,3.0,0
140.53807,200.0,109.962265,0.0060785515,30.656172,64.323044,228.24477,156.36021,8.0,4.0,0
304.29373,200.0,126.93241,0.011952331,14.539307,66.877975,122.75322,319.23795,8.0,5.0,0
225.43674,200.0,78.076485,0.00087787485,31.522736,68.59877,169.20114,213.68527,9.0,1.0,0
275.5453,200.0,110.961754,0.007033319,56.357094,46.485554,233.73322,97.445694,22.0,4.0,0
108.569855,200.0,84.89387,0.0017583735,49.360924,43.566647,253.1086,141.81706,2.0,2.0,0
140.95024,200.0,103.86793,0.0025898544,61.964703,54.164925,214.64635,206.53856,15.0,5.0,0
275.7164,200.0,77.14626,0.01736285,54.521458,57.551575,324.97687,220.93936,4.0,6.0,0
53.1348,200.0,104.36708,0.006284683,40.389423,23.499187,427.8248,125.6619,9.0,2.0,0
233.54604,200.0,103.68273,3.137866e-05,39.991783,70.09807,288.10953,142.29012,12.0,1.0,0
196.02536,200.0,70.241936,0.0065346933,45.71024,48.664585,222.70352,325.92303,4.0,6.0,0
226.71141,200.0,139.9095,0.006544473,54.22529,49.587227,235.45697,196.36803,18.0,1.0,0
372.2292,200.0,62.453407,0.017984623,48.58139,62.758434,138.30261,309.4568,4.0,4.0,0
223.62828,200.0,138.70578,0.03944444,31.498343,40.710644,299.36145,309.40332,20.0,4.0,0
157.16031,201.0,105.397255,0.016929086,32.130695,82.849495,274.58157,44.28827,4.0,3.0,0
76.58579,200.0,61.83753,0.021879265,49.000042,64.695694,299.09937,190.40814,2.0,6.0,0
150.57233,200.0,132.70361,0.0019371604,42.271046,54.294308,191.48389,180.37985,18.0,6.0,0
220.14397,201.0,128.06364,0.008328868,36.196033,76.06937,197.46884,186.573,15.0,5.0,0
206.3795,200.0,103.41981,0.009968879,21.27121,52.765526,189.38991,115.42222,7.0,5.0,0
81.03463,200.0,142.45338,0.0072559956,26.737057,30.224823,159.97105,71.49599,4.0,4.0,0
332.3011,500.0,83.53135,0.0036332381,10.367958,37.42772,263.4645,0.0,5.0,2.0,0
415.88898,200.0,74.381645,0.009816525,30.885204,55.812588,205.50435,38.251934,8.0,1.0,0
384.13382,200.0,83.142105,0.007115195,17.516068,40.60478,266.35385,81.182,19.0,6.0,0
227.55515,302.0,102.62025,0.011511731,62.724854,61.25995,273.9224,104.10134,16.0,0.0,0
280.57596,200.0,104.31645,0.016867762,17.955122,35.77513,139.67078,21.09156,2.0,4.0,0
243.17493,200.0,29.058155,0.003668565,43.800106,67.84122,180.1956,71.58595,1.0,0.0,0
192.78554,200.0,110.770836,0.00450426,57.266586,45.8482,262.61542,64.24688,7.0,0.0,0
206.97049,400.0,155.14917,0.0072087576,55.999165,41.380863,242.08397,415.4152,3.0,2.0,0
257.55753,200.0,111.79409,0.0031880634,22.634357,67.69392,193.32713,122.21919,15.0,6.0,0
134.89555,200.0,105.40709,0.0030216724,40.04342,64.97566,98.034836,37.14482,5.0,6.0,0
198.57124,200.0,123.35681,0.007706917,24.987507,63.228733,131.5426,215.90948,8.0,3.0,0
115.4296,200.0,118.6745,0.015307908,42.513004,38.546673,155.30298,73.38095,17.0,3.0,0
132.08255,200.0,130.54695,0.021614095,9.946665,57.125687,318.6503,130.75185,23.0,0.0,0
338.2824,200.0,59.522343,0.009840209,38.11082,59.467472,298.04465,157.95164,20.0,6.0,0
293.7515,200.0,76.67657,0.0023313176,32.613377,72.001045,312.2838,227.09167,5.0,4.0,0
134.39705,200.0,85.14157,0.011418973,36.88008,39.5651,159.45772,187.36536,14.0,3.0,0
228.53845,200.0,107.24674,0.009195907,7.008102,30.089514,352.7806,249.8837,12.0,0.0,0
140.2265,200.0,85.7577,0.021785945,21.34341,55.34489,396.9529,263.835,22.0,1.0,0
308.54324,200.0,166.85419,0.006798792,30.44201,30.590675,314.50818,121.50613,7.0,2.0,0
32.6977,200.0,162.11375,0.001497381,66.68682,45.555252,335.63147,160.14621,0.0,6.0,0
143.21211,200.0,145.04088,0.038648665,28.482271,52.65327,260.5739,38.48791,10.0,3.0,0
194.97327,400.0,103.22626,0.038344618,28.411171,50.244827,166.66994,239.44182,16.0,4.0,0
144.42422,200.0,126.35598,0.0018242209,64.6793,52.411594,195.44455,190.76933,10.0,6.0,0
199.1072,200.0,75.021866,0.003492993,61.376892,46.363003,362.4621,211.86354,15.0,4.0,0
210.5966,200.0,108.09397,0.00024922387,32.076824,34.692604,170.91026,102.7704,23.0,5.0,0
265.7741,204.0,70.0252,0.01440838,38.11227,34.965366,354.6276,150.73022,20.0,0.0,0
202.75798,200.0,83.24411,0.007289374,34.681007,57.946518,295.21188,114.387505,17.0,4.0,0
271.23102,200.0,138.96196,0.01525835,46.763653,34.74317,37.012623,120.25437,0.0,1.0,0
252.52936,200.0,105.04278,0.00087274174,56.705467,43.913982,198.67633,212.22665,13.0,6.0,0
94.23329,200.0,48.851547,0.008713489,30.950605,44.502567,193.25836,139.15758,2.0,0.0,0
114.18842,200.0,105.70695,0.017247548,45.933857,63.57021,298.1847,110.69884,14.0,6.0,0
139.71297,200.0,66.36754,0.004354575,55.868202,43.675777,331.3534,46.488556,0.0,5.0,0
325.68866,200.0,90.9089,0.014375822,47.9817,31.756824,78.23936,234.51442,0.0,1.0,0
146.58008,200.0,84.52648,0.00519603,61.06838,55.713127,309.09277,114.69613,2.0,3.0,0
203.24266,200.0,160.23344,0.01457401,50.896442,39.734783,405.06488,307.95145,3.0,5.0,0
106.89326,200.0,87.79879,0.029076707,47.5411,47.53088,0.0,96.34641,10.0,1.0,0
294.27185,200.0,93.7364,0.023520825,15.482775,45.415764,278.18115,28.933006,0.0,3.0,0
274.28998,200.0,112.88215,0.0009225512,60.82056,38.81278,88.96959,178.42946,2.0,3.0,0
306.1854,200.0,80.37917,0.0010702576,14.601967,43.321247,188.54654,238.92932,11.0,1.0,0
203.82692,200.0,101.94845,0.013129379,28.36406,51.758286,227.00938,192.44688,14.0,2.0,0
182.57422,200.0,67.89093,0.0012984489,32.168907,43.710014,176.1995,219.9997,10.0,1.0,0
271.76385,200.0,48.344784,0.005278834,27.016756,33.01901,317.24075,219.27965,8.0,1.0,0
194.78555,200.0,130.73705,0.00023554308,25.930147,88.96859,300.41473,71.89444,10.0,2.0,0
351.6501,200.0,85.28353,0.0005972469,12.495987,55.518875,129.81984,215.70462,9.0,3.0,0
135.88974,200.0,133.02783,0.008421469,26.391092,52.986237,295.2391,34.511276,0.0,6.0,0
175.67456,200.0,100.45393,0.0023300075,21.803074,47.415165,27.608175,190.23515,18.0,3.0,0
227.80537,200.0,132.75441,0.045463115,37.917652,64.42177,70.16521,0.0,13.0,2.0,0
74.855606,201.0,146.6139,0.015384581,50.585667,37.11184,144.3139,61.00575,3.0,5.0,0
258.22498,200.0,135.33116,0.017537232,18.136072,44.262703,151.01286,126.31506,21.0,4.0,0
195.84665,200.0,102.722595,0.0021226455,35.4785,43.555603,312.84616,158.02272,7.0,2.0,0
99.28498,200.0,154.4519,0.0035543393,74.368385,44.853294,243.82477,77.45968,6.0,4.0,0
398.75708,200.0,95.32497,0.0025801694,60.345127,50.33683,176.50478,70.30203,20.0,3.0,0
107.30512,200.0,92.45078,0.02245475,56.31353,45.90793,346.05035,147.95143,14.0,6.0,0
155.6046,200.0,79.03164,0.015469145,32.525436,95.56523,219.97746,230.97292,1.0,5.0,0
304.65173,200.0,44.21366,0.010861493,48.676476,26.350126,106.08008,36.092342,14.0,2.0,0
238.04666,200.0,58.27583,0.017352372,62.486725,72.22766,456.707,0.0,15.0,5.0,0
101.60879,200.0,86.85798,0.01642656,18.772007,52.43381,271.01266,124.52293,13.0,1.0,0
7676.338,504.0,103.41672,0.18942752,96.72423,75.62164,5445.7075,9409.614,7.0,3.0,1
161.91507,200.0,77.73197,0.009812929,55.616512,57.260136,298.13254,226.59644,15.0,4.0,0
225.41422,200.0,108.56221,0.004598901,44.596405,45.0202,235.42442,188.72733,22.0,3.0,0
206.8696,200.0,61.329243,0.0014193085,49.82298,34.07379,128.82031,0.0,21.0,0.0,0
3388.2559,504.0,62.68842,0.14839534,92.128624,85.81087,7683.9346,6612.822,12.0,4.0,1
140.89665,200.0,102.31474,0.0012133688,34.101128,51.36275,214.00603,73.77464,3.0,0.0,0
147.23111,200.0,148.44318,0.014507689,32.18449,75.229,228.10796,166.82877,2.0,6.0,0
114.63348,200.0,38.516846,0.003921955,32.217827,75.550186,145.70975,56.16934,3.0,5.0,0
342.78445,200.0,135.01805,0.019722007,5.006508,79.417046,253.60547,51.336536,1.0,2.0,0
135.37422,301.0,146.28247,0.009931112,40.518612,56.744164,344.7867,231.39175,19.0,6.0,0
171.33115,200.0,80.28869,0.012762787,31.622355,77.80872,285.38367,25.034615,2.0,2.0,0
231.1598,200.0,116.056305,0.0009418751,9.921148,50.958416,250.28923,182.7899,9.0,5.0,0
161.37186,200.0,93.87849,0.0051932004,36.118526,72.85477,224.21912,127.580826,12.0,6.0,0
69.38315,200.0,118.274284,0.02624989,21.198666,59.924335,79.362305,163.18704,22.0,0.0,0
108.44722,200.0,112.98331,0.0033997744,53.67339,77.52877,196.20967,103.0419,7.0,4.0,0
147.11461,200.0,100.39627,0.0030428409,57.724243,38.85576,354.98935,266.16476,1.0,5.0,0
191.74179,200.0,107.32018,0.0044684587,43.80049,74.78918,288.5798,226.8714,15.0,5.0,0
142.32498,200.0,75.08228,0.001260805,66.66102,71.14561,254.47777,190.464,2.0,0.0,0
334.46155,200.0,97.92446,0.043345682,53.68568,44.397907,229.52705,157.9276,20.0,0.0,0
161.76448,200.0,85.73723,0.014072631,31.852816,46.253025,196.83401,96.590385,1.0,6.0,0
108.249405,200.0,123.06916,0.004129771,40.782074,37.68723,159.02875,33.3831,23.0,4.0,0
190.85258,200.0,141.80486,0.0045068637,37.130768,54.060787,180.81761,186.9166,6.0,5.0,0
340.95703,200.0,103.89735,0.010337597,32.704876,60.33398,200.30241,151.38638,7.0,0.0,0
57.0766,200.0,105.72678,0.0021456657,27.902916,26.468466,278.07257,0.0,4.0,2.0,0
189.65443,200.0,85.39539,0.009283208,38.897423,55.635216,246.88599,75.30511,18.0,5.0,0
101.106964,200.0,113.605446,0.020293878,41.034035,50.87914,0.0,45.82779,21.0,2.0,0
6442.1533,504.0,113.462395,0.2231269,86.28661,88.65004,7542.1455,6165.257,10.0,3.0,1
267.46063,200.0,100.320915,0.01598543,37.984596,60.803658,198.473,24.627813,6.0,0.0,0
179.237,500.0,59.62506,0.012421357,48.380093,66.342415,302.0787,175.56508,1.0,6.0,0
83.828316,301.0,108.03906,0.010651307,32.62667,47.392708,189.30403,170.88737,21.0,2.0,0
237.06839,204.0,124.17008,0.008162582,53.14737,44.70894,342.2106,198.25165,14.0,3.0,0
210.54138,200.0,63.510178,0.00045231028,25.721731,54.53833,224.52016,43.37454,13.0,0.0,0
367.72372,200.0,120.202644,0.028213393,29.637718,33.877914,141.22118,235.53421,19.0,6.0,0
83.72604,200.0,158.66624,0.0034651472,21.079649,58.34724,215.6312,210.84038,7.0,4.0,0
254.19098,200.0,110.72676,0.00054685056,33.175705,59.938168,140.11662,81.47906,11.0,3.0,0
220.18439,200.0,98.53012,0.007955183,29.155783,46.662586,250.22055,101.558334,6.0,1.0,0
124.68862,200.0,62.647953,0.0076910253,17.770235,41.380287,0.0,203.57211,22.0,1.0,0
143.02162,200.0,88.49893,0.047692977,10.358809,35.719643,111.92807,228.6073,9.0,0.0,0
66.99502,200.0,96.58517,0.00039492594,47.45688,45.696445,195.66518,0.0,21.0,5.0,0
179.52565,200.0,65.0299,0.0022668466,19.312366,26.46966,262.58957,195.98242,7.0,2.0,0
208.74837,200.0,149.18262,0.020125898,41.18886,39.36135,235.16827,214.12247,4.0,6.0,0
167.38483,200.0,52.662006,0.0068255723,24.627485,38.77543,87.98118,237.73122,19.0,0.0,0
101.855576,200.0,32.341244,0.008386628,42.680515,47.708145,0.0,54.654434,21.0,5.0,0
84.00089,204.0,107.66071,0.015898773,17.20848,32.12106,114.671906,77.34945,13.0,3.0,0
241.33087,200.0,76.02191,0.0005686393,29.594088,77.06626,216.35141,59.386436,20.0,3.0,0
283.40726,200.0,109.38874,0.0039785192,31.558756,69.90983,254.46388,210.05292,8.0,3.0,0
106.6179,200.0,102.35392,0.015063917,49.867466,40.24343,241.767,185.38359,21.0,6.0,0
314.25912,200.0,131.57507,0.004146733,63.233685,57.10528,262.33148,191.02405,23.0,1.0,0
126.76483,201.0,118.48167,0.0004729691,32.992332,64.43294,128.81987,64.27214,22.0,0.0,0
217.27946,200.0,34.084393,0.004735675,31.84842,74.060074,393.21655,99.28861,23.0,3.0,0
229.72614,200.0,137.0569,0.017161053,21.336031,37.159107,265.78027,251.07227,4.0,0.0,0
255.48964,200.0,102.6349,0.020759538,19.974161,56.709213,147.77776,48.46184,4.0,5.0,0
419.56113,200.0,44.821743,0.012718148,22.40526,64.59494,255.9616,136.17117,23.0,0.0,0
153.57674,200.0,102.712746,0.0007675883,34.114025,63.83071,285.6427,131.8944,5.0,3.0,0
106.54695,200.0,116.335396,0.0066804825,46.62283,52.471584,253.60915,282.49445,0.0,0.0,0
116.99395,200.0,101.26904,0.0034932748,39.600555,61.93747,447.7662,45.54812,2.0,4.0,0
169.73465,200.0,59.62359,0.009195117,45.45936,31.02984,310.1884,118.64743,19.0,1.0,0
204.78583,200.0,112.773834,0.005983669,52.595985,43.17495,203.83788,203.63428,0.0,0.0,0
196.22543,301.0,111.51177,0.0006600413,42.70862,48.478603,202.53638,172.24286,5.0,6.0,0
181.82643,200.0,115.49332,0.0067260796,60.3358,29.673866,190.97127,150.56625,0.0,2.0,0
168.87099,201.0,32.033566,0.0016679355,62.229248,53.904385,213.69283,192.94112,10.0,4.0,0
89.497314,200.0,163.45015,0.059263498,45.548996,50.543102,226.08124,219.73334,5.0,3.0,0
144.65886,200.0,36.572582,0.0055108373,38.017845,24.728277,338.44775,48.103096,1.0,6.0,0
216.741,200.0,131.2509,0.0027170405,36.152607,36.51451,318.13647,111.27902,9.0,1.0,0
109.60984,200.0,121.80472,0.000918148,32.698406,44.309013,261.68564,148.56349,19.0,5.0,0
253.8638,200.0,86.451,0.007325252,40.66562,50.55787,347.2557,120.74724,3.0,0.0,0
106.90092,200.0,116.60341,0.029681448,39.94915,39.948074,190.03792,79.93749,15.0,6.0,0
175.87247,200.0,99.91089,0.0032820364,33.039692,37.53826,225.85127,76.565834,15.0,4.0,0
151.44997,200.0,40.70217,0.012478865,17.047363,49.362072,225.65598,96.80428,20.0,3.0,0
337.21954,200.0,120.05916,0.00014480045,25.333147,37.066032,392.13724,153.56139,13.0,4.0,0
225.33278,200.0,79.98404,0.014190302,79.66125,63.525154,237.91667,26.18395,3.0,1.0,0
273.59,200.0,71.45564,0.006815209,68.59046,44.7647,168.33002,115.22057,6.0,6.0,0
184.99364,200.0,85.13117,0.014659347,35.528492,37.040413,334.27112,69.839714,5.0,2.0,0
183.37465,200.0,89.93827,0.0015284315,62.30843,50.767345,316.61346,181.61743,15.0,5.0,0
1414.9603,200.0,186.10635,0.054274518,68.58741,68.92988,8895.832,8239.197,22.0,0.0,1
163.40698,201.0,61.725815,0.0086468095,47.754025,29.96176,267.4034,262.33862,19.0,5.0,0
291.30533,200.0,126.59377,0.022892894,23.125011,43.22756,83.67822,124.336525,8.0,1.0,0
119.32976,200.0,108.93744,0.007630754,40.407204,55.323143,111.598206,198.56532,7.0,5.0,0
260.67966,200.0,141.98325,0.009928758,70.17543,37.620193,283.73862,293.10574,5.0,2.0,0
115.700554,200.0,128.00322,0.009645387,43.143543,28.245457,234.25697,115.854164,18.0,3.0,0
186.14336,200.0,111.65908,0.0065781698,29.307903,52.252655,238.98297,210.10197,16.0,0.0,0
150.68675,200.0,76.06339,0.003066664,27.036457,60.47282,392.35425,96.95429,2.0,2.0,0
347.63882,200.0,81.49746,0.007596795,48.388824,55.070263,91.08601,175.18599,8.0,1.0,0
112.6704,400.0,50.254093,0.0106417965,12.805626,26.488943,63.8382,157.4848,19.0,3.0,0
293.25528,400.0,99.03825,7.562171e-05,23.572691,58.602062,187.66736,85.72879,22.0,6.0,0
334.6394,200.0,89.09794,0.00798128,40.013836,38.557484,145.9001,187.14131,23.0,1.0,0
283.12207,200.0,102.638504,0.042528067,24.274685,43.912704,193.26016,166.71674,10.0,0.0,0
300.8255,200.0,119.916794,0.011026848,21.627737,38.522022,370.89084,159.11662,5.0,1.0,0
160.23073,200.0,98.13307,0.030587059,47.983147,49.613155,35.432095,35.537315,11.0,0.0,0
170.33575,200.0,127.41607,0.0019296055,32.38738,40.739136,176.82404,179.81607,7.0,2.0,0
192.66447,201.0,46.24784,0.008875631,16.941875,23.878181,285.88593,216.20647,5.0,3.0,0
167.4362,302.0,125.11069,0.033089086,58.688988,76.7584,192.59395,202.9606,22.0,1.0,0
172.22186,200.0,72.47265,0.010291266,47.9981,53.38687,232.92413,26.733025,2.0,0.0,0
233.3574,200.0,97.994415,0.012258608,55.615276,44.415684,199.48718,128.11215,18.0,5.0,0
230.39198,200.0,61.958256,0.011406755,39.006195,33.403183,123.374794,271.25476,0.0,6.0,0
295.08905,200.0,142.8331,0.033008177,36.962227,58.718487,374.08752,98.22181,8.0,3.0,0
228.2364,200.0,133.69908,0.0027014732,54.467323,52.19417,343.9721,103.85727,15.0,1.0,0
156.48476,200.0,108.84095,0.021183396,45.394245,32.886837,116.62492,125.89164,22.0,5.0,0
321.06073,400.0,85.97828,0.009688064,47.907936,63.608746,368.08527,201.8678,9.0,5.0,0
121.43519,200.0,82.520706,0.0006521874,30.156105,24.999409,192.6698,133.33888,18.0,5.0,0
94.77382,200.0,113.69599,0.015475641,40.570587,46.145443,488.78775,207.3445,3.0,0.0,0
431.69577,400.0,145.29922,0.00672982,20.66818,45.75426,317.65903,31.04654,15.0,0.0,0
288.28024,200.0,113.89289,0.015111739,28.69643,52.00146,276.85498,214.08324,0.0,1.0,0
166.56686,200.0,105.80136,0.007729991,42.349625,34.389706,145.99664,232.90761,20.0,3.0,0
116.155304,201.0,122.314735,0.013841604,31.210627,51.37935,216.50117,271.2821,13.0,0.0,0
65.521126,200.0,99.81643,0.00096179004,22.2104,68.4784,333.4837,46.123554,4.0,3.0,0
114.327225,200.0,94.38722,0.008952019,35.54341,41.989788,197.16716,27.963345,2.0,5.0,0
78.594696,200.0,80.35921,0.03444683,91.098015,44.212105,163.8394,226.07433,19.0,2.0,0
243.58832,200.0,128.60135,0.004233779,33.83705,59.428417,284.5549,108.80842,12.0,6.0,0
204.47006,200.0,124.35221,0.0064721494,49.49482,6.3164887,172.32957,68.637985,10.0,1.0,0
174.28075,200.0,126.78469,0.007234267,42.651344,38.537094,227.80217,170.43211,3.0,3.0,0
361.08322,200.0,48.105236,0.0051070573,43.23414,61.28911,418.41684,156.91263,0.0,3.0,0
159.09639,200.0,105.5487,0.0006337801,54.936543,45.72124,89.33426,57.694885,12.0,1.0,0
182.9907,200.0,70.6399,0.0012988675,40.664978,51.986725,220.58098,158.26036,8.0,2.0,0
117.91121,200.0,87.72797,0.0015115107,20.956654,57.462563,186.73022,135.8138,0.0,6.0,0
204.45169,200.0,166.61055,0.0041764597,56.199596,69.81335,125.18721,156.21309,16.0,2.0,0
149.9342,200.0,96.4869,0.0040364484,35.054405,60.266186,248.94244,148.40218,9.0,3.0,0
144.25465,200.0,72.22999,0.0077662487,20.223848,62.42007,180.95493,264.4071,9.0,0.0,0
288.9345,200.0,84.86222,0.0040213005,24.129316,51.462917,225.68102,257.40805,13.0,5.0,0
222.20995,200.0,103.239426,0.0035076714,24.784857,42.597603,212.74199,291.86295,6.0,6.0,0
219.5966,200.0,74.30572,0.018261971,23.327457,71.85531,472.1049,267.871,16.0,6.0,0
166.05028,200.0,97.594604,0.0035341065,68.03024,56.309055,261.1478,161.41318,21.0,3.0,0
208.20164,200.0,32.18199,0.00695036,44.94606,45.506924,248.97894,66.535484,22.0,2.0,0
243.86499,200.0,72.19849,0.0024349901,35.765812,39.9751,340.6193,57.906757,21.0,3.0,0
306.78165,200.0,123.512245,0.021770757,36.26337,65.27391,69.59397,231.42575,5.0,1.0,0
168.77974,200.0,15.392005,0.027289663,43.173317,34.675114,268.58246,52.678204,13.0,3.0,0
365.36343,200.0,157.81801,0.010115624,53.31862,47.755745,265.88538,141.55066,14.0,4.0,0
202.79137,201.0,120.480804,0.0054062447,42.243958,51.034233,231.11322,201.51285,13.0,5.0,0
175.53505,200.0,92.63793,0.004215425,45.945263,40.7699,298.99362,223.8335,1.0,0.0,0
181.75093,200.0,102.750145,0.0004816576,29.990297,49.045177,206.11874,103.74408,16.0,6.0,0
485.3916,200.0,87.90053,0.019188888,86.02565,97.786156,452.6349,179.82358,8.0,0.0,1
266.9723,200.0,120.02388,0.016941836,34.862778,54.34083,200.64928,123.48446,3.0,6.0,0
274.90668,200.0,102.85927,0.004396781,40.353935,36.628094,149.0051,61.66839,7.0,6.0,0
152.61815,200.0,111.34468,0.00043078797,69.05532,64.04337,144.43114,256.38797,10.0,5.0,0
234.74126,200.0,60.58842,0.00044733778,71.44109,49.86349,332.4922,255.71568,18.0,6.0,0
120.937,200.0,56.77491,0.002077348,41.001926,51.473934,346.66605,201.59094,1.0,4.0,0
155.06706,200.0,153.57553,0.02630991,50.489834,54.559853,183.3926,264.3346,1.0,0.0,0
117.36598,200.0,49.194992,0.0061213556,57.770702,41.90841,213.3677,54.61205,6.0,1.0,0
128.9243,200.0,124.19235,0.0155959865,30.943075,71.04065,322.1599,149.59007,18.0,6.0,0
201.58406,201.0,111.94639,0.007488596,48.295734,57.18531,396.10098,242.6192,2.0,4.0,0
135.64177,200.0,70.293884,0.009685135,35.245884,41.307247,308.9796,101.85964,14.0,5.0,0
214.59349,200.0,56.26267,0.0050598937,22.742516,17.537146,407.9789,163.22191,8.0,3.0,0
239.89351,200.0,77.92222,0.0012554022,46.200775,24.339516,300.16632,221.94604,5.0,4.0,0
161.80106,301.0,114.65113,0.0057838983,17.679214,28.252398,221.96085,17.071215,4.0,6.0,0
183.66362,200.0,46.727253,0.004932344,70.923874,32.273792,195.9485,233.0383,3.0,5.0,0
158.74577,200.0,125.4118,0.032380447,47.17983,66.741615,300.1912,362.23453,13.0,1.0,0
256.69418,200.0,123.3089,0.0015788873,25.36797,73.292015,445.53867,123.82243,17.0,0.0,0
97.21496,301.0,120.53082,0.03549976,38.145927,36.524513,276.50662,174.00809,0.0,0.0,0
141.35225,200.0,142.08293,0.012410238,39.246223,46.284542,317.46484,224.4723,0.0,4.0,0
249.66563,200.0,93.72703,0.0007454157,35.60441,44.91547,180.81207,0.0,13.0,2.0,0
90.97868,200.0,99.92986,0.020093026,58.957607,80.90239,9.328278,167.18622,18.0,6.0,0
243.58522,200.0,134.74449,0.019366605,56.193405,43.729767,243.64261,169.43669,12.0,6.0,0
579.163,200.0,132.9013,0.032169025,96.7394,88.778175,382.18622,302.1862,4.0,6.0,1
227.04375,201.0,38.787674,0.0041346843,23.377047,61.32581,320.41666,200.42116,3.0,0.0,0
234.91489,200.0,123.73069,0.0021958183,45.778492,56.247574,47.08054,12.766196,2.0,1.0,0
304.2919,200.0,78.28548,0.015594119,34.52125,60.93817,376.23145,104.43801,1.0,1.0,0
208.67465,200.0,93.33872,0.0012050399,32.327488,55.07601,257.38327,79.373955,4.0,5.0,0
167.5055,200.0,112.80084,0.01881762,23.092,64.26417,364.93222,37.47102,0.0,5.0,0
125.08444,200.0,111.4518,0.00053937687,28.3011,77.4618,297.61664,211.38628,3.0,0.0,0
207.00583,200.0,117.72343,0.018696442,45.256664,53.970917,165.1724,0.0,8.0,5.0,0
228.25763,301.0,137.43462,0.012461904,48.522503,75.32156,298.55807,161.23466,10.0,0.0,0
113.25391,500.0,68.57401,0.0071547227,32.90329,26.222359,274.8823,199.09735,3.0,4.0,0
123.6817,200.0,128.88434,0.010490339,58.398792,31.930477,238.25761,113.094025,10.0,0.0,0
143.83582,200.0,87.79441,0.0044527906,48.61645,55.14567,275.31516,69.159584,17.0,6.0,0
174.53735,200.0,115.90928,0.004090253,40.42557,45.489162,253.96326,198.49629,3.0,2.0,0
177.33334,200.0,97.20176,0.015893329,32.08261,72.27119,310.1448,13.072974,11.0,0.0,0
242.2392,200.0,80.887566,0.0003570807,29.873255,40.692635,250.15674,143.02429,11.0,5.0,0
47.183548,200.0,63.145382,0.00052481145,20.206944,66.12075,436.99084,191.83963,10.0,1.0,0
250.6017,302.0,131.08568,0.019374793,50.10933,53.932064,330.10214,0.0,21.0,1.0,0
78.17641,200.0,124.46525,0.0051712384,54.12819,61.377842,212.83041,331.302,8.0,3.0,0
74.436424,200.0,88.125885,0.017367702,33.915623,40.468716,228.70163,92.52257,8.0,2.0,0
218.92625,200.0,91.8146,0.008869286,48.613216,46.060295,283.90338,174.84358,16.0,4.0,0
175.77747,200.0,126.53015,0.0020289824,50.298973,78.44218,355.5535,228.02481,15.0,1.0,0
94.21221,200.0,124.15906,0.0034984157,14.351024,33.629303,269.87134,145.676,1.0,6.0,0
247.84784,200.0,130.0,0.0047097825,36.65662,62.445236,203.04134,64.71069,11.0,1.0,0
108.58197,200.0,122.96891,0.012152101,58.29279,44.336853,202.5847,101.48971,16.0,6.0,0
359.9443,200.0,97.96113,0.00047074683,42.15788,56.815365,295.81345,106.819824,22.0,5.0,0
132.72131,200.0,54.028587,0.012646351,42.997116,43.86509,189.68556,141.67662,16.0,4.0,0
158.45459,301.0,101.5523,0.0070884186,65.95419,28.315533,407.34103,98.33323,13.0,4.0,0
234.80257,200.0,129.10258,0.025527282,60.653408,86.26762,189.72964,79.779144,12.0,6.0,0
64.39966,302.0,63.901936,0.018371528,32.99329,39.283215,289.88855,247.70084,4.0,2.0,0
338.02908,200.0,109.01401,0.0029433293,65.534,52.212315,273.281,287.2617,7.0,2.0,0
244.15488,200.0,54.417645,0.0032762685,48.443462,57.455914,306.69373,205.3808,15.0,2.0,0
208.27948,200.0,84.20545,0.0049877283,44.439453,56.653297,276.91812,244.27249,0.0,0.0,0
338.76804,200.0,116.80793,0.024142336,38.781326,57.225548,192.41351,103.508965,20.0,3.0,0
332.33356,200.0,99.52124,0.00661172,37.96411,65.28563,197.7333,49.685173,17.0,3.0,0
223.51094,200.0,98.98931,0.0012528984,35.95621,40.77104,301.40942,153.03865,2.0,2.0,0
140.22443,200.0,100.67347,0.020082455,22.830597,67.45922,77.565895,60.10623,0.0,5.0,0
115.61804,201.0,106.779625,0.0020612723,72.40616,54.78878,175.39752,258.68277,21.0,1.0,0
202.53732,204.0,101.209076,0.0034224286,38.948895,37.099247,232.13118,111.80868,11.0,1.0,0
242.69008,200.0,130.4907,0.0043169456,77.797066,48.06436,19.12199,59.420036,16.0,1.0,0
3485.8972,504.0,134.28822,0.27018446,79.1563,91.10333,5272.162,7846.3076,14.0,0.0,1
214.80035,200.0,53.7577,0.03645859,25.022753,60.866898,314.22485,230.75302,4.0,4.0,0
135.739,200.0,77.06066,2.9035018e-05,27.196049,63.027157,165.04762,208.65213,17.0,3.0,0
207.53668,200.0,88.252045,0.017380752,46.0876,42.093304,255.02551,151.90138,1.0,0.0,0
338.72568,200.0,87.932785,0.012970881,39.388107,75.95703,194.07112,95.78474,5.0,6.0,0
130.01387,200.0,137.51985,0.011943565,5.4861507,27.889126,206.22777,123.74918,16.0,0.0,0
433.18878,200.0,108.81043,0.00080520567,41.244324,63.539932,309.86166,233.48227,3.0,6.0,0
342.21466,404.0,106.85643,0.013823564,24.005507,77.34582,186.36586,199.48245,13.0,5.0,0
293.5982,200.0,98.823586,0.013645995,43.762783,64.258865,199.94882,134.06493,2.0,3.0,0
280.55893,200.0,92.86026,0.013021087,35.420784,41.86668,237.94199,105.90032,17.0,6.0,0
648.01825,200.0,177.7768,0.023418888,94.498215,95.61721,358.67102,331.74686,3.0,1.0,1
204.13243,200.0,69.73506,0.004415876,59.823246,46.315224,181.2986,130.66142,16.0,6.0,0
167.00995,200.0,132.64116,0.004640912,23.02099,21.17233,371.3007,98.71986,7.0,5.0,0
127.544014,200.0,149.3951,0.0014520664,60.415188,54.981438,244.2228,215.81587,11.0,3.0,0
200.08041,500.0,90.219124,0.019990958,41.849186,58.841736,163.2341,141.22554,1.0,3.0,0
275.26462,200.0,68.12997,0.005533361,39.920345,69.15817,77.0869,212.8846,22.0,0.0,0
3522.503,502.0,110.63237,0.2887053,57.322575,47.51638,313.31458,115.64077,8.0,3.0,1
144.12433,200.0,82.7352,0.0063254167,46.173412,47.70939,276.90192,0.0,19.0,4.0,0
238.18329,200.0,128.10043,0.00051409873,42.63775,60.64366,310.56003,57.466393,8.0,5.0,0
107.37534,200.0,117.1671,0.0033235298,54.52476,85.290726,354.43997,90.10015,14.0,0.0,0
166.11237,200.0,83.0859,0.022232799,31.608557,60.045925,88.833206,178.47513,21.0,3.0,0
277.74225,200.0,75.91667,0.022979017,18.371674,63.70181,203.92752,10.0962715,0.0,4.0,0
313.5083,200.0,103.32745,0.026665645,29.98072,54.21956,323.27145,193.34644,7.0,1.0,0
171.01572,200.0,125.60656,0.02147006,35.199,61.229935,226.49095,29.349995,22.0,2.0,0
139.31528,404.0,152.08972,0.0037048059,26.689806,39.72222,430.32596,166.808,2.0,4.0,0
179.14351,200.0,129.46338,0.00079255574,30.175833,58.688126,289.22156,297.8633,2.0,4.0,0
94.2561,200.0,72.5528,0.015256188,34.839878,62.134235,589.1743,255.68484,5.0,1.0,0
177.01683,200.0,87.0509,0.0033442655,30.95731,35.112583,251.58804,95.16921,21.0,6.0,0
218.32312,200.0,160.88664,0.0033187915,19.336246,40.868195,192.91824,218.58018,1.0,6.0,0
63.56778,200.0,73.959045,0.021556327,20.093283,62.18668,283.52188,205.52046,9.0,3.0,0
119.294586,200.0,152.14543,0.01405914,65.76675,52.650795,233.98575,248.75879,2.0,1.0,0
144.44939,200.0,159.23958,0.018174665,24.026726,40.069397,306.66196,274.12332,8.0,1.0,0
104.354866,400.0,114.838425,0.022794032,48.33456,35.178535,185.63791,172.97594,14.0,2.0,0
237.31902,200.0,54.921642,0.011972463,50.017937,35.84651,340.75015,186.85661,4.0,4.0,0
9452.272,504.0,131.83624,0.27537858,85.66582,80.82546,5495.473,9309.826,19.0,1.0,1
128.8196,200.0,100.59308,0.00058202684,33.073025,32.539436,150.30093,132.69301,6.0,1.0,0
194.48352,200.0,106.87364,0.0036996729,54.393646,41.212124,307.01205,119.04328,14.0,0.0,0
149.73085,200.0,63.482212,0.0021859573,45.716816,17.857197,327.78348,134.1354,11.0,5.0,0
159.74956,404.0,119.11479,0.009434801,45.8857,70.360054,400.22537,127.6201,2.0,2.0,0
188.74353,200.0,93.499115,0.017542705,43.24623,54.878025,237.04417,268.53937,4.0,1.0,0
232.47733,200.0,112.90779,0.0018057136,52.958263,51.913494,0.0,53.553135,5.0,5.0,0
7265.1665,504.0,100.790886,0.28800318,90.45216,86.3226,9923.71,5360.234,0.0,1.0,1
81.8821,200.0,72.036064,0.0028987706,35.40479,46.990444,113.05561,116.12579,23.0,4.0,0
62.147972,404.0,87.91147,0.011833273,53.051563,38.236298,166.7973,85.02296,14.0,3.0,0
121.74633,200.0,75.28901,0.006452141,22.831295,21.883987,283.46393,118.39311,21.0,0.0,0
124.209595,500.0,112.280426,0.0025304942,40.87266,47.949055,219.92545,105.23272,6.0,2.0,0
244.91144,200.0,83.996796,0.006961379,27.309727,28.179914,407.9415,251.01385,6.0,3.0,0
221.11786,200.0,80.49613,0.022285096,51.98761,39.26027,154.23569,163.46121,7.0,6.0,0
217.06685,200.0,137.01741,0.0027549784,56.205082,62.74493,538.26624,209.64993,11.0,4.0,0
119.01147,200.0,101.79909,0.009207845,63.631416,35.957066,144.00826,102.32397,16.0,1.0,0
191.2363,200.0,93.81104,0.0025732543,27.986988,60.647243,322.9581,83.74634,10.0,2.0,0
277.68646,200.0,102.99159,0.0005773489,58.285038,49.56508,291.11145,94.77345,21.0,4.0,0
159.96072,200.0,139.64928,0.025864866,39.098778,66.03492,322.403,106.30961,4.0,6.0,0
87.85717,200.0,61.436802,0.0041745813,50.673878,30.95933,469.7101,100.241295,1.0,1.0,0
210.83409,200.0,137.36765,0.0083627915,2.2998023,70.25881,195.06523,127.9672,15.0,4.0,0
231.86462,200.0,107.84908,0.00061578304,33.081543,30.392471,405.0411,155.70993,4.0,5.0,0
158.96638,200.0,114.68508,0.010451186,63.297478,53.67674,476.64804,164.58551,2.0,2.0,0
107.81226,200.0,99.99692,0.0053730374,50.756126,30.098652,153.02718,130.39438,10.0,2.0,0
268.51334,200.0,65.631584,0.006796177,13.190406,47.403076,140.88599,120.474335,14.0,1.0,0
124.76714,200.0,88.5086,0.012370348,21.106102,33.031452,162.4461,197.25847,19.0,2.0,0
79.72191,201.0,128.11041,0.04383452,20.399557,36.12717,372.43954,259.04944,21.0,2.0,0
207.79851,200.0,151.95079,0.00915624,30.92896,69.49758,213.29993,0.0,6.0,4.0,0
159.31583,201.0,55.843784,0.0022126893,38.439125,58.928,182.72227,73.49118,15.0,6.0,0
363.70996,200.0,84.50807,0.006555717,51.264713,67.33135,102.79775,144.14952,18.0,4.0,0
178.66948,200.0,102.19906,0.007890667,64.94533,12.220211,194.71568,133.587,13.0,6.0,0
246.85786,200.0,89.1021,0.011137771,23.252844,60.95748,396.9922,226.41298,10.0,5.0,0
162.37811,200.0,134.93042,0.0085481005,57.952488,36.259552,207.06813,107.43434,13.0,1.0,0
108.614,200.0,143.5228,0.016878342,58.867775,45.376453,220.48183,333.6534,6.0,2.0,0
114.940125,200.0,126.02283,0.02074324,12.833173,36.71734,311.26727,291.70197,2.0,3.0,0
509.01288,201.0,100.36766,0.005440534,58.03815,49.395897,177.46596,129.29543,20.0,4.0,0
53.484467,200.0,121.45785,0.0069378745,62.11084,55.737347,293.38138,225.81635,19.0,4.0,0
179.77846,200.0,31.97325,0.01655094,34.209522,46.62492,113.73431,114.135635,4.0,1.0,0
138.7969,200.0,101.65464,0.009272966,34.61624,34.319065,221.08237,185.3685,12.0,0.0,0
312.5609,200.0,104.0015,0.010258246,49.87261,49.85577,299.24597,127.5254,21.0,6.0,0
225.07571,200.0,97.77502,0.011047308,28.67683,37.517685,288.0121,101.80083,16.0,0.0,0
198.26633,200.0,49.573082,0.014465726,71.03501,17.027699,203.43477,179.0648,18.0,3.0,0
222.02267,200.0,122.7741,0.009793091,28.493095,39.89105,257.4669,130.75873,6.0,1.0,0
373.11493,200.0,129.98392,0.018827777,44.417698,44.255096,129.97617,86.91511,1.0,0.0,0
134.70523,200.0,118.86095,0.010309516,15.083871,39.650204,236.08936,0.0,11.0,3.0,0
191.21883,302.0,127.57047,0.0013793621,25.866436,39.454075,255.96945,122.43823,17.0,0.0,0
261.42612,201.0,115.49755,0.018041838,52.824356,76.321465,138.91943,115.92614,1.0,1.0,0
164.04446,201.0,58.856026,0.0058465376,23.95697,74.40543,283.00577,168.03639,4.0,0.0,0
129.76231,200.0,100.92556,0.03475407,27.394472,22.782522,220.82994,215.4947,13.0,4.0,0
119.33693,200.0,89.4927,0.012689255,31.911781,48.09265,450.5206,134.4095,16.0,2.0,0
66.9348,200.0,122.88591,0.008429665,40.143803,42.50144,286.74,95.30644,15.0,3.0,0
185.60016,200.0,109.48315,0.009775214,53.155838,82.851395,54.387802,84.48813,12.0,4.0,0
9305.312,503.0,62.255093,0.25669408,98.03005,80.65743,6276.8877,7928.9966,1.0,6.0,1
65.21618,200.0,86.62421,0.01737662,38.216373,22.690533,140.19054,92.36075,23.0,0.0,0
357.25293,200.0,83.227165,0.011316899,52.59871,35.032444,432.97592,11.006631,2.0,0.0,0
124.70715,200.0,84.91507,0.00073226966,59.361435,79.54035,40.076736,69.43291,7.0,3.0,0
352.3398,200.0,106.1244,0.027605591,84.25961,78.43137,495.9123,52.834644,12.0,5.0,0
23.118767,200.0,88.764656,0.010532443,30.92533,40.227276,95.521965,197.34242,9.0,6.0,0
142.31256,200.0,106.53692,0.01856472,19.821625,58.83308,143.68498,65.85685,16.0,1.0,0
217.7246,301.0,91.97033,0.04759454,64.93381,67.25113,52.2735,155.19789,15.0,0.0,0
225.0212,200.0,149.23938,0.011373756,61.9417,76.57917,251.17458,253.60501,13.0,2.0,0
248.51982,200.0,131.1342,0.01941584,32.029255,66.38279,264.85178,202.5992,13.0,1.0,0
106.00184,200.0,86.592445,0.017269941,29.071735,62.014866,145.61984,116.60209,4.0,1.0,0
229.74635,200.0,81.695625,0.02304745,41.21145,43.10033,357.17535,140.72758,12.0,0.0,0
382.52176,200.0,61.638954,0.0043774266,44.337193,57.474518,419.7036,240.26468,8.0,0.0,0
93.99575,200.0,132.44678,0.0062429425,38.61288,64.55998,297.48825,257.96124,5.0,4.0,0
293.35623,200.0,118.280525,0.0058952877,46.15911,49.442642,159.21935,268.81653,12.0,3.0,0
148.0553,302.0,49.763535,0.0060037663,38.90192,45.634064,260.92404,199.87473,2.0,0.0,0
140.75285,201.0,90.6146,0.0056774262,48.78089,29.273987,387.0846,144.15643,14.0,2.0,0
104.25286,200.0,42.220963,0.007010951,17.284353,25.94459,358.0105,57.821945,18.0,6.0,0
248.47491,200.0,114.74983,0.005163109,26.6795,63.46664,213.62964,85.81656,8.0,6.0,0
303.78177,204.0,72.97212,0.0061364877,48.70741,72.432304,196.09775,70.86465,17.0,1.0,0
212.03387,200.0,115.40912,0.0147038335,51.46714,25.87697,119.61854,173.13972,18.0,1.0,0
211.06923,200.0,145.37495,0.01967468,20.398563,62.967983,438.6742,228.01027,9.0,4.0,0
177.04202,200.0,122.39491,0.021314349,30.896343,46.449444,279.38837,116.1939,22.0,5.0,0
353.77875,200.0,93.50052,0.0070357616,58.428272,50.30521,281.4032,101.217865,20.0,3.0,0
260.99695,200.0,127.67526,0.0066778027,6.872499,51.91422,92.02383,102.39283,2.0,3.0,0
159.26163,200.0,104.525604,0.006724123,47.32959,53.323406,157.85059,85.37937,4.0,0.0,0
241.87802,200.0,150.82976,0.008378241,47.417934,45.776012,362.23004,207.2324,14.0,2.0,0
173.5696,200.0,124.59702,0.0046309116,45.2094,64.90665,138.64806,91.89957,20.0,2.0,0
231.76353,200.0,132.91698,0.0031195835,61.792496,68.47017,75.55172,102.340004,23.0,0.0,0
264.1095,201.0,110.57325,0.0072397697,49.42848,36.40884,121.58441,135.97568,18.0,3.0,0
140.15385,200.0,58.087032,0.009860447,19.171902,51.094044,61.410748,124.90282,21.0,6.0,0
206.08994,200.0,61.405266,0.012184406,34.834007,80.82908,223.61653,207.98802,4.0,6.0,0
179.06422,200.0,115.96787,0.002867671,54.848324,28.38556,397.55148,94.94643,13.0,0.0,0
137.97253,200.0,119.53023,0.03975122,26.339506,27.29578,375.86142,278.7172,11.0,6.0,0
137.14621,200.0,73.25921,0.003147589,30.226704,43.832157,226.95789,277.61713,23.0,1.0,0
353.53992,200.0,77.74918,0.01256086,54.662205,71.758484,217.28998,28.545862,7.0,4.0,0
171.92969,200.0,146.264,0.008864435,32.92098,62.404705,219.04091,134.97969,2.0,3.0,0
397.28677,201.0,68.73797,0.021520555,55.066296,48.76924,297.56662,188.1639,4.0,3.0,0
115.02043,302.0,96.72902,0.034773383,28.099009,52.968864,381.14133,220.67906,2.0,3.0,0
7430.1357,502.0,79.01337,0.1871285,37.600456,51.203053,220.82227,237.7565,14.0,4.0,1
274.50864,204.0,52.868435,0.0012898244,27.28713,68.68969,414.9633,132.063,2.0,3.0,0
260.02313,200.0,58.934795,0.013211773,44.331562,37.12416,110.51981,130.97002,17.0,6.0,0
190.81645,400.0,160.52112,0.0013846777,45.550446,57.91145,158.85106,281.4695,15.0,2.0,0
173.89578,200.0,70.49945,0.00095276383,35.667576,70.132675,284.76782,198.67981,6.0,6.0,0
136.51811,200.0,107.848976,0.0006986453,50.19737,43.397125,128.43782,105.74297,6.0,4.0,0
117.08826,200.0,92.707855,0.0040413453,21.19933,59.596893,339.87567,26.24661,9.0,3.0,0
123.45929,201.0,88.08105,0.0061835777,35.955482,44.23068,331.86768,157.9323,11.0,1.0,0
197.65532,204.0,57.572407,0.014826883,62.236153,58.60045,206.98267,193.60744,11.0,0.0,0
213.24263,200.0,97.834496,0.020325536,17.022041,72.502686,367.4596,103.82769,16.0,2.0,0
769.7214,200.0,138.0289,0.038008433,83.72119,98.10094,256.54422,307.37457,0.0,2.0,1
112.55852,200.0,87.084724,0.005463149,40.93513,37.717216,265.02246,80.483986,12.0,5.0,0
113.48481,200.0,123.81006,0.0043571293,37.403404,46.68504,190.93901,266.5331,9.0,5.0,0
209.46193,200.0,169.31378,0.0046277163,54.437576,95.08617,315.71313,198.12364,17.0,3.0,0
195.71606,301.0,118.605194,0.00868428,42.372837,31.669434,102.83718,102.99909,19.0,1.0,0
169.87643,200.0,135.9,0.0028485314,41.581684,64.58574,278.8528,80.84141,7.0,3.0,0
312.1955,200.0,100.4958,0.0012615342,52.091988,62.609055,213.64418,207.92773,20.0,5.0,0
154.72125,201.0,71.1213,0.003118582,27.736969,43.220432,205.53516,132.76874,11.0,0.0,0
239.22783,201.0,171.47102,0.008106256,42.582813,54.275753,215.49754,127.35108,1.0,2.0,0
106.759735,201.0,117.60548,0.013700918,58.447422,45.051342,123.38394,218.21663,15.0,1.0,0
179.134,200.0,112.414955,0.022575885,51.79913,48.58185,208.19537,15.312587,9.0,3.0,0
227.31128,200.0,57.44787,0.0051366054,50.86898,54.340755,361.9662,135.38351,23.0,6.0,0
233.72856,301.0,69.33105,0.005383403,20.394234,47.135963,422.05453,75.21912,16.0,6.0,0
188.66818,200.0,91.28753,0.03909672,42.11067,73.91579,87.193375,85.5368,19.0,1.0,0
217.59355,200.0,143.4658,0.00593971,56.437935,63.927914,238.8737,61.10687,14.0,6.0,0
253.75511,200.0,97.120445,0.0049885535,52.792976,48.128403,212.3775,201.46556,1.0,4.0,0
144.32283,200.0,118.90709,0.007648021,66.67474,36.971054,392.961,77.4112,21.0,4.0,0
125.39152,200.0,109.6143,0.0019400752,13.677367,33.2977,344.58298,254.27121,4.0,1.0,0
214.41313,200.0,166.18037,0.0057994607,0.0,30.583097,336.88535,239.51297,14.0,5.0,0
97.92195,200.0,84.13976,0.006960455,51.070988,47.477676,230.7841,242.80072,9.0,3.0,0
145.41118,400.0,110.50783,0.016899627,27.477186,31.390047,302.69025,176.53925,20.0,6.0,0
199.64052,200.0,112.838425,0.0010520574,28.173786,59.590485,209.96397,78.76572,3.0,6.0,0
90.144775,200.0,76.18177,0.0010474657,28.693247,46.79293,302.8519,0.0,8.0,5.0,0
127.72357,200.0,91.723045,0.020153994,44.90494,31.654057,364.11926,14.464804,1.0,1.0,0
182.28426,200.0,113.23257,0.0009933381,54.63739,40.449566,262.2687,62.55244,20.0,5.0,0
155.0681,200.0,82.078674,0.009112977,49.120678,42.348858,248.3891,0.0,15.0,5.0,0
135.23668,204.0,130.69029,0.01554966,23.800402,52.71647,388.48956,219.16592,4.0,6.0,0
265.87106,200.0,109.17531,0.0032898868,46.259724,37.907,248.85072,174.56915,22.0,3.0,0
161.48462,200.0,122.824875,4.5490866e-05,32.350597,57.019676,301.7645,361.3781,9.0,2.0,0
213.39452,200.0,86.392296,0.017136648,77.659096,37.88825,205.01219,138.1119,2.0,4.0,0
216.73982,200.0,70.25963,0.003509289,41.84412,59.34002,231.74411,129.43277,16.0,5.0,0
195.35388,200.0,127.147606,0.003118978,37.44134,59.590656,310.99765,273.71332,7.0,4.0,0
271.29694,200.0,86.108475,0.009580399,28.22598,53.472374,412.09445,115.02989,21.0,2.0,0
376.92932,200.0,112.255486,0.023987953,35.470722,69.39199,128.24826,217.18436,10.0,5.0,0
321.60104,204.0,103.10081,0.017699793,35.924892,89.74966,243.88315,82.366905,7.0,5.0,0
193.45139,200.0,77.45248,0.0116316825,33.692387,64.614784,280.15414,85.00894,9.0,1.0,0
287.47733,200.0,77.412346,0.005959413,46.071213,64.32289,129.78426,120.95405,14.0,5.0,0
129.15025,200.0,152.30319,0.0021786604,67.85793,35.16611,369.3902,174.36224,7.0,3.0,0
55.63308,200.0,95.89664,0.0041734898,48.550117,44.916542,251.66034,97.39385,13.0,5.0,0
362.52814,200.0,90.25855,0.010847928,40.62938,55.430923,196.76158,213.49243,21.0,4.0,0
275.59283,200.0,102.71436,0.00043497674,40.35407,41.94513,360.66605,276.2264,21.0,1.0,0
116.96396,200.0,106.21791,0.008760941,52.77746,76.61123,408.291,78.363716,19.0,0.0,0
202.10231,200.0,96.14092,0.008184031,65.69747,45.56795,282.82144,0.0050670602,8.0,4.0,0
277.5695,200.0,109.92558,0.0054116496,23.277767,65.122856,0.0,94.69316,18.0,0.0,0
142.68991,200.0,110.62532,0.024820594,25.983528,35.864136,239.98012,78.14651,7.0,3.0,0
94.96904,200.0,122.61307,0.004200464,43.92261,61.65374,235.28825,165.5264,19.0,5.0,0
326.6842,200.0,108.49178,0.0026052254,39.917393,45.958874,309.4718,101.46877,18.0,4.0,0
109.532776,200.0,109.37364,0.011960373,71.81558,58.69693,53.755665,169.40752,9.0,6.0,0
258.1634,200.0,130.51065,0.029630916,56.549328,48.716114,152.03955,194.05841,10.0,5.0,0
95.64061,200.0,70.89437,0.001259059,44.390533,68.03494,255.61897,193.70767,11.0,0.0,0
259.14896,200.0,76.62727,0.0034442258,35.11081,46.59374,271.74478,80.6614,18.0,4.0,0
101.08379,200.0,48.010803,0.009322618,22.03202,75.11411,350.25342,113.133766,1.0,6.0,0
330.8403,400.0,72.47341,0.0164336,21.92597,22.403524,398.1761,219.25714,8.0,6.0,0
329.44788,200.0,89.54531,0.023326825,40.27648,39.141857,153.02399,282.38647,2.0,6.0,0
285.70038,200.0,86.38175,0.00030071786,37.13386,31.85101,143.0203,74.996605,18.0,1.0,0
179.20293,200.0,78.70476,0.043373883,55.703342,82.452324,385.7817,275.0674,21.0,3.0,0
126.21802,200.0,97.3585,0.01308091,61.152977,71.312416,291.1433,171.26431,20.0,6.0,0
228.66307,200.0,69.682,0.027435932,17.70466,41.66362,430.322,210.01088,10.0,6.0,0
207.31122,200.0,110.117165,0.0065570646,22.282722,65.41472,439.3905,73.40686,12.0,1.0,0
114.59192,200.0,151.53842,0.0020196857,59.28513,51.65636,356.00833,206.69365,1.0,5.0,0
204.56316,201.0,108.7828,0.020261155,48.950794,47.48634,403.22318,156.99362,22.0,6.0,0
233.97334,200.0,112.77584,0.0019613798,31.607006,66.00306,156.04073,271.43372,5.0,2.0,0
336.99384,200.0,59.438908,0.002988471,38.05357,12.754735,365.1779,170.85661,1.0,4.0,0
101.32527,302.0,116.56409,0.002472328,63.71347,58.79023,355.12714,199.41653,19.0,4.0,0
256.1016,200.0,88.11918,0.010559465,49.742126,56.075474,233.0372,113.732544,14.0,4.0,0
50.42701,200.0,107.28273,0.049571164,56.904068,48.914635,261.42957,260.18015,12.0,4.0,0
122.18124,201.0,72.08051,0.0025779456,7.9178743,76.69584,244.81987,99.34595,20.0,0.0,0
72.14972,200.0,83.10351,0.0031053456,29.262518,57.35667,393.19934,122.88757,23.0,1.0,0
1175.3588,200.0,101.38693,0.03394384,51.5667,70.939095,8551.147,8235.05,16.0,5.0,1
389.53668,301.0,103.15363,0.0035419802,46.47354,55.54208,235.01807,300.3424,19.0,3.0,0
169.6973,200.0,82.300606,0.0009900131,34.470764,39.08441,254.12305,29.622961,23.0,6.0,0
190.45975,200.0,95.7437,0.027016092,41.994,56.25255,129.50432,0.0,22.0,6.0,0
761.09576,200.0,115.31377,0.05347704,53.273624,69.038345,9019.616,9048.466,10.0,2.0,1
1478.457,200.0,171.38412,0.09162085,58.22328,75.390686,9289.451,8826.488,13.0,6.0,1
154.6985,201.0,90.93609,0.009567237,36.620872,31.476208,124.23471,102.92286,1.0,2.0,0
229.16461,200.0,124.26677,0.043404847,60.042194,88.39281,222.07825,233.73805,20.0,2.0,0
121.68551,204.0,132.14128,0.008415286,47.72839,55.915924,247.05788,325.1729,1.0,2.0,0
113.41826,200.0,103.0841,0.009379946,63.835995,38.040714,54.816536,212.33171,13.0,0.0,0
138.6465,200.0,96.80708,0.003079931,28.851843,55.937454,36.571766,237.8902,5.0,1.0,0
189.81914,200.0,78.34852,0.0140124215,28.26481,78.61512,310.11642,72.74083,10.0,3.0,0
116.17811,200.0,133.73747,0.006207696,48.026306,31.160946,223.64372,254.60667,10.0,6.0,0
202.22655,200.0,114.21133,0.010722857,23.484823,48.878708,196.99034,165.56602,19.0,1.0,0
199.68616,200.0,62.98985,0.010581811,19.308031,51.434025,0.0,253.82387,13.0,6.0,0
130.7158,302.0,98.8034,0.008639479,19.821476,41.570103,468.6853,130.47475,19.0,0.0,0
115.4917,200.0,127.178635,0.005481877,30.514292,26.493258,165.34618,101.33015,7.0,0.0,0
305.89468,200.0,120.24101,0.009722608,58.196434,58.755882,193.45282,16.316345,18.0,4.0,0
762.19653,200.0,158.30315,0.0646738,68.586174,74.34218,8585.726,9948.554,7.0,6.0,1
227.0084,200.0,139.62419,0.0035262306,31.399353,28.341064,292.73242,266.9086,1.0,4.0,0
204.04353,200.0,70.32213,0.017004872,25.128748,47.270557,208.42232,76.7743,7.0,3.0,0
252.87056,200.0,95.349594,0.013823858,58.285797,76.06061,112.05134,0.0,3.0,4.0,0
65.34573,404.0,128.6213,0.0019311332,10.038857,42.24443,71.42313,51.707752,22.0,5.0,0
291.7146,200.0,132.61955,0.010995969,14.080315,51.470024,337.79404,336.38327,15.0,2.0,0
371.53564,200.0,107.52943,0.005254276,27.969799,45.99291,269.0011,79.256516,11.0,6.0,0
117.96005,200.0,74.316765,0.0056933356,28.081064,28.770832,319.00845,145.43007,18.0,4.0,0
96.158356,200.0,50.715683,0.020711359,66.373886,37.848763,374.76196,70.31556,18.0,3.0,0
260.09845,200.0,80.1143,0.010536711,12.685735,87.9915,301.8756,99.92891,11.0,2.0,0
125.06548,200.0,84.515656,0.007511405,29.151646,56.990177,249.35896,111.41948,16.0,5.0,0
206.71921,200.0,75.22203,0.008381078,28.982262,52.0054,61.1426,180.01845,0.0,1.0,0
442.34772,200.0,115.47305,0.03603833,81.52914,92.25043,403.21506,253.80186,11.0,2.0,1
113.52872,400.0,98.13835,0.021240499,39.09171,41.641735,311.70148,131.29837,16.0,2.0,0
171.85689,301.0,49.576622,0.005094624,28.445486,44.5817,272.83322,216.10585,4.0,5.0,0
307.98553,200.0,86.49073,0.023627505,58.694866,60.24896,257.22067,71.19303,21.0,0.0,0
92.08421,200.0,135.07355,0.0061640777,42.423367,43.920654,219.73962,65.01548,7.0,4.0,0
115.52443,200.0,133.57819,0.0054209586,41.643326,56.746952,299.63248,72.178185,10.0,3.0,0
252.6409,200.0,85.18192,0.02993109,47.182964,47.73618,257.85422,202.13129,2.0,1.0,0
2266.943,200.0,135.93076,0.12643918,78.12664,76.6794,7652.392,7236.2183,13.0,1.0,1
105.92047,200.0,62.124527,0.012001436,37.58005,44.057293,346.3352,242.17741,18.0,6.0,0
341.3536,200.0,137.16707,0.0163706,39.892246,69.704,463.5923,156.34679,18.0,4.0,0
105.60407,200.0,120.287445,0.006459637,55.393955,63.48859,153.65996,200.31905,9.0,1.0,0
224.93701,200.0,82.71958,0.0021362328,21.92519,62.7307,194.14395,227.46007,1.0,5.0,0
216.96703,200.0,40.836647,0.0070925783,32.055553,71.19994,258.91498,113.263275,11.0,4.0,0
333.68307,200.0,64.32749,0.0018108799,30.191643,67.59671,181.1112,197.32458,12.0,5.0,0
166.48526,500.0,135.23416,0.021979744,68.93812,49.43788,376.58197,143.19049,12.0,2.0,0
95.094734,200.0,81.674774,0.010040927,36.890827,42.896854,299.7808,210.14857,10.0,6.0,0
210.44794,200.0,93.00067,0.00047284376,39.26077,49.563538,275.32803,81.2026,21.0,5.0,0
330.4377,200.0,88.17999,0.0096448,35.951138,54.746143,216.99475,181.5595,14.0,2.0,0
172.45552,200.0,69.88234,0.010709927,47.453808,58.956585,303.79025,248.42188,4.0,1.0,0
193.65764,200.0,82.889786,0.0049015353,55.485065,36.541153,209.5957,239.24808,6.0,2.0,0
66.14064,200.0,129.59406,0.01912003,37.705116,42.45791,266.5502,72.01485,14.0,2.0,0
318.3001,200.0,84.974464,0.013839705,35.665337,41.14408,304.2182,138.57997,11.0,1.0,0
186.09016,200.0,156.1726,0.011984176,30.688496,53.1822,255.13351,141.29721,8.0,1.0,0
152.91013,200.0,40.873787,0.013778677,68.19161,53.36432,280.22787,109.65796,18.0,6.0,0
131.1654,200.0,97.956985,0.0002233097,36.982635,38.5721,162.58978,221.94464,15.0,0.0,0
246.47324,200.0,111.75241,0.008723462,59.42098,62.875935,340.23218,202.08583,23.0,0.0,0
247.28374,200.0,134.38512,0.034841705,35.253128,51.884624,118.70664,64.264595,20.0,4.0,0
1338.1237,200.0,178.0881,0.078086115,63.803696,63.827255,9310.795,9455.45,14.0,0.0,1
115.03221,200.0,91.977615,0.0050166417,24.724022,62.895073,431.8911,160.41867,7.0,0.0,0
265.79956,200.0,128.72534,0.001616971,27.221478,70.6597,357.1534,84.89058,10.0,1.0,0
504.58856,200.0,104.41301,0.03509494,98.943886,86.458374,284.23804,252.81,9.0,1.0,1
143.11557,200.0,134.07623,0.027516888,36.96588,44.375996,187.2627,144.76132,17.0,2.0,0
201.19263,200.0,94.320984,0.011411304,53.617947,64.21633,450.77396,178.21742,22.0,1.0,0
43.479553,200.0,73.437386,0.003454155,72.01151,45.816967,453.3922,0.0,3.0,3.0,0
267.25528,200.0,69.48116,0.003820771,64.55703,46.01766,0.0,0.0,19.0,1.0,0
88.77793,201.0,168.2731,0.0019939225,20.769232,72.93317,430.74512,204.6871,1.0,6.0,0
194.25887,200.0,111.58676,0.008542266,8.742811,38.304287,364.7674,199.83592,15.0,6.0,0
72.20564,200.0,95.97203,0.008659516,50.927147,33.969845,222.09026,170.6164,18.0,2.0,0
316.04443,200.0,87.68304,0.0028474962,34.498455,42.90921,276.28415,112.241714,4.0,3.0,0
513.08453,200.0,138.16962,0.0012262071,40.767822,56.357277,88.30452,82.850555,23.0,5.0,0
169.65552,200.0,149.38057,0.0036786245,33.071117,40.4716,376.82523,146.85269,5.0,6.0,0
216.1587,200.0,113.768166,0.018619379,44.550953,49.335136,314.61932,187.75342,7.0,6.0,0
277.89142,200.0,98.13735,0.016173169,31.293827,51.419785,117.44516,208.14185,19.0,0.0,0
99.68191,200.0,72.339355,0.022079142,46.080116,51.715336,165.91281,212.4456,1.0,4.0,0
212.28983,302.0,83.68921,0.0064716684,39.20118,50.442966,256.3918,0.0,3.0,1.0,0
131.1083,200.0,109.97311,0.00357988,49.100475,59.413708,255.43439,140.6105,6.0,0.0,0
183.17982,200.0,97.69517,0.009093188,33.48459,38.76475,383.1065,99.60128,6.0,2.0,0
267.71976,200.0,84.201,0.024374286,43.165127,67.07262,308.0209,126.69965,15.0,1.0,0
275.78018,200.0,119.80653,0.0082172705,13.126731,30.052954,342.12692,174.42834,13.0,3.0,0
252.85645,200.0,135.05096,0.021319393,12.198407,44.09759,224.4714,220.42307,10.0,0.0,0
415.8358,200.0,109.0556,0.0066203545,15.027453,61.335087,258.30667,117.52833,11.0,2.0,0
210.11832,200.0,120.781975,0.0059590875,48.22932,39.561523,280.81577,168.42952,3.0,5.0,0
220.61493,200.0,96.79661,0.008373467,40.2466,27.816395,141.57404,81.77809,20.0,5.0,0
234.9938,200.0,68.94308,0.0117905615,43.78736,37.86559,312.24368,146.77133,0.0,2.0,0
236.5159,200.0,111.890144,0.0008101589,12.438334,29.718952,194.3253,89.56055,20.0,1.0,0
255.27309,200.0,105.614426,0.0061335447,35.142235,54.198013,135.41551,68.56888,4.0,6.0,0
332.66473,200.0,67.51991,0.008119363,42.639824,40.138424,383.05386,133.76294,7.0,0.0,0
285.0295,404.0,161.93167,0.0011412823,26.63929,59.767647,298.1318,115.389175,8.0,0.0,0
171.42256,200.0,103.38038,0.0047382647,29.22581,54.663246,203.04417,89.93479,18.0,1.0,0
244.47429,200.0,85.01455,0.0076028155,39.91759,57.216675,211.75195,85.321594,7.0,4.0,0
125.076416,200.0,80.423416,0.0031749255,23.140678,63.141327,199.49492,136.00652,12.0,3.0,0
295.04062,302.0,98.47618,0.00019346537,26.802176,39.839558,134.43951,233.6704,6.0,5.0,0
101.189835,200.0,144.62444,0.001234902,40.089966,55.97576,94.173256,105.43685,11.0,2.0,0
78.2093,200.0,70.435,0.029928721,33.72444,56.414154,226.37779,139.4349,10.0,3.0,0
166.83827,200.0,99.16344,0.009396249,44.48599,30.29477,274.7528,229.3209,3.0,1.0,0
276.6308,200.0,83.18323,0.013024633,55.329044,56.726933,192.3299,119.36253,10.0,6.0,0
202.62865,200.0,73.7193,0.0060453955,33.03211,77.26948,319.72482,297.7718,10.0,4.0,0
122.7129,302.0,116.01513,0.04554906,51.21009,68.63072,343.201,50.314438,9.0,5.0,0
372.53748,200.0,123.09562,0.029405905,42.624905,35.2797,204.76285,168.62872,4.0,3.0,0
233.30197,200.0,81.36297,0.024068117,45.479713,45.309452,107.518585,241.70177,22.0,0.0,0
175.3128,201.0,85.950966,0.0011555837,38.91909,45.090557,228.31305,49.92846,13.0,1.0,0
154.18779,200.0,124.32544,0.009576727,52.24968,57.310635,457.21432,115.69301,21.0,0.0,0
75.55268,200.0,137.25723,0.0013569782,66.288666,54.978905,251.64946,124.82356,0.0,4.0,0
134.6652,200.0,90.36504,0.002084478,25.810122,37.85013,163.17001,289.78564,3.0,0.0,0
95.57507,400.0,107.86175,0.012034877,31.992123,55.38486,80.051,140.36745,14.0,4.0,0
9037.478,504.0,142.28076,0.15465151,89.513145,76.031944,8811.478,7221.511,5.0,0.0,1
121.878395,200.0,113.76209,0.016601682,54.69636,26.404934,468.5103,114.34571,8.0,6.0,0
168.92075,200.0,98.41055,0.0028788212,36.898876,48.931564,231.40804,100.45698,22.0,6.0,0
142.19888,200.0,145.33435,0.008651486,39.112858,30.696321,188.36278,261.0905,22.0,3.0,0
143.1289,200.0,102.3728,0.0027443294,36.998302,30.448715,176.27278,153.2792,1.0,0.0,0
202.23369,200.0,132.64551,0.016612226,40.065666,63.28892,187.03534,141.48756,23.0,1.0,0
216.09447,200.0,75.214905,0.009766358,51.320427,72.14289,265.5285,118.83053,22.0,1.0,0
248.70598,200.0,60.833603,0.0009854361,50.106983,55.649178,209.79507,17.28892,22.0,2.0,0
255.60973,200.0,67.92373,0.0007738327,27.414768,53.299362,385.95618,165.50917,9.0,0.0,0
280.2848,200.0,79.71858,0.01318642,25.046103,63.808197,243.5885,320.17422,15.0,2.0,0
153.08212,200.0,124.96129,0.0023077258,65.77801,52.039307,382.99234,85.338326,18.0,5.0,0
129.64523,201.0,118.59119,0.00081201707,30.797789,75.26063,350.00543,163.24236,10.0,6.0,0
193.365,200.0,120.74544,0.015075767,27.462427,33.820602,404.86066,0.0,19.0,6.0,0
127.87114,200.0,108.54207,0.0215091,66.16473,28.450672,171.10966,248.84592,14.0,5.0,0
197.71426,200.0,46.82803,0.002396873,25.121927,60.84982,358.45917,123.25765,4.0,1.0,0
80.689575,200.0,138.41966,0.018460814,60.74487,52.10433,262.8984,86.61396,10.0,6.0,0
223.81845,200.0,75.93446,0.008976096,41.215385,40.891632,142.30304,4.443252,8.0,1.0,0
230.0068,200.0,77.85944,0.008338398,47.486546,55.13531,197.78755,0.0,13.0,0.0,0
6297.204,503.0,51.736298,0.12923989,88.741554,89.213455,6504.3193,7242.8066,17.0,0.0,1
71.77448,200.0,127.45862,0.0013646265,40.309586,54.66709,154.94543,167.38632,16.0,0.0,0
282.7821,301.0,101.84046,0.023307594,41.273327,83.55251,182.89122,208.82039,14.0,6.0,0
117.828606,200.0,85.592255,0.010431605,44.533726,28.533113,425.95395,125.56425,18.0,1.0,0
212.59247,200.0,91.602684,0.00025107324,29.233145,53.74786,257.09485,29.510983,3.0,3.0,0
129.90031,200.0,138.39403,0.0061349594,46.07319,65.16951,177.59439,257.70276,12.0,1.0,0
203.0797,200.0,103.89886,0.0027064215,42.158615,32.670483,378.35495,49.721928,3.0,2.0,0
7815.1484,503.0,141.42807,0.12747674,54.935825,74.75139,337.71094,294.32764,4.0,4.0,1
294.05182,200.0,130.90353,0.009029611,32.977375,67.214355,307.8477,89.23977,3.0,1.0,0
92.84393,201.0,95.655174,0.00029960982,36.802387,31.59129,343.3355,70.14893,1.0,5.0,0
233.54137,200.0,103.55637,0.0077375732,52.032112,39.005142,235.27573,198.99084,16.0,1.0,0
501.22266,200.0,131.61957,0.0026913662,51.187275,58.614243,226.69522,237.23633,9.0,1.0,0
290.67957,200.0,96.60348,0.023476707,38.695328,46.205986,357.10526,145.88194,9.0,1.0,0
184.58372,200.0,157.36601,0.02424543,52.958675,43.98457,184.77257,113.31927,1.0,3.0,0
328.8314,200.0,110.60524,0.0060952273,55.978447,26.675573,297.26062,175.68126,16.0,0.0,0
196.44334,200.0,123.953545,0.013207985,23.25513,45.244907,218.67616,221.93176,0.0,6.0,0
125.81924,500.0,71.08335,0.013477046,59.05404,32.406017,405.83844,0.0,22.0,6.0,0
104.90581,204.0,130.37563,0.004794882,38.319145,29.213505,182.42523,290.22183,21.0,6.0,0
140.3204,200.0,97.30705,0.0027693324,37.4069,57.253582,229.03432,116.56292,22.0,4.0,0
182.16637,200.0,94.37426,0.0093892785,21.671911,28.339705,334.12393,179.93555,3.0,1.0,0
204.80736,200.0,114.10356,0.0048125796,8.014088,47.45693,306.69965,72.68814,5.0,1.0,0
180.72263,201.0,114.61748,0.002790219,38.942493,53.13934,264.79135,204.01218,7.0,5.0,0
269.6473,500.0,105.70409,0.0112229185,25.1762,54.199722,373.82745,120.22745,0.0,1.0,0
186.82181,200.0,98.05361,0.0033880463,34.50923,95.076904,191.3898,53.419334,12.0,1.0,0
7518.7637,504.0,52.289597,0.29041106,44.195877,52.449528,362.06265,123.0809,1.0,4.0,1
127.53033,200.0,143.52542,0.0039902516,35.054554,8.110872,190.92216,188.27193,22.0,5.0,0
160.83109,200.0,96.67043,0.00070238573,24.951645,46.662037,201.08095,173.90378,14.0,6.0,0
251.9501,400.0,147.0444,0.0060424185,40.195797,51.920666,398.8833,297.30487,7.0,6.0,0
392.19998,200.0,115.99719,0.0023217022,54.0435,57.137707,28.490942,277.7881,4.0,2.0,0
201.14142,200.0,98.6487,0.00039392323,32.858673,75.81151,490.5041,28.885973,11.0,1.0,0
171.99509,200.0,57.29523,0.0024167325,57.035946,90.31207,172.18175,161.61723,0.0,4.0,0
2980.4539,503.0,59.79348,0.16822886,76.00704,95.19133,7074.234,7063.851,10.0,4.0,1
117.50702,200.0,79.02836,3.0243507e-05,78.496574,81.603745,327.75598,112.26842,10.0,3.0,0
163.41516,200.0,60.960243,0.011960319,44.832535,27.065285,198.0648,195.60368,20.0,5.0,0
675.6084,200.0,199.89355,0.04477698,88.658104,91.57534,412.72876,334.40814,8.0,4.0,1
238.2255,200.0,79.38789,0.0030742763,39.06006,79.18104,375.63028,172.69183,17.0,5.0,0
127.5722,200.0,155.36696,0.003007503,44.309895,76.569595,164.00494,169.86215,1.0,4.0,0
144.372,200.0,25.662895,0.0074239005,10.617137,43.20769,423.89084,104.926926,17.0,3.0,0
236.52539,200.0,107.96291,0.0027770705,31.581564,32.407215,272.1039,185.75021,23.0,4.0,0
344.114,200.0,83.54873,0.009059814,45.688805,56.282578,77.5701,232.03334,13.0,2.0,0
150.29697,200.0,130.0526,0.0019621048,42.198513,39.862408,295.13623,162.25891,6.0,4.0,0
248.18265,302.0,101.199455,0.002170441,47.358074,57.30954,329.3249,293.8283,12.0,1.0,0
682.79083,200.0,173.50812,0.030988399,91.43125,89.74563,282.94037,310.34683,3.0,5.0,1
294.69434,400.0,144.98148,0.007655567,42.132122,45.907257,379.83206,213.5783,20.0,6.0,0
185.43628,200.0,56.32105,0.0004831812,62.22428,32.41537,200.1963,0.0,8.0,4.0,0
180.08327,200.0,65.32271,0.001246646,39.829735,38.11085,316.43692,93.008804,11.0,5.0,0
79.41906,200.0,60.01071,0.02160341,14.016678,31.957424,205.08917,34.596725,17.0,0.0,0
630.19196,200.0,176.75926,0.020477079,84.91338,92.703735,301.20264,197.00928,3.0,3.0,1
168.17252,200.0,75.40874,0.013973076,56.01448,35.655045,232.51073,246.33203,1.0,4.0,0
67.372444,200.0,139.21927,0.010228416,51.81477,12.688651,423.1989,178.96968,17.0,2.0,0
140.87503,200.0,197.92868,0.032405082,65.63667,59.34341,195.26115,202.58868,3.0,6.0,0
122.62876,200.0,63.83414,0.00064486836,20.194473,74.236885,358.54318,113.23383,6.0,2.0,0
330.4809,200.0,81.66685,0.0031748845,26.002382,41.853493,376.26477,247.04642,8.0,0.0,0
309.61963,200.0,98.62766,0.0006049851,17.257408,47.458683,620.5243,7.52593,0.0,4.0,0
159.47694,200.0,144.94934,0.02826276,24.731901,51.159637,79.5038,194.97748,13.0,1.0,0
167.24214,200.0,104.41675,0.014855131,47.2722,41.975285,117.0201,133.75044,21.0,1.0,0
137.99454,200.0,156.34126,0.0074729673,29.8645,52.662693,323.3548,88.21536,13.0,2.0,0
122.88093,200.0,118.7697,0.0003009189,44.279907,43.997963,144.89577,180.82283,23.0,0.0,0
275.47284,301.0,53.361366,0.0033242211,52.228245,58.185715,70.31947,140.28998,12.0,0.0,0
329.43546,200.0,78.05508,0.0074781533,27.786953,49.977947,303.042,89.19227,3.0,2.0,0
198.65376,200.0,74.43103,0.0043128342,41.28458,40.71109,409.38763,156.46327,13.0,0.0,0
258.2027,201.0,146.9349,0.001975142,59.48641,62.53954,209.3747,42.40099,12.0,5.0,0
150.55261,200.0,86.387314,0.0068904413,72.713646,57.04027,93.65229,142.93474,5.0,2.0,0
249.6532,200.0,149.30309,0.01102577,32.72125,67.3565,469.44882,181.82707,5.0,5.0,0
190.1194,200.0,102.78855,0.0011457826,40.21303,55.452137,64.94405,179.10445,4.0,1.0,0
230.80989,200.0,108.87535,0.0020002974,43.02502,32.907085,393.46506,198.38153,19.0,3.0,0
76.08805,200.0,47.061066,0.0073104757,37.97795,59.563725,205.65237,194.56674,5.0,1.0,0
245.32925,200.0,102.81013,0.007878371,60.080612,77.72003,148.74213,149.18724,8.0,1.0,0
233.30501,200.0,123.857475,0.008958422,15.012604,38.43981,307.6026,84.00327,13.0,3.0,0
201.8696,200.0,63.24077,0.00884664,22.963192,42.925735,112.04296,159.79796,3.0,4.0,0
142.9508,200.0,113.202896,0.004315088,79.80715,32.881298,387.48672,112.52035,18.0,2.0,0
108.59317,200.0,96.28991,0.0018418113,43.714397,38.541447,284.87827,136.96397,3.0,5.0,0
290.32675,200.0,99.79488,0.0049713617,47.08393,49.628723,221.72546,48.772404,20.0,0.0,0
358.16934,200.0,110.064606,0.013405602,29.493368,49.145313,472.61548,186.53482,16.0,5.0,0
224.73677,200.0,136.7826,0.0012905867,52.739655,24.989092,336.87405,17.357008,4.0,4.0,0
312.70978,200.0,95.96175,0.0029710296,25.460497,10.463018,407.69232,129.21062,3.0,1.0,0
207.21503,200.0,63.03446,0.0040091206,53.558178,51.476456,310.36462,0.0,8.0,4.0,0
78.87468,200.0,81.938416,0.00040269402,47.408054,68.802925,170.1462,171.3621,16.0,3.0,0
187.7569,200.0,146.59837,0.007472393,35.347916,65.616905,242.91745,241.26096,17.0,2.0,0
150.36104,200.0,111.67554,0.0016979264,60.874203,27.752079,214.1312,186.00945,15.0,2.0,0
179.97958,200.0,73.33009,0.00487854,28.24204,55.92219,209.97397,146.20863,15.0,4.0,0
5803.745,504.0,55.56098,0.14858587,49.909103,66.040344,201.97122,202.04858,17.0,6.0,1
142.98943,200.0,74.79386,0.019631993,43.883747,52.082344,282.44968,116.825,15.0,6.0,0
209.13185,200.0,116.70605,0.000549453,41.182568,49.568153,140.52869,163.08629,23.0,1.0,0
439.82608,200.0,133.38866,0.007282222,37.290314,52.619984,131.49295,46.961178,0.0,3.0,0
225.89674,200.0,121.10364,0.00077913393,47.086117,52.09997,327.3777,111.85965,4.0,2.0,0
93.100204,200.0,71.1772,0.0121332845,32.334846,45.708183,248.16386,66.32907,4.0,1.0,0
189.62244,200.0,114.62822,0.021100417,64.38813,38.671055,148.37517,183.19711,8.0,6.0,0
144.8875,200.0,131.33496,0.00538351,40.300655,44.8007,135.77977,169.77719,19.0,3.0,0
143.46735,204.0,102.57421,0.0048921956,37.234005,50.281048,147.59088,38.92794,11.0,5.0,0
131.34167,200.0,111.55616,0.0008740392,25.2713,37.016304,331.4636,161.2555,9.0,1.0,0
230.82959,201.0,36.908516,0.011478221,25.860453,23.185253,128.24866,153.27303,23.0,4.0,0
136.71878,200.0,154.52106,0.00013105404,40.055496,32.808968,16.622324,139.05948,7.0,2.0,0
447.30893,200.0,78.70258,0.009692902,42.270805,47.39894,252.8357,238.22975,19.0,4.0,0
97.57714,200.0,74.935585,0.0027265656,31.491632,66.78339,446.11816,210.36874,11.0,3.0,0
144.91226,204.0,55.427814,0.0060226563,33.534897,65.952805,154.1952,100.24784,9.0,4.0,0
220.27148,200.0,66.5607,0.056275405,36.850166,85.64652,71.300446,0.0,8.0,2.0,0
157.32205,200.0,61.034325,0.015582439,27.804287,21.095984,297.1269,235.31435,21.0,5.0,0
140.51077,200.0,92.54217,0.025632111,35.008385,42.684704,114.839455,279.0232,12.0,2.0,0
127.78066,200.0,84.114174,0.008852103,39.68066,15.795611,122.03537,223.0829,2.0,3.0,0
211.6794,200.0,85.10233,0.006564507,6.696092,34.55339,365.9971,347.86298,23.0,3.0,0
138.64229,200.0,105.960335,0.0067234854,16.28472,43.572746,218.63637,186.23334,5.0,2.0,0
98.81615,200.0,127.61038,0.014693307,42.457436,51.35722,187.52838,187.94902,4.0,5.0,0
156.34897,200.0,150.04933,0.004678124,46.809036,51.34172,426.8848,213.71704,0.0,5.0,0
228.29652,200.0,89.91229,0.0063631074,47.435085,43.990692,269.03934,191.19583,18.0,6.0,0
267.9066,200.0,108.38154,0.014447913,23.820398,54.18701,94.56112,153.51903,2.0,4.0,0
126.91961,200.0,95.473,0.012791426,11.84857,75.7319,259.2164,202.78973,0.0,2.0,0
266.9269,200.0,125.14672,0.00021846525,30.750732,63.75451,261.4086,242.67038,14.0,1.0,0
250.84875,200.0,120.89905,0.0021824217,59.286766,47.226334,220.23676,82.46504,10.0,4.0,0
120.96252,200.0,89.99594,0.0054872525,43.71912,46.696747,196.5762,179.84729,9.0,2.0,0
108.62177,200.0,111.24832,0.011579825,51.83017,49.849995,47.780678,133.67134,20.0,3.0,0
352.92148,200.0,153.07187,0.0028354614,61.178112,34.529224,304.8993,105.96539,6.0,1.0,0
190.54446,201.0,143.27971,0.037764266,52.01762,53.455826,261.52313,174.20488,5.0,3.0,0
241.10335,200.0,117.05904,0.0034889872,45.473206,63.455597,268.86548,267.78442,11.0,5.0,0
210.14528,200.0,93.97549,0.0010768981,2.9162638,49.823193,191.33797,80.084305,9.0,0.0,0
153.0463,200.0,85.14031,0.0034112753,33.18502,45.227474,286.73788,135.82971,19.0,0.0,0
185.94514,200.0,129.38795,0.042811215,73.59646,48.181683,377.59915,181.77522,15.0,3.0,0
213.42368,200.0,124.60592,0.015930895,61.800014,28.307446,342.33328,39.04569,4.0,3.0,0
312.7441,200.0,88.71216,0.014009208,47.22501,52.823837,239.48607,219.92586,19.0,4.0,0
209.61018,204.0,60.694412,0.004771997,47.7253,47.634357,318.9951,146.95576,9.0,5.0,0
192.89163,201.0,178.78868,0.042552616,22.868168,5.642538,332.56625,217.16846,22.0,4.0,0
524.95355,204.0,190.4138,0.02439998,13.063465,51.624287,355.67706,133.154,13.0,5.0,0
251.9647,200.0,83.4972,0.0011118314,41.054108,44.22897,149.80765,178.20859,1.0,4.0,0
93.16189,200.0,93.83387,0.0032689548,37.21338,62.00365,46.344246,178.0856,15.0,4.0,0
153.85788,200.0,59.737274,0.0010468271,60.867786,53.3931,120.42413,284.313,22.0,5.0,0
283.362,301.0,128.72295,0.0031342944,58.366318,31.041695,128.52682,258.75726,0.0,1.0,0
108.75235,200.0,96.23328,0.0045152036,48.39772,30.301802,198.89018,172.49767,5.0,2.0,0
385.50247,200.0,103.99464,0.011020223,36.43033,22.227667,403.3913,138.35292,19.0,1.0,0
3016.8384,504.0,95.21768,0.1657829,66.07423,44.33662,338.71228,253.90814,19.0,1.0,1
361.6831,200.0,84.23671,0.006302036,44.504536,30.66373,278.6032,93.78381,19.0,5.0,0
183.43959,200.0,59.768604,0.0016910791,30.5576,50.44579,245.27202,183.27026,1.0,1.0,0
250.3983,200.0,106.000336,0.00650182,9.621468,50.81206,134.17072,212.9601,6.0,3.0,0
157.65234,301.0,97.66378,0.021378063,34.663395,61.68423,306.16647,227.29462,15.0,5.0,0
91.44493,200.0,65.90832,0.006414123,57.087982,64.94735,233.7664,262.19193,4.0,3.0,0
547.34705,200.0,164.99078,0.047122326,90.60512,90.791855,464.30847,202.86633,11.0,2.0,1
281.73383,200.0,105.30291,0.002143119,63.26612,77.32224,172.30232,68.85807,12.0,4.0,0
166.21864,200.0,74.698845,0.0024790044,38.891872,58.22093,220.95116,150.48,23.0,3.0,0
301.91553,200.0,100.46754,0.0022208535,37.37826,53.89028,242.30461,283.357,15.0,1.0,0
380.29706,200.0,147.93098,0.0016377843,33.629696,53.270657,265.26053,183.2206,1.0,2.0,0
162.67662,200.0,161.3584,0.00014098862,29.125034,47.3419,248.10684,244.71942,6.0,4.0,0
146.39326,200.0,123.60152,0.0052805566,60.83185,50.319443,221.66953,188.2023,2.0,3.0,0
192.99072,200.0,108.46995,0.005383357,15.6195965,46.071175,415.79797,259.29105,18.0,1.0,0
301.25708,200.0,82.42251,0.014561051,58.821922,34.15301,172.71155,202.68478,15.0,5.0,0
132.00455,204.0,89.94649,0.005699492,32.8764,58.310326,149.68466,185.68741,18.0,5.0,0
142.94997,200.0,111.90419,0.0018912863,21.453638,69.757164,110.04132,132.34912,18.0,2.0,0
682.7502,200.0,163.97299,0.06388248,66.10529,72.97469,9569.94,9282.06,13.0,0.0,1
8182.1626,503.0,86.14002,0.1847554,98.1919,91.43562,6956.824,6876.0303,12.0,1.0,1
129.15105,200.0,51.614876,0.00075683295,18.671476,61.512802,289.71152,119.595825,1.0,2.0,0
172.48846,200.0,126.67894,0.0021348684,28.42181,55.669575,216.3267,268.53125,16.0,4.0,0
155.99272,204.0,117.45031,0.01289424,31.224798,43.21262,320.61664,116.1395,2.0,5.0,0
314.98062,200.0,66.45965,0.0012027908,24.20732,52.536453,239.47513,168.75937,3.0,1.0,0
246.24364,200.0,87.18295,0.0129651725,39.48514,54.860477,217.91599,189.87898,9.0,0.0,0
222.61797,200.0,88.923256,0.0013945216,6.3369393,38.13095,369.84686,232.90161,15.0,4.0,0
181.21245,200.0,75.313866,0.012776054,45.82264,52.350582,165.89644,268.40552,11.0,6.0,0
5666.7397,504.0,85.377304,0.19964738,68.851974,53.345062,202.72786,296.92395,16.0,0.0,1
202.45116,200.0,95.69385,0.012620328,46.10553,41.970734,194.17082,0.0,10.0,3.0,0
209.20184,200.0,73.317986,0.017549792,43.468357,39.68531,188.34616,282.67712,18.0,4.0,0
198.39392,200.0,95.253555,0.040431567,44.359715,33.126373,362.71353,44.518475,2.0,3.0,0
408.88687,200.0,144.78168,0.019147445,42.447826,23.807016,195.70341,127.20051,5.0,5.0,0
192.73485,201.0,80.39828,0.01687293,10.432168,33.314262,339.1463,186.12128,10.0,0.0,0
179.91748,200.0,113.77566,0.01698092,32.87809,54.96182,325.08698,284.9695,9.0,6.0,0
141.69878,200.0,89.34307,0.02564903,27.234274,56.807953,179.3425,283.17163,10.0,0.0,0
188.86908,204.0,92.90248,0.012320776,36.330128,69.00233,359.68738,234.73734,8.0,5.0,0
121.75428,200.0,127.690445,1.01586e-06,71.77782,21.686094,386.10635,332.3606,8.0,5.0,0
222.48035,200.0,60.286137,0.014206274,52.857204,10.800562,177.15468,112.960014,1.0,1.0,0
334.5124,200.0,75.91275,0.0005842414,39.15722,22.056765,158.10704,307.02853,7.0,3.0,0
122.77797,200.0,52.52021,0.004365696,42.255035,25.381071,341.4105,0.0,4.0,1.0,0
164.56032,200.0,58.587036,0.00096646126,68.19471,27.69229,361.60446,174.50508,5.0,0.0,0
367.45905,201.0,185.86234,0.010050367,60.36127,42.907757,234.35419,0.0,4.0,0.0,0
110.94097,200.0,90.60216,0.009904462,35.240055,47.771122,209.65173,0.0,16.0,1.0,0
241.61145,200.0,147.01585,0.011196389,39.038197,52.986973,165.55983,134.382,0.0,5.0,0
182.85957,200.0,116.06663,0.008642327,60.215435,47.666607,110.895065,250.01146,12.0,1.0,0
163.60782,200.0,109.28216,0.0027301952,60.098167,29.830824,127.25578,73.12814,8.0,2.0,0
300.77567,200.0,114.89722,0.006624412,19.486052,57.846214,191.92987,37.35047,5.0,5.0,0
53.89022,200.0,67.412704,0.008874991,42.89938,53.46848,532.06226,194.44078,4.0,5.0,0
164.62578,302.0,107.71489,0.0084147,43.347008,40.65326,118.309845,62.10273,3.0,5.0,0
252.68794,200.0,116.644035,0.011601353,53.62631,45.945892,232.80579,200.49484,23.0,3.0,0
93.39382,200.0,118.426506,0.011758046,28.1641,30.010532,234.10623,181.09819,1.0,6.0,0
171.8045,200.0,130.26659,0.041774087,42.495506,46.178753,220.5961,80.13053,2.0,0.0,0
187.4651,200.0,103.1194,0.008466219,45.28436,52.26502,29.110806,104.90919,0.0,5.0,0
135.81686,200.0,143.65987,0.03195537,27.302896,57.203556,215.96149,159.88753,19.0,4.0,0
139.91339,200.0,128.94708,0.0017760801,37.294735,31.670206,183.84196,113.15207,2.0,1.0,0
170.39345,200.0,55.970364,0.00269787,43.769146,37.95034,14.580979,123.38903,4.0,4.0,0
145.38364,200.0,100.22616,0.0036419192,67.16046,50.175114,290.71368,86.928024,0.0,2.0,0
85.956276,200.0,81.76561,0.00071547175,29.559103,52.216927,217.92313,307.02274,16.0,3.0,0
237.14267,200.0,107.1101,0.006053426,25.283754,68.074455,334.0,159.34633,12.0,6.0,0
373.9795,404.0,116.54943,0.0052336636,32.423313,18.16605,236.81183,35.955467,22.0,4.0,0
77.03927,200.0,120.05831,0.0032860253,46.79349,62.43834,144.02626,270.7121,7.0,3.0,0
89.471504,404.0,140.91504,0.0017732305,42.932682,72.65433,352.9674,139.47748,4.0,6.0,0
294.07608,200.0,94.171875,0.026074482,27.856644,55.17388,234.98653,124.67131,3.0,1.0,0
76.464676,201.0,94.08059,0.0070553063,32.437443,69.05476,282.23297,71.10901,21.0,2.0,0
492.65515,200.0,116.188354,0.01634636,37.647465,58.684055,440.1259,93.89933,11.0,1.0,0
80.313576,200.0,128.68747,4.598043e-05,21.881296,57.190216,345.07443,136.81265,19.0,4.0,0
344.8142,200.0,120.745476,0.00809123,26.87442,53.929314,333.40228,0.0,2.0,2.0,0
162.01794,200.0,99.949684,0.0076686204,35.96064,75.48582,218.14517,264.3624,9.0,0.0,0
240.44054,200.0,98.322876,0.012542141,19.57317,75.12594,122.66379,208.08604,23.0,5.0,0
300.85324,200.0,94.25459,0.013886701,40.59535,57.811726,237.76747,58.179443,9.0,2.0,0
252.57074,200.0,98.51115,0.026013583,48.442352,52.171413,279.573,234.96637,21.0,4.0,0
188.8688,200.0,98.19952,0.013095409,59.176125,42.453438,288.3257,192.67535,14.0,1.0,0
406.18176,200.0,118.105286,0.007638257,37.38541,40.407837,150.9173,49.311844,4.0,3.0,0
144.79222,201.0,89.25462,0.053794302,34.09655,66.783005,323.8712,121.43567,22.0,6.0,0
271.74796,301.0,71.992744,0.0024953173,36.414158,64.18219,204.64668,207.09686,4.0,0.0,0
103.82636,200.0,104.24974,0.005528626,30.138802,11.925416,337.95267,59.506752,14.0,4.0,0
181.2499,200.0,129.15215,0.002060634,32.548244,49.613636,367.31293,151.94102,5.0,1.0,0
168.21678,200.0,120.65484,0.0023686409,44.088833,40.852688,283.48053,194.22603,17.0,4.0,0
230.40324,200.0,102.770996,0.009462286,46.42837,56.40286,313.35483,166.0737,5.0,5.0,0
252.64417,200.0,96.462265,0.0032340367,61.246864,36.339912,389.66727,231.82442,12.0,3.0,0
177.7935,200.0,109.893585,0.0045782323,23.523962,41.527687,229.09373,183.27875,13.0,5.0,0
153.24974,200.0,64.03887,0.0010385902,41.9696,36.23578,312.69577,121.39813,20.0,2.0,0
232.91475,200.0,97.495544,0.0052028676,22.24244,45.621872,35.863586,192.94743,11.0,5.0,0
185.5028,200.0,77.086914,0.0140121,20.456562,55.51336,81.52327,132.63034,8.0,5.0,0
122.985245,200.0,130.81288,0.010988689,19.715967,64.01225,125.681404,202.80804,22.0,2.0,0
282.54965,200.0,88.71087,0.022162782,33.05974,32.211136,187.84448,178.90997,13.0,2.0,0
358.38135,200.0,143.61653,0.0018213645,25.81442,32.3165,186.28725,180.1848,0.0,4.0,0
235.90144,200.0,107.42708,0.008123396,46.840668,53.675884,206.92761,47.47158,3.0,5.0,0
72.26603,200.0,128.7853,0.0038165394,55.554638,63.72018,299.8022,263.69733,5.0,5.0,0
179.70114,200.0,144.05942,0.011629169,18.088,60.9854,202.43758,72.91843,9.0,5.0,0
220.23965,200.0,119.83954,0.006076543,63.643787,60.20838,217.07413,106.161804,14.0,1.0,0
160.90106,200.0,120.23498,0.010065868,41.40759,56.79545,275.13568,132.8576,0.0,5.0,0
111.01002,201.0,135.26572,0.0008008557,42.971664,29.181501,190.34726,152.29514,13.0,3.0,0
380.70938,200.0,147.90425,0.016968898,46.981922,41.24476,147.08342,224.78488,20.0,1.0,0
154.86589,200.0,104.34588,0.011117723,19.5558,73.17378,352.86673,67.544876,0.0,4.0,0
257.84216,200.0,91.750465,0.014607523,41.242844,45.758247,173.08246,37.601414,13.0,5.0,0
254.6689,204.0,61.946228,0.003407653,6.6835694,69.364525,241.58443,187.33543,15.0,1.0,0
126.97622,200.0,114.09288,0.010223381,36.29687,47.307446,367.7582,171.43633,6.0,4.0,0
83.7061,200.0,186.59644,0.017148266,21.575134,67.49913,295.4403,285.68256,14.0,0.0,0
295.3023,200.0,110.59919,0.006408738,40.56629,49.619965,243.14183,170.53201,23.0,5.0,0
186.51859,200.0,100.92433,0.00075356296,59.34054,33.992153,186.0341,88.16222,3.0,5.0,0
99.71218,200.0,143.61577,0.001559029,46.848866,14.282591,272.22287,89.58953,7.0,5.0,0
127.90137,200.0,119.56938,0.010468203,41.688335,46.22379,210.79755,121.694954,19.0,0.0,0
107.56777,200.0,44.002968,0.004875406,25.482616,34.847466,200.92842,74.73517,19.0,5.0,0
122.0168,200.0,151.84192,0.010604927,46.90502,34.822853,150.4658,157.03221,0.0,0.0,0
189.2532,204.0,82.99973,0.0007615992,21.78249,60.910305,235.03749,134.11664,9.0,1.0,0
351.8186,200.0,102.52041,0.009565828,41.79425,64.238686,111.69025,92.874214,17.0,6.0,0
183.35889,200.0,139.68456,0.0047036665,63.0285,63.809853,293.3245,188.2074,6.0,0.0,0
122.44865,200.0,166.35191,0.007051031,36.58787,63.006775,111.14973,212.01604,5.0,6.0,0
149.72037,404.0,95.70621,0.030405995,39.06808,43.780025,232.75171,41.081448,2.0,4.0,0
199.72754,200.0,112.93186,0.006221961,40.626022,70.30668,251.8082,178.77904,0.0,3.0,0
236.72243,200.0,65.9341,0.0058067474,29.198732,60.149166,129.61974,80.231026,10.0,1.0,0
267.09778,200.0,64.50811,0.024492737,6.1110826,61.273273,166.73776,243.31227,14.0,2.0,0
270.7166,200.0,117.11175,0.0024697639,39.956806,47.963306,341.36768,145.93295,10.0,2.0,0
35.885345,200.0,93.392166,0.008376355,37.327515,52.771454,321.824,145.97766,16.0,2.0,0
247.05986,200.0,143.4304,0.0049720136,30.024439,31.692148,162.17714,177.16669,22.0,6.0,0
148.34618,200.0,120.54185,0.007854368,29.812786,57.49996,210.38535,117.09773,17.0,6.0,0
188.33095,200.0,113.11065,0.0043918346,57.25097,48.43393,216.41927,205.56606,16.0,5.0,0
149.4767,200.0,89.29661,0.009694431,29.129313,39.967323,63.03168,113.014984,11.0,6.0,0
56.377384,200.0,123.7079,0.002801781,35.623043,44.31351,252.48264,246.8984,1.0,2.0,0
230.44182,200.0,151.31976,0.005257564,38.031948,42.572697,280.02487,267.25342,23.0,0.0,0
129.73105,200.0,75.55245,0.0026904824,59.04947,42.178707,61.380295,187.16327,22.0,0.0,0
253.97487,200.0,51.26101,0.006924767,54.420506,51.73726,205.20987,133.59843,6.0,0.0,0
174.45778,200.0,118.410385,0.023753956,31.630428,26.27582,250.93628,231.01321,19.0,3.0,0
366.887,200.0,111.57068,0.0061537344,58.582497,42.963947,268.38336,160.53508,4.0,5.0,0
151.56485,200.0,91.2544,0.015071304,12.0911045,37.594128,316.10843,247.13269,1.0,5.0,0
119.49576,200.0,119.254105,0.004849469,29.916977,45.68761,274.15628,71.080574,1.0,5.0,0
181.88196,301.0,74.98848,0.0007284023,24.073814,67.54533,266.52368,271.45782,20.0,0.0,0
172.00243,200.0,77.43371,0.029768554,27.447025,51.72462,231.48799,171.37888,14.0,6.0,0
292.31445,200.0,99.30599,0.013982904,44.853775,26.719223,78.37639,100.37875,22.0,5.0,0
133.54694,200.0,66.297424,7.15085e-05,42.809315,55.736843,195.10963,61.785435,18.0,2.0,0
177.20892,302.0,80.83135,0.02042624,17.450317,58.47945,258.85223,55.01541,10.0,4.0,0
125.075714,200.0,87.78892,6.1924264e-05,25.423893,56.92203,242.46968,180.87366,16.0,2.0,0
106.827156,200.0,139.64328,0.02878544,46.238552,58.330574,212.57841,211.49017,5.0,1.0,0
89.270195,302.0,94.86366,0.0039359843,30.483164,25.980541,121.89393,157.76268,0.0,4.0,0
95.48597,200.0,128.19798,0.03141427,17.406141,65.334435,247.82588,224.9878,8.0,0.0,0
230.59866,500.0,120.20632,0.00055555,33.285194,84.31496,244.22253,47.493103,16.0,6.0,0
193.58083,200.0,120.391205,0.009742662,59.482906,62.096912,295.32672,163.34375,2.0,0.0,0
187.90273,200.0,123.01676,0.023479177,37.99745,48.165955,324.6703,122.65515,9.0,4.0,0
189.13649,200.0,132.44966,0.0024911864,42.124496,47.42471,195.15428,242.70525,2.0,4.0,0
274.97278,302.0,111.42726,0.010326367,41.579655,72.34772,315.6165,193.93845,12.0,5.0,0
246.03859,200.0,103.32627,0.014367218,71.82341,70.05289,331.60913,286.96133,7.0,3.0,0
109.5572,200.0,88.48811,0.0014832214,49.858215,44.454926,261.64188,138.65675,0.0,4.0,0
169.15276,200.0,154.31578,0.00087560224,60.22517,54.15758,136.76604,190.89624,16.0,3.0,0
322.78305,200.0,130.73936,0.0024609913,37.62371,21.629297,317.03946,63.635155,19.0,0.0,0
168.8117,200.0,114.30333,0.006737407,23.515339,62.48109,159.58038,16.220814,10.0,1.0,0
110.45225,200.0,56.547474,0.0030380236,49.791706,62.16195,323.01813,92.347565,1.0,1.0,0
148.99725,200.0,105.15754,0.02916991,53.76427,57.813213,285.76672,146.98035,2.0,0.0,0
270.17004,200.0,97.77648,0.018905539,35.331215,28.385859,297.2261,213.2513,17.0,5.0,0
145.08667,200.0,131.1292,0.0043023443,55.32398,42.43935,221.87813,224.40337,10.0,4.0,0
151.74841,200.0,125.43284,0.031451676,11.695326,56.092278,248.5995,125.939,23.0,6.0,0
6326.766,504.0,141.66096,0.22275808,76.17386,80.554436,9392.166,5674.706,11.0,5.0,1
2076.3271,502.0,57.52968,0.18845347,42.994812,41.916107,320.38116,237.2404,8.0,6.0,1
267.5299,200.0,116.46935,0.0005531206,39.197247,74.09065,131.7612,69.541306,21.0,4.0,0
372.01517,201.0,83.60348,0.018856151,41.350677,63.265,173.69261,226.8557,10.0,3.0,0
166.5412,200.0,126.25073,0.0055987234,50.067837,62.106106,164.4322,192.4864,7.0,6.0,0
146.19417,200.0,103.637344,0.003339633,56.260082,65.048325,477.96564,163.00725,14.0,6.0,0
83.53859,200.0,87.34721,0.0006048227,35.755222,29.508545,178.46028,147.74133,18.0,4.0,0
248.55992,200.0,135.94778,0.003623505,42.105797,63.01493,175.83609,246.64548,12.0,6.0,0
235.43065,200.0,63.110798,0.018197827,53.750473,51.739033,195.5738,135.25246,23.0,0.0,0
213.309,200.0,71.452255,0.005836254,59.296032,72.82393,527.09064,154.40996,17.0,6.0,0
172.3378,200.0,123.234245,0.009254052,70.5548,42.935814,234.1584,137.11845,9.0,3.0,0
181.16226,200.0,76.958046,0.0073152715,23.959011,60.84352,253.10425,29.735626,16.0,5.0,0
94.87424,200.0,122.66901,0.01222949,39.408318,45.177837,305.8539,160.6955,13.0,1.0,0
188.15546,200.0,158.90178,0.003056547,32.65575,61.750465,160.19514,104.223495,6.0,4.0,0
238.42221,200.0,75.28633,0.008537593,41.55905,70.141014,301.7912,0.0,22.0,6.0,0
173.8407,200.0,84.96615,0.012106342,69.58461,57.721947,395.15665,177.77132,0.0,3.0,0
4004.6184,500.0,130.65396,0.20511584,47.307,59.730385,240.72745,151.14014,11.0,6.0,1
203.80843,201.0,122.64946,0.00054612465,12.176009,70.283455,395.2648,156.19218,14.0,6.0,0
93.29519,200.0,132.0683,0.021016313,13.924909,78.2411,192.40852,166.4978,21.0,2.0,0
83.96819,200.0,139.52867,0.006903193,44.420006,41.49598,316.59354,232.0116,19.0,5.0,0
139.44518,200.0,71.125,0.009347784,59.621605,55.852444,340.37436,226.01483,4.0,6.0,0
134.89128,200.0,129.61208,0.012496994,33.78682,53.501053,219.52048,77.17431,11.0,3.0,0
225.26553,200.0,94.15321,0.004638946,5.6330824,45.1447,127.55025,117.96156,22.0,5.0,0
344.90192,201.0,130.32483,0.011137078,44.90624,58.43186,300.08896,80.53772,1.0,2.0,0
208.77298,200.0,98.55992,0.007865872,64.91875,62.307484,145.67221,195.36717,4.0,3.0,0
180.26683,200.0,110.55459,0.013734574,35.141502,30.271652,175.08623,167.53865,0.0,3.0,0
136.96832,200.0,125.55831,0.0071856696,44.833958,58.465153,172.42471,145.0891,22.0,1.0,0
223.79189,302.0,106.59975,0.017062996,28.567406,19.506365,441.62634,57.21433,1.0,5.0,0
244.76547,200.0,150.93896,0.0008994861,46.75764,51.30102,134.08432,65.57955,19.0,6.0,0
280.08884,200.0,103.44548,0.011631387,36.649864,45.190968,180.90343,30.484,2.0,4.0,0
105.40333,200.0,43.599773,0.025503825,12.054827,55.493282,371.46606,205.93942,4.0,3.0,0
92.56785,200.0,113.36129,0.0061963936,35.586666,65.559166,198.74478,124.705986,14.0,2.0,0
235.99779,200.0,110.66208,0.0027478442,40.864857,52.680023,240.87929,125.30553,4.0,2.0,0
279.43875,200.0,98.223045,0.004374339,41.249825,47.044254,150.97156,60.75757,11.0,1.0,0
411.3986,200.0,90.02067,0.0029838067,58.2594,53.945522,141.03604,238.1867,14.0,6.0,0
161.29456,200.0,81.79205,0.0016744945,29.170017,63.249256,296.74,71.04869,13.0,4.0,0
329.66074,200.0,90.186516,0.0063257543,42.70707,71.82958,214.31746,110.26425,3.0,1.0,0
292.67123,302.0,103.841324,0.032157972,62.332863,85.7656,322.3072,300.54333,12.0,3.0,0
1392.8575,502.0,61.905426,0.13900957,38.317505,47.39445,269.0882,157.37973,8.0,0.0,1
206.6327,200.0,146.57648,0.0010506475,45.006065,51.85293,166.58359,176.44542,15.0,3.0,0
1351.1226,200.0,119.2465,0.09559773,64.099915,67.48847,8176.8076,8612.951,5.0,3.0,1
221.57758,200.0,81.004395,0.00043559613,39.58388,21.295755,325.1767,111.715454,5.0,6.0,0
152.38191,200.0,91.37773,0.008907964,39.406662,48.53938,292.6907,262.99133,14.0,3.0,0
144.23274,200.0,63.18511,0.021076886,33.359142,56.310703,41.35857,267.00085,11.0,0.0,0
240.73207,200.0,52.81963,0.011023376,51.870693,23.292538,229.72836,201.4079,23.0,5.0,0
203.0867,400.0,122.61699,0.022217207,31.144012,60.24436,251.74489,81.94581,3.0,4.0,0
181.28459,302.0,137.7455,0.021166142,36.579823,58.738415,164.15352,142.47011,0.0,1.0,0
320.9013,200.0,97.60896,0.0040275203,30.105352,39.632843,203.5951,0.0,4.0,0.0,0
172.51143,201.0,83.67522,0.013808562,8.655597,74.928925,195.0841,241.3701,12.0,3.0,0
244.88396,200.0,98.02694,0.014772276,27.36523,47.277985,273.9909,135.90817,14.0,4.0,0
60.222763,200.0,147.42839,0.0074865012,35.438686,31.980324,198.1991,218.31392,14.0,2.0,0
97.67024,200.0,82.75741,0.0016895204,35.28408,61.429157,2.515845,226.85184,3.0,6.0,0
289.27988,200.0,95.42987,0.007376578,35.21224,59.28094,384.52478,180.02673,18.0,5.0,0
305.1342,200.0,74.45584,0.034430224,32.115284,32.823597,196.06674,164.48526,5.0,5.0,0
94.70837,200.0,87.0315,0.022701053,43.072544,26.66016,108.146484,81.82755,7.0,5.0,0
145.31367,200.0,128.87859,0.03440342,9.5065155,52.899323,336.76767,174.29088,7.0,5.0,0
287.6637,200.0,48.04589,0.0013388925,48.36805,40.182167,334.16458,175.4176,22.0,3.0,0
402.13586,200.0,84.395424,0.030999137,22.371506,80.7462,341.5699,284.0785,8.0,4.0,0
288.18756,200.0,56.418373,0.016304128,41.25072,48.23157,253.57996,158.34431,16.0,6.0,0
228.3626,200.0,85.815475,0.00040913493,59.446426,33.126095,280.40805,51.80829,20.0,0.0,0
232.48143,200.0,69.18507,0.0055182665,24.748545,59.291695,0.0,175.31728,1.0,0.0,0
145.75662,200.0,47.579105,0.002419794,36.43636,50.652752,214.74641,60.393723,15.0,1.0,0
188.05484,200.0,129.7548,0.0013622011,32.73784,61.485172,422.5579,181.73349,17.0,4.0,0
163.43343,200.0,149.06888,0.021959994,46.42546,59.77271,317.92633,289.61,5.0,2.0,0
36.405125,400.0,105.72685,0.010142335,31.68677,43.500885,246.57664,192.0931,5.0,6.0,0
228.46657,201.0,100.88397,0.014275237,29.446863,43.68509,309.20908,88.62821,8.0,4.0,0
227.62273,200.0,116.0234,0.014500584,47.254765,28.064642,333.27255,101.59717,21.0,4.0,0
420.94196,204.0,86.45057,0.0027687429,48.123802,57.33936,0.0,324.63376,8.0,1.0,0
115.396164,200.0,99.3094,0.010065047,20.452276,48.426,376.43835,182.78282,11.0,5.0,0
230.82652,200.0,106.95067,0.006225542,50.794304,54.005276,118.42103,146.85223,11.0,1.0,0
363.50906,200.0,105.060036,0.0116535975,11.745477,68.44973,267.4928,181.4455,17.0,5.0,0
112.6903,200.0,71.87618,0.00029151922,34.92703,41.631363,296.19376,7.2591443,13.0,6.0,0
182.6298,301.0,109.834625,0.006598352,34.58874,57.024918,395.20837,200.1321,7.0,0.0,0
125.9887,200.0,89.07276,0.011167504,50.852257,19.948124,409.0543,145.10184,6.0,6.0,0
185.98239,200.0,86.07906,0.008251312,43.528255,43.117947,260.50412,156.74928,7.0,0.0,0
330.36276,301.0,113.836975,0.006490259,42.65567,67.66761,200.5525,202.08598,7.0,2.0,0
97.09648,201.0,76.06898,0.0008788335,29.373762,49.51062,130.71692,124.693855,9.0,0.0,0
115.514915,200.0,89.34903,0.043723762,24.608679,39.25511,323.31207,258.46103,4.0,0.0,0
187.97652,200.0,125.938675,0.015918545,17.799974,41.475403,417.8708,183.91609,23.0,1.0,0
194.1384,200.0,71.14351,0.001677904,40.72717,32.35472,266.37204,114.14918,21.0,4.0,0
228.59778,200.0,116.54108,0.0013686377,41.58473,44.72209,235.00989,102.51822,5.0,1.0,0
262.36096,200.0,76.73893,0.006163817,34.500854,36.25337,376.91684,250.53621,5.0,0.0,0
156.83112,200.0,64.54418,0.0006601698,50.441917,43.425,143.43289,187.21924,18.0,5.0,0
230.75671,200.0,152.01923,0.0050082197,45.541096,56.1212,216.91035,105.90605,3.0,3.0,0
3723.2937,500.0,85.49681,0.17479113,62.47473,71.48486,213.93692,239.20831,17.0,6.0,1
334.2552,200.0,93.38772,0.006620838,32.092926,48.695843,291.5816,146.15009,10.0,3.0,0
113.7132,200.0,80.796616,0.0053001572,22.032953,65.02959,330.89212,202.02591,10.0,4.0,0
82.48856,302.0,142.25928,0.019491548,9.399853,78.04077,302.50723,160.15466,4.0,0.0,0
283.2148,200.0,82.82318,0.002633993,42.374977,60.881065,399.75592,41.714333,6.0,5.0,0
210.18861,200.0,85.04686,0.012030404,34.729496,55.560043,171.03319,131.93507,3.0,3.0,0
187.53394,200.0,90.10626,0.005567249,45.610165,12.102313,262.0391,264.42517,9.0,5.0,0
171.16455,200.0,120.48111,0.01859942,52.07345,56.804573,31.780537,249.09392,6.0,5.0,0
276.0784,200.0,72.35903,0.018280841,26.15665,39.663414,15.911472,141.0571,16.0,3.0,0
81.94239,200.0,109.84707,0.016482513,39.098804,29.22284,89.404,188.2675,10.0,4.0,0
209.3,200.0,72.205185,0.00052573474,40.22151,41.300686,231.95387,90.12936,22.0,1.0,0
202.89275,200.0,110.25055,0.00266802,27.10787,67.431175,221.22293,173.44525,4.0,0.0,0
311.4503,200.0,113.117294,0.008146987,42.151768,47.80349,74.65685,201.8732,9.0,3.0,0
8694.946,500.0,104.59016,0.12195144,66.91647,49.30518,337.09018,296.6285,0.0,3.0,1
209.74303,200.0,95.443085,0.013146157,48.12656,49.04271,96.274254,70.86176,14.0,6.0,0
141.59277,500.0,110.83846,0.0018616725,45.77034,74.83752,293.02985,262.97916,2.0,0.0,0
195.67747,200.0,53.315945,0.00010358927,60.057858,60.360645,37.989944,120.39162,8.0,6.0,0
122.098366,200.0,200.6372,0.003696342,35.69918,20.09168,272.01306,182.3659,14.0,1.0,0
363.58447,200.0,60.74576,0.0015608193,66.14643,38.37482,213.97664,221.07669,11.0,2.0,0
286.701,204.0,119.204605,0.0362564,18.861668,54.416668,390.37057,189.35255,21.0,1.0,0
140.17,200.0,110.36221,0.01722974,64.415016,56.193974,157.2343,109.947044,11.0,3.0,0
209.66772,200.0,54.06979,0.012073997,53.77522,56.400112,256.1171,189.62428,6.0,0.0,0
76.757935,200.0,123.45551,0.012031809,32.559303,51.092747,175.24829,160.0299,23.0,2.0,0
136.20825,200.0,100.36741,0.0034032548,25.819422,51.7078,213.77666,9.720014,3.0,0.0,0
147.69873,302.0,118.0304,0.0044822986,83.31659,40.11478,287.39938,281.53418,22.0,6.0,0
436.6435,200.0,120.25637,0.0022231427,14.600973,41.8726,197.45401,237.34364,3.0,4.0,0
125.08687,200.0,115.61262,0.0019722267,41.774437,41.40799,279.19434,179.79634,4.0,6.0,0
134.43163,200.0,71.37004,0.0023193557,14.119295,71.68551,282.34964,121.70796,5.0,5.0,0
131.95425,200.0,132.54819,0.0061329603,50.916985,65.56068,156.88968,258.83173,22.0,0.0,0
161.76042,200.0,104.69516,0.012223214,44.751556,35.679672,273.7275,136.8401,5.0,1.0,0
113.70678,200.0,56.978622,0.0003349996,41.966892,46.956905,362.484,297.7252,20.0,1.0,0
225.7603,201.0,74.32319,0.0015263163,9.549373,35.388145,219.09006,165.7236,4.0,5.0,0
142.57048,200.0,104.2709,0.0012703596,63.81871,51.225456,260.02338,241.04161,12.0,5.0,0
105.559006,301.0,177.00824,0.00043723747,41.65346,54.538933,137.08064,268.4239,22.0,6.0,0
87.64244,200.0,50.045284,0.0020805362,18.879335,58.917744,308.27545,98.54818,5.0,0.0,0
173.47491,200.0,91.37162,0.009293148,24.929806,70.40201,2.2685277,216.48056,3.0,0.0,0
245.82532,200.0,103.99062,0.0022917544,31.96121,54.213875,334.05383,129.37743,22.0,3.0,0
97.0663,204.0,89.159935,0.0012817776,13.665867,37.165104,302.3904,142.84329,18.0,0.0,0
966.56445,200.0,191.5837,0.098519534,59.48882,62.59988,9439.79,8533.409,21.0,0.0,1
136.5679,200.0,59.661934,0.0070602335,47.025864,40.88473,289.01025,240.69116,11.0,2.0,0
204.17888,200.0,81.51449,0.0012035797,42.836414,64.549835,248.4307,94.7261,2.0,1.0,0
188.29755,200.0,80.42806,0.015037737,40.193687,71.010376,121.819725,80.774315,2.0,2.0,0
220.25531,200.0,96.53843,0.0014531767,38.058018,45.781372,302.4738,191.70525,2.0,3.0,0
168.40315,200.0,63.752266,0.0025385742,51.92743,69.09373,68.16755,162.4821,9.0,5.0,0
108.57956,200.0,71.5236,0.002464967,59.72388,37.168564,209.49619,177.87637,5.0,0.0,0
174.42336,404.0,120.0518,0.002024727,54.814716,59.601723,137.41771,185.63754,13.0,3.0,0
4519.5586,502.0,126.20541,0.2987214,31.13236,61.5412,352.2423,172.19765,18.0,3.0,1
112.382996,200.0,87.44564,0.005988445,35.666916,52.884705,344.51288,346.31113,19.0,1.0,0
307.84103,200.0,135.86906,0.005300379,47.79137,29.627611,73.97616,194.14818,23.0,2.0,0
85.87686,200.0,169.04553,0.022028707,53.49237,29.980627,186.89192,110.52448,17.0,4.0,0
130.01376,200.0,141.6398,0.0036940519,65.4718,48.481163,254.83582,187.09071,20.0,4.0,0
126.87985,200.0,113.07392,0.010358556,60.325783,51.0418,277.50827,209.60255,16.0,3.0,0
182.16827,200.0,122.53087,0.0015514867,47.214703,57.9477,237.45213,99.23421,6.0,0.0,0
310.8081,200.0,121.88771,0.002233315,38.4942,52.264248,159.77328,254.3924,18.0,3.0,0
152.15628,200.0,89.958954,0.0063908785,46.55984,52.606045,215.10472,193.75897,2.0,5.0,0
294.93378,200.0,122.24971,0.032698687,57.197037,62.217953,246.16136,133.104,22.0,0.0,0
336.62164,200.0,137.31316,0.026782895,94.28091,97.80665,268.77707,192.14023,5.0,3.0,1
166.0664,200.0,108.5424,0.008707404,59.060993,80.454575,190.27538,129.1575,3.0,3.0,0
199.35489,200.0,122.98044,0.0033624803,34.780293,36.899055,305.5776,200.34555,13.0,3.0,0
195.58694,200.0,129.4942,0.00035859543,43.386196,32.716557,258.7334,93.05761,4.0,0.0,0
65.36414,200.0,101.231026,0.0047683804,43.207382,33.61326,429.5924,118.68144,23.0,4.0,0
163.17113,200.0,76.44919,0.01628643,43.551872,52.91239,207.99706,258.8523,22.0,0.0,0
226.22598,200.0,82.86115,0.008103845,35.65711,36.354565,286.5271,182.1716,21.0,1.0,0
142.76799,200.0,77.4803,0.0040075006,55.766563,70.22182,368.15726,63.133873,9.0,6.0,0
323.448,200.0,110.79702,0.00496032,54.77078,31.499063,284.72522,203.51155,23.0,2.0,0
313.44513,200.0,61.463036,0.0021123926,33.79032,45.160534,239.91904,173.20207,23.0,1.0,0
197.39442,200.0,162.7857,0.05363811,49.13109,35.661633,331.39355,93.649414,2.0,6.0,0
217.21707,200.0,23.675362,0.0004445581,48.439255,63.391514,231.32318,202.0932,15.0,5.0,0
166.1797,301.0,55.77855,0.004513249,42.680016,45.642525,476.53204,259.55914,14.0,2.0,0
376.20493,200.0,150.79413,0.004331825,53.042107,49.293987,372.70184,284.59473,18.0,2.0,0
204.3238,200.0,104.528244,0.012114229,42.601685,43.164818,287.71735,108.1269,3.0,3.0,0
127.63815,200.0,169.52782,0.00060867757,58.99566,51.56033,340.44928,193.74068,10.0,2.0,0
364.9982,200.0,121.395195,0.014841776,36.151356,42.852432,350.88992,0.0,3.0,2.0,0
249.7506,200.0,115.14793,0.0047098007,43.720013,32.631615,396.17963,139.6078,21.0,4.0,0
352.93533,200.0,146.74297,0.024544893,68.44632,26.0782,237.53201,129.84497,22.0,2.0,0
123.25544,200.0,43.51916,0.008401746,71.492065,58.771294,239.49251,52.64919,3.0,5.0,0
93.14211,200.0,68.80845,0.034350216,56.94042,17.251995,173.69554,139.26384,9.0,5.0,0
532.54584,200.0,71.05917,0.017879872,50.580956,68.69098,214.62694,123.01317,0.0,5.0,0
184.82683,200.0,70.911026,0.03190878,61.024807,28.443754,240.86864,300.77386,7.0,6.0,0
195.55995,200.0,61.155857,0.019672554,54.460716,55.40433,304.52286,187.21404,8.0,5.0,0
298.90787,302.0,53.885334,0.003881451,43.30919,57.102585,247.81146,66.582985,0.0,3.0,0
195.84413,200.0,124.89322,0.011917695,46.71046,61.494743,329.67667,107.482834,0.0,2.0,0
167.81262,200.0,113.72046,0.0016860488,49.749367,54.395016,291.07376,159.7212,17.0,1.0,0
323.73538,200.0,107.468704,0.0021804583,24.882154,52.199337,395.82593,31.58676,19.0,4.0,0
135.89932,200.0,94.877014,0.0013873583,44.464436,43.88491,234.43463,82.398735,8.0,2.0,0
308.83667,200.0,68.73069,0.011094487,29.17583,34.80583,24.78632,96.3491,18.0,0.0,0
167.63803,200.0,126.83756,0.00067595026,14.908295,67.58677,270.63092,141.17116,9.0,5.0,0
146.49832,200.0,61.003452,0.007813242,36.29786,42.388836,270.2191,124.75357,23.0,2.0,0
141.56439,201.0,131.14896,0.016777609,33.892227,32.072365,67.26067,257.9573,17.0,2.0,0
487.0561,200.0,60.41551,0.024635378,56.598255,61.813156,235.96124,241.41267,3.0,2.0,0
121.695854,200.0,107.60779,0.017635511,40.833954,75.17742,205.55792,90.286995,11.0,0.0,0
383.59546,201.0,106.55523,0.017099252,56.80896,38.223923,410.52905,114.626724,12.0,2.0,0
123.13564,200.0,95.01049,0.0016756811,57.0458,77.34999,252.89613,132.89082,9.0,6.0,0
411.55923,200.0,73.60913,0.0041497056,46.915028,48.647537,162.6703,142.1874,0.0,5.0,0
128.81766,200.0,95.60954,0.00080747047,9.740875,44.717354,275.9323,114.03162,9.0,3.0,0
219.57675,200.0,93.24402,0.0053629493,64.38401,55.00285,176.08597,51.50209,14.0,4.0,0
290.46844,200.0,148.07672,0.0010003502,23.887291,13.767085,152.60385,190.2866,11.0,0.0,0
309.1746,200.0,89.285934,0.011868801,60.88127,49.435375,474.0101,190.84195,4.0,3.0,0
294.97937,200.0,72.88609,0.0073551685,47.30539,44.24316,276.72937,88.34459,7.0,5.0,0
196.38184,200.0,96.760025,0.002587795,35.610825,47.28823,292.18,177.24873,3.0,5.0,0
127.57918,200.0,78.870544,0.019367697,17.493467,39.928837,231.18102,97.860176,19.0,4.0,0
198.99585,200.0,53.500103,0.0069083828,40.81775,58.677895,297.35245,213.26886,3.0,5.0,0
232.64333,200.0,106.98209,0.021020873,50.8498,41.315136,336.91302,142.6409,5.0,3.0,0
140.67381,200.0,93.00394,0.012956167,36.181454,34.088272,81.086365,161.52426,13.0,2.0,0
148.93129,200.0,114.99585,0.0022670955,35.368988,66.86292,338.28156,93.96428,10.0,6.0,0
129.02065,200.0,114.53791,0.0003964469,5.5001802,73.26429,181.63123,284.37915,18.0,3.0,0
302.9119,200.0,88.419846,0.0014793001,29.118193,41.36218,250.859,137.32256,2.0,0.0,0
118.71384,200.0,97.97458,0.0011779424,35.624233,37.827118,86.037415,123.47017,23.0,5.0,0
241.3088,200.0,108.71013,0.005688131,37.473404,51.102047,208.57112,65.59741,17.0,2.0,0
376.03165,200.0,117.93846,0.006471354,56.004128,49.815025,247.48364,148.70457,11.0,6.0,0
133.94737,200.0,138.17995,0.011392897,44.095062,48.669846,296.26535,118.86898,18.0,0.0,0
300.91693,200.0,133.49084,0.010362084,32.96631,29.70972,289.56854,251.61223,6.0,6.0,0
71.29895,200.0,113.02483,0.0084763,35.239902,43.386444,220.7621,59.465008,7.0,4.0,0
321.6966,200.0,149.47002,0.016039267,51.399395,34.5587,359.56284,238.5482,21.0,2.0,0
281.37915,200.0,134.31015,0.014681397,62.205914,52.557743,379.53085,234.0195,11.0,1.0,0
124.53381,200.0,79.05234,0.0095953755,43.766117,54.198517,443.9568,127.04505,22.0,4.0,0
190.48654,200.0,169.33911,0.0067916303,23.157616,39.36378,130.93387,151.4556,7.0,2.0,0
363.5168,200.0,135.4743,0.0027360152,47.70561,50.409172,176.3073,97.19553,20.0,1.0,0
181.37933,301.0,106.31536,0.00077918713,41.499134,51.626858,212.4142,129.3122,11.0,2.0,0
374.5783,200.0,86.23583,0.009493459,24.15816,83.57596,338.0461,75.24105,7.0,0.0,0
127.93384,301.0,111.93533,0.016085386,32.47669,47.40576,203.2122,90.40164,20.0,4.0,0
212.27824,200.0,133.21468,0.0049781688,61.25604,54.862904,397.28925,35.52071,8.0,1.0,0
150.32227,200.0,137.18439,0.0043319887,49.59497,36.858772,22.282446,170.98859,15.0,6.0,0
366.1658,200.0,143.0306,0.013735082,35.94062,47.3209,160.50626,65.05585,6.0,6.0,0
7769.7993,504.0,117.85547,0.24821569,90.55108,80.89934,7006.455,9806.289,2.0,1.0,1
55.574207,200.0,95.081505,0.004323722,52.369286,20.431906,347.83536,71.05801,4.0,2.0,0
200.59575,200.0,74.735085,0.003024386,22.51351,27.24031,323.39267,51.925816,22.0,5.0,0
278.20135,200.0,63.236362,0.004238872,36.35655,43.896492,400.3668,240.38553,11.0,4.0,0
128.46477,200.0,134.18166,0.0057086726,59.18354,36.38649,287.12476,105.68655,11.0,0.0,0
424.56314,200.0,131.96246,0.015010065,37.32569,69.37897,292.4443,21.19886,5.0,3.0,0
169.43903,200.0,141.97813,0.0010611943,12.718522,57.19206,435.91528,149.69078,19.0,6.0,0
105.40594,200.0,150.10066,0.0016467948,49.672215,38.84996,288.72525,102.00435,21.0,4.0,0
239.12256,200.0,105.687996,0.008464993,36.84402,54.820156,364.5815,133.95894,23.0,3.0,0
252.6814,200.0,118.434715,0.013175366,45.081196,55.263084,307.13403,265.53635,6.0,0.0,0
112.64862,200.0,83.32259,0.01221564,24.299782,50.705173,160.14757,281.99652,12.0,2.0,0
97.871376,200.0,66.65313,0.038582984,30.903814,36.6181,239.18822,128.6894,20.0,6.0,0
152.92482,200.0,97.18844,0.016539352,58.860806,35.154728,173.16524,0.0,8.0,5.0,0
210.10797,201.0,55.3252,0.0415468,41.799007,36.216972,268.75534,286.11255,22.0,6.0,0
291.19577,200.0,104.330124,0.006150571,46.72396,62.541473,247.91885,235.1038,10.0,4.0,0
494.28674,200.0,9.719766,0.00061213085,41.687702,53.438023,333.30963,317.62335,4.0,1.0,0
283.5935,200.0,125.70229,0.019475583,45.87746,59.92194,158.7407,56.519535,3.0,6.0,0
110.31202,200.0,140.69737,0.018394029,40.232624,39.873665,325.64505,41.668148,4.0,4.0,0
166.77112,200.0,62.548367,0.0018949093,42.103725,64.220055,189.23796,206.70157,5.0,2.0,0
138.87929,200.0,24.848963,0.03245241,8.920435,67.49235,179.95892,191.6452,15.0,3.0,0
211.36174,200.0,86.983215,0.0039166864,36.19879,50.981457,419.00354,42.954174,13.0,5.0,0
39.95041,200.0,104.08669,0.0052693044,38.12376,74.34023,292.9464,68.73437,5.0,2.0,0
111.26164,200.0,112.18759,0.004651155,51.208336,37.25037,264.9599,132.40067,10.0,1.0,0
196.4127,302.0,66.78402,0.0016895485,56.652306,53.872524,180.01306,127.689285,5.0,0.0,0
147.55902,200.0,110.68121,0.010260858,28.520922,61.621273,274.8754,157.0529,14.0,4.0,0
278.51553,200.0,84.3355,0.004954064,24.046928,61.231144,386.08862,76.757355,1.0,3.0,0
322.5494,200.0,137.69328,0.0024475208,34.16357,66.24293,427.73785,4.3105826,13.0,0.0,0
247.66016,200.0,62.475048,0.004585853,62.59652,57.461166,145.75214,36.447693,6.0,5.0,0
66.36995,200.0,108.02863,0.010868879,40.750294,52.408146,276.07523,174.1619,12.0,1.0,0
263.7708,200.0,127.54693,0.00089634344,39.140705,65.31203,327.93707,40.614017,23.0,1.0,0
120.10135,200.0,140.23102,0.010834374,65.1356,70.32296,286.93448,184.6078,12.0,2.0,0
1122.3706,200.0,185.25508,0.06891471,57.221695,69.82222,9131.82,9395.132,3.0,5.0,1
76.7115,200.0,122.69622,0.0079094,30.37611,58.412865,315.20688,223.27708,0.0,3.0,0
240.9276,200.0,53.297173,0.0256944,36.250652,18.965143,100.32255,168.92567,13.0,1.0,0
191.17136,200.0,114.195786,0.0025313348,36.042652,22.424664,315.75726,79.61254,20.0,5.0,0
7528.973,504.0,65.53347,0.29448786,70.700935,75.16994,6242.375,5184.824,16.0,2.0,1
160.15942,200.0,105.55379,0.0047471467,71.00929,67.13584,318.18927,271.9959,16.0,2.0,0
236.42108,200.0,38.685173,0.0020707678,47.42357,35.1207,87.99513,64.37335,5.0,0.0,0
253.15092,200.0,80.744675,0.0069645736,54.024097,49.701317,70.88826,40.810272,1.0,3.0,0
338.0975,200.0,100.64381,0.0035009657,47.68908,63.078285,227.51013,196.50172,4.0,1.0,0
444.11423,200.0,115.67439,0.0015851593,14.439099,49.62885,239.25655,136.50226,21.0,2.0,0
215.69876,200.0,50.635715,0.005615607,47.70728,85.053085,373.69904,180.54991,0.0,4.0,0
174.68744,200.0,63.04841,0.011794903,42.86722,40.614944,409.66907,229.36366,21.0,4.0,0
812.9948,200.0,114.54072,0.08893275,51.164413,75.906456,8941.899,8308.729,9.0,5.0,1
291.39667,200.0,109.10925,0.0020004406,51.52444,31.510506,379.67706,303.92407,16.0,3.0,0
225.5407,200.0,101.62256,0.003831411,48.055584,60.555923,244.98209,70.24869,16.0,6.0,0
9023.098,504.0,79.39113,0.2184337,75.776344,75.73414,8039.931,8645.034,16.0,1.0,1
186.7123,200.0,112.3286,0.007081776,29.550467,44.968185,286.4488,248.60953,16.0,0.0,0
185.23042,200.0,118.91092,0.03792288,45.16922,46.791397,362.37912,260.56415,18.0,1.0,0
271.2429,204.0,103.422226,0.009955227,37.425705,35.153477,204.14813,200.40367,2.0,1.0,0
7720.376,504.0,59.289997,0.22912511,56.47849,78.718315,206.57248,250.71614,21.0,4.0,1
85.39463,200.0,145.58997,0.00506881,57.18166,63.194603,191.29228,37.86516,1.0,2.0,0
517.0548,200.0,78.967316,0.0018925006,38.60827,52.181355,295.53177,247.4115,18.0,3.0,0
145.01562,200.0,55.855022,0.0003727687,54.24383,60.090878,447.94086,221.32524,10.0,3.0,0
33.30936,404.0,100.281715,0.014614519,39.020298,49.582195,394.44934,78.12694,0.0,5.0,0
2718.4917,504.0,74.52221,0.28121984,86.681816,95.53924,8220.193,9484.766,15.0,5.0,1
214.08939,200.0,110.05701,0.0051395143,1.681805,67.48997,291.72757,233.20314,0.0,0.0,0
355.16504,200.0,51.57932,0.001401053,34.36069,43.461983,233.8337,146.01808,22.0,1.0,0
161.48395,200.0,105.856155,0.00017655022,41.02096,61.79401,277.87808,223.40846,21.0,3.0,0
398.20416,200.0,37.982018,0.020430546,38.973045,64.905975,263.2978,82.85535,8.0,4.0,0
51.233475,200.0,59.29789,0.0020935303,71.24069,56.509888,476.30447,273.1992,1.0,3.0,0
150.52475,200.0,93.67082,0.0027733126,16.042496,63.24279,278.81396,143.74911,4.0,4.0,0
7411.1475,504.0,132.69269,0.18067048,87.633194,96.539055,8661.292,6491.272,17.0,1.0,1
188.51079,200.0,64.76941,0.020765452,46.681572,35.97146,233.81436,125.381386,15.0,5.0,0
143.82675,200.0,104.880196,0.0112856375,31.870071,46.719284,319.8961,213.51122,14.0,6.0,0
87.59428,200.0,80.63568,0.020617068,33.686943,55.43048,428.35956,153.19083,13.0,6.0,0
152.60121,200.0,163.97932,0.0060836608,39.81032,70.63008,303.80756,179.6013,23.0,2.0,0
196.71205,200.0,57.828156,0.000851154,49.709755,39.13777,407.22864,275.7289,18.0,6.0,0
172.00957,200.0,124.87349,0.0039210874,53.637882,32.523315,162.03316,213.32755,6.0,0.0,0
164.46132,200.0,96.674545,0.026652474,40.489174,60.346912,315.00317,148.65863,22.0,2.0,0
465.23068,200.0,87.76623,0.006174199,43.67128,61.16582,341.52103,192.04109,1.0,6.0,0
191.756,200.0,88.0936,0.01516059,21.40468,59.4691,192.50108,184.0198,0.0,2.0,0
109.500565,200.0,84.56339,0.019422159,27.341059,40.90719,186.1392,337.4864,20.0,1.0,0
92.71122,200.0,98.948746,0.00087870756,30.620329,83.94365,335.46652,194.20801,19.0,3.0,0
295.88745,200.0,121.73815,0.0021328384,27.94633,51.505768,51.19303,26.40238,1.0,3.0,0
236.98471,200.0,92.42741,0.013489528,17.361464,52.293797,110.050224,166.68579,17.0,5.0,0
261.2254,200.0,83.64266,0.012052088,43.145874,53.585632,334.0487,104.24899,14.0,2.0,0
170.25484,200.0,114.31344,0.008772426,58.783894,67.24999,163.03877,303.96823,3.0,1.0,0
193.31161,201.0,62.893204,0.0046772533,66.48873,43.940037,426.06882,146.47467,3.0,1.0,0
414.26178,200.0,96.431755,0.025559073,53.484146,68.65867,295.56958,119.9174,20.0,0.0,0
260.39514,200.0,141.03491,0.006805392,29.72945,6.3277106,216.31543,213.15836,10.0,0.0,0
143.05212,200.0,68.47374,0.010007864,44.29301,53.8251,150.22806,84.249664,9.0,3.0,0
123.85821,200.0,139.58676,0.003079953,51.34432,56.68671,399.00256,139.73299,8.0,5.0,0
144.51318,200.0,103.44205,0.0114080915,49.737823,42.764908,327.43088,133.20355,20.0,6.0,0
177.57501,200.0,91.411865,0.012060404,27.52341,46.88363,74.17571,108.96999,5.0,0.0,0
164.59523,302.0,90.14042,0.012035073,34.450237,43.805954,55.18114,61.808342,13.0,6.0,0
243.67929,500.0,90.0468,0.00033002687,44.120697,72.17018,351.20654,113.45665,7.0,5.0,0
90.23526,200.0,105.42894,0.005708957,42.127033,15.491206,264.4948,227.02834,3.0,4.0,0
149.6983,200.0,95.28992,0.027770756,19.733124,41.24833,143.73082,199.07358,21.0,3.0,0
181.17915,200.0,116.13953,0.011891562,58.963898,32.881733,124.68695,185.97528,23.0,0.0,0
441.87073,201.0,130.87376,0.013070101,32.943623,46.10764,112.72783,87.80877,10.0,4.0,0
156.61374,200.0,110.85085,0.02597091,51.142975,41.481373,248.23703,217.77399,9.0,3.0,0
247.77095,200.0,90.627594,0.013650018,42.725197,31.59567,192.73195,0.0,3.0,6.0,0
150.40462,200.0,84.09461,0.0009753628,35.494183,59.94262,127.34416,156.03821,13.0,4.0,0
223.16711,200.0,143.54971,0.007729058,41.33274,37.992096,245.9382,231.95287,3.0,5.0,0
218.23595,200.0,125.26473,0.01321002,52.81804,53.679756,210.30717,231.30106,15.0,5.0,0
168.6822,201.0,89.44452,0.0023341905,33.67119,38.161816,282.90445,246.38385,10.0,0.0,0
372.3356,200.0,116.17151,0.0039034768,19.223173,54.739853,356.5965,98.75375,18.0,5.0,0
94.364914,201.0,82.92688,0.0057500806,41.395527,32.988132,306.80124,94.3256,10.0,3.0,0
269.63455,200.0,100.35988,0.001143692,66.68058,39.219604,432.25607,286.0756,12.0,3.0,0
133.7641,200.0,118.01957,0.016236633,22.354218,57.93759,168.55934,163.12177,10.0,3.0,0
135.03156,200.0,79.99245,0.01495935,29.39658,52.067783,162.61293,60.71991,8.0,3.0,0
309.38693,200.0,36.561687,0.011367494,31.632706,46.983612,104.07939,186.96123,1.0,4.0,0
798.3845,200.0,191.13844,0.02414922,86.895996,98.6795,296.8626,292.39496,14.0,4.0,1
210.10962,200.0,78.11974,0.0028747418,33.444378,45.849804,72.15262,78.99173,1.0,6.0,0
213.21722,200.0,128.60355,0.000617922,47.062725,50.603523,351.31433,49.099636,6.0,6.0,0
159.75044,404.0,131.75403,0.019258978,62.314304,74.246346,333.7164,164.10698,16.0,5.0,0
34.653717,200.0,68.02761,0.015407746,54.89149,52.153587,176.47237,173.78337,20.0,6.0,0
190.68834,200.0,110.835464,0.009847579,51.244648,67.9248,328.90805,167.83131,18.0,6.0,0
101.18738,201.0,106.61187,0.005146572,37.99735,42.859016,377.79596,114.696304,5.0,3.0,0
375.139,301.0,85.459724,0.017041272,52.816723,67.56213,289.15613,164.89769,7.0,2.0,0
102.31728,200.0,142.11414,0.010940679,24.944948,27.877289,283.3657,74.06702,5.0,3.0,0
113.655426,200.0,105.18637,0.016555615,29.943167,76.094086,431.17444,211.09566,13.0,5.0,0
217.47583,200.0,93.24903,0.026234787,44.85602,46.45387,266.49277,75.949844,7.0,3.0,0
244.08118,200.0,52.758118,0.0021587578,50.44039,30.60187,178.9294,212.69197,4.0,5.0,0
152.35579,200.0,116.58436,0.00994526,41.637154,37.629818,224.25212,71.7587,15.0,4.0,0
208.95529,200.0,104.618866,0.003886084,28.856226,73.007774,240.36937,302.283,11.0,2.0,0
107.559135,200.0,125.22192,0.00043251415,25.727808,41.503727,297.98355,162.04427,20.0,2.0,0
217.42519,200.0,90.77026,0.0045696,58.86143,49.434193,381.85416,123.340866,17.0,2.0,0
202.33182,200.0,109.257706,0.011357418,36.718407,43.998936,241.21149,191.87755,4.0,0.0,0
245.75859,200.0,122.802284,0.0013501972,41.55257,40.63806,335.03152,253.83893,8.0,4.0,0
116.35317,200.0,125.53325,0.0051610605,36.650238,62.15755,210.65347,102.29629,8.0,0.0,0
243.88605,200.0,67.42701,0.020541532,31.807259,61.227413,216.03401,93.82421,19.0,4.0,0
233.91693,200.0,105.63527,0.0040898304,43.386776,44.930862,253.8066,214.25958,5.0,1.0,0
147.4506,200.0,90.706924,0.030389639,45.584507,23.179941,312.27353,0.0,5.0,4.0,0
198.82518,200.0,110.44053,0.005937438,8.113767,59.68875,202.23413,115.83581,12.0,1.0,0
186.18661,200.0,94.93934,0.006524662,31.797049,55.415226,212.33946,98.02811,3.0,0.0,0
252.53052,200.0,74.595436,0.003882272,51.413635,22.528685,214.2848,70.13463,0.0,6.0,0
266.22543,200.0,110.33435,0.0023522158,23.727463,27.27783,211.31894,277.60025,17.0,3.0,0
9816.274,504.0,113.2736,0.1748536,58.825344,42.99237,363.5829,159.94652,4.0,2.0,1
314.39905,200.0,131.67616,0.012638921,42.127274,52.451794,270.79904,213.23271,10.0,6.0,0
248.19347,200.0,126.14729,0.018229079,56.055164,48.184193,178.21355,169.68636,8.0,5.0,0
182.84207,200.0,62.757317,0.012931443,65.73617,54.73279,359.7442,102.44102,19.0,2.0,0
140.68013,200.0,127.831474,0.009497682,24.38229,50.034306,374.34756,0.0,22.0,5.0,0
1353.4269,200.0,167.02817,0.07116013,58.61288,64.18015,8534.505,8248.752,4.0,6.0,1
143.30086,200.0,49.421524,0.019663462,1.4179088,47.826538,461.11285,225.78392,10.0,6.0,0
186.68602,200.0,87.813515,0.045631725,44.370674,26.975435,409.5752,241.47119,16.0,6.0,0
115.471054,200.0,71.45042,0.009029585,66.05121,56.577797,219.28242,155.86162,9.0,5.0,0
722.1857,200.0,115.982124,0.043740604,93.30599,89.1807,418.52585,222.46942,11.0,2.0,1
180.01524,200.0,117.468254,0.034906935,66.15075,55.232727,287.30362,20.963322,5.0,3.0,0
173.07396,200.0,132.67964,0.0025274237,35.08659,43.820766,311.0763,150.96146,9.0,5.0,0
253.35704,200.0,123.19466,0.0011819815,69.18614,50.066025,503.13486,220.51389,14.0,6.0,0
396.1595,200.0,193.39816,0.040480435,80.92781,92.76198,313.62384,397.09216,14.0,1.0,1
167.75534,301.0,73.27854,0.004172994,49.040627,87.643196,140.1943,193.97667,20.0,2.0,0
399.19342,200.0,114.900566,0.0011932688,40.500557,36.07584,442.49063,188.6956,7.0,4.0,0
228.10916,200.0,22.430403,0.02637224,44.504505,72.1091,340.73776,265.38095,7.0,0.0,0
285.00137,200.0,62.216118,0.0019786353,34.83565,61.6425,204.70659,151.18541,9.0,1.0,0
152.48169,200.0,88.643715,0.0039333175,38.89095,35.28333,368.0861,224.1987,13.0,6.0,0
6871.178,502.0,131.8564,0.299729,43.588364,49.442577,327.5206,105.198875,5.0,6.0,1
99.22933,200.0,88.28079,0.0018643652,38.07822,50.306526,256.62845,169.14877,12.0,2.0,0
53.930042,200.0,78.34566,0.017702704,39.558083,51.839577,45.236744,171.23494,8.0,6.0,0
79.36031,301.0,113.49348,0.0013506748,34.890892,69.437675,260.8071,119.101395,15.0,6.0,0
230.62766,200.0,100.8831,0.0035568397,26.023712,55.285015,75.731766,147.4868,11.0,1.0,0
396.23053,200.0,99.11587,0.015396353,46.581802,36.820393,186.85002,192.25673,18.0,1.0,0
386.2096,400.0,62.081776,0.013567949,46.833893,12.104344,391.16348,106.64397,11.0,1.0,0
109.83387,404.0,93.67464,0.002578097,0.0,54.802284,279.65195,259.4539,17.0,3.0,0
260.80383,200.0,136.0302,0.0041846745,29.185358,36.594013,208.63716,113.831,15.0,1.0,0
154.69945,200.0,149.01611,0.017566826,68.62684,62.800274,276.53018,156.60686,7.0,5.0,0
200.89537,200.0,98.98631,0.0038294524,39.26557,52.18661,318.0041,149.31474,14.0,3.0,0
158.2448,200.0,57.413754,0.002731518,41.43303,45.102486,285.0078,245.42027,14.0,0.0,0
237.38377,404.0,148.11896,0.00058180816,24.140514,60.729557,141.68575,82.61569,15.0,2.0,0
407.29733,200.0,153.26764,0.0074264514,58.4093,24.389893,193.06639,106.07683,0.0,5.0,0
198.62094,200.0,37.4098,0.010436464,38.705227,35.717735,276.97437,270.42136,22.0,0.0,0
131.4142,200.0,98.267426,0.0051367055,47.775936,62.512955,184.02666,199.67159,17.0,2.0,0
126.549286,200.0,39.07611,0.00035866443,30.732944,62.919262,272.66687,91.18962,14.0,5.0,0
117.783195,200.0,151.12389,0.008515255,49.222755,24.008156,155.2347,127.469864,5.0,2.0,0
115.46255,301.0,90.412704,0.00047884736,29.631998,38.534885,0.0,160.38525,1.0,0.0,0
152.17964,200.0,132.89444,0.005368683,42.185898,32.328865,162.39139,133.14561,2.0,0.0,0
82.45841,200.0,130.76878,0.00067159435,46.753628,27.001472,155.14888,93.42904,21.0,0.0,0
133.92825,200.0,99.8072,0.02215954,41.266144,59.683956,346.63208,143.23152,13.0,3.0,0
181.55925,200.0,115.16558,0.019430092,53.86823,54.00233,419.64816,150.4653,9.0,1.0,0
98.76575,200.0,99.43541,0.0076268315,0.0,52.86192,125.55087,130.96516,15.0,3.0,0
314.478,200.0,82.647514,0.00405921,57.261196,65.12832,292.06967,131.88876,11.0,5.0,0
433.0092,200.0,108.36711,0.0046619275,69.43231,70.17922,89.65692,261.24222,23.0,0.0,0
314.8158,200.0,126.64133,0.0067275707,56.474575,60.78154,334.94025,215.44438,4.0,0.0,0
119.98324,200.0,114.610275,0.02745413,43.80227,37.31957,82.17201,0.0,0.0,6.0,0
130.14304,200.0,102.87937,0.00391135,55.200172,10.431259,293.1749,120.42602,5.0,3.0,0
32.12897,200.0,109.63728,0.03684276,42.385292,22.779682,373.26477,65.8476,1.0,6.0,0
108.68726,201.0,151.97783,0.004311945,39.265194,63.95251,102.33692,103.53538,8.0,2.0,0
708.91266,200.0,123.83772,0.051446676,52.37302,62.9842,8542.399,9194.827,11.0,2.0,1
250.57834,301.0,133.3978,0.0031986816,45.74028,49.204525,201.3458,96.566444,3.0,2.0,0
189.4011,200.0,105.18512,0.009680222,43.43789,51.693882,190.19086,106.30564,9.0,5.0,0
98.22347,200.0,111.81811,0.0006417331,41.36055,50.262524,343.2627,93.23194,3.0,5.0,0
253.44907,301.0,129.02834,0.0026612103,44.730022,39.844265,345.27805,130.04318,13.0,6.0,0
131.82983,200.0,78.99939,0.0044576125,25.489868,52.364647,246.53961,111.86396,4.0,4.0,0
305.4345,200.0,116.64073,0.00237489,55.474644,46.957474,307.33966,143.6467,5.0,5.0,0
230.2972,500.0,75.439995,0.0051823715,21.568554,32.66389,277.89835,220.8838,15.0,3.0,0
194.49529,200.0,85.02689,0.00059029093,40.09153,48.91229,240.3781,114.94655,23.0,4.0,0
332.40002,200.0,95.54036,0.0003735723,30.030445,51.23856,336.81866,226.83952,3.0,4.0,0
237.66281,200.0,115.32526,0.024768068,21.465408,68.15814,321.94687,164.76672,5.0,5.0,0
5531.7993,503.0,130.00427,0.294375,61.990223,66.85063,226.9064,230.03773,22.0,3.0,1
123.61023,200.0,127.1892,0.022777896,54.15507,36.134235,267.13187,149.86057,20.0,3.0,0
413.10806,200.0,81.52056,0.00036832097,36.36785,60.02746,90.39616,238.9523,18.0,3.0,0
163.36105,200.0,73.82979,0.0029943988,61.964603,56.79827,152.5815,142.87595,8.0,5.0,0
214.547,200.0,78.90379,0.008476721,72.85582,40.770725,187.75752,0.0,4.0,4.0,0
207.38861,301.0,119.468216,0.061390582,65.50758,55.737076,256.72058,160.52121,21.0,0.0,0
143.02515,201.0,103.683876,0.008641295,59.820637,49.906223,304.9802,153.79944,1.0,6.0,0
93.35538,201.0,145.5698,0.00068769796,60.85916,25.702496,261.19608,136.83995,7.0,4.0,0
71.62538,200.0,101.11375,0.0023517383,29.896511,13.493868,250.4895,212.2811,7.0,6.0,0
177.99197,200.0,59.90737,0.015687976,43.23774,57.019276,276.4553,96.28271,0.0,4.0,0
159.84247,200.0,99.90872,0.003388049,45.779316,16.196972,292.94934,172.65482,5.0,1.0,0
99.13433,200.0,132.5129,0.0035327757,50.85818,45.055386,398.97186,82.01062,10.0,1.0,0
236.60387,500.0,86.572685,0.022087222,49.689117,41.971348,279.6169,153.69667,21.0,6.0,0
163.25298,200.0,161.68903,0.014215873,34.98142,87.20102,418.89706,176.54645,15.0,3.0,0
105.070206,200.0,47.190086,0.012211742,21.336348,34.251724,338.78735,308.75082,6.0,5.0,0
127.16665,200.0,123.38302,0.017403297,55.63183,34.42693,370.25345,108.43199,19.0,0.0,0
203.75412,200.0,95.63585,0.0037860705,26.125324,56.042366,359.9626,114.306786,19.0,0.0,0
175.06335,201.0,97.15948,0.0035187122,52.28848,55.349277,439.691,192.6383,8.0,3.0,0
262.63132,200.0,85.61096,0.017386766,22.348793,42.934254,294.87408,13.769929,11.0,1.0,0
333.2915,201.0,51.91228,0.004416123,27.300339,60.150967,274.83475,131.29271,17.0,2.0,0
85.338005,200.0,113.84379,0.0045673153,49.868946,48.73591,338.11856,164.22485,16.0,1.0,0
165.90498,200.0,112.82931,0.011487789,13.552146,34.45768,220.60385,268.81183,12.0,2.0,0
161.04587,200.0,146.75082,0.0006723682,59.434566,37.50472,267.4216,257.73755,8.0,4.0,0
117.62139,200.0,102.90272,0.06488326,4.041553,46.650383,212.60223,135.21646,5.0,4.0,0
323.6421,200.0,92.13379,0.013305678,15.397206,19.993036,276.59552,191.9114,21.0,3.0,0
117.123695,200.0,72.1246,0.010398988,67.58123,23.00318,242.00356,46.523674,21.0,1.0,0
160.11115,200.0,124.69034,0.015228795,25.485172,35.724167,196.42029,186.42117,18.0,3.0,0
125.1579,200.0,79.72359,0.020997126,36.036533,21.109228,166.978,250.81929,11.0,5.0,0
122.27482,200.0,124.19432,0.0037522712,33.829094,45.462082,252.47623,179.78589,11.0,0.0,0
260.92368,301.0,79.2521,0.016170675,34.652153,25.331654,196.32407,108.57911,16.0,5.0,0
325.7003,200.0,131.68074,0.005854522,43.078487,47.666,136.08029,129.0248,7.0,3.0,0
132.96361,200.0,80.1615,2.0570695e-05,39.26734,60.675957,281.32727,51.364643,0.0,5.0,0
254.29279,200.0,138.58853,0.0018349292,47.217766,63.583347,272.26566,195.05751,2.0,1.0,0
514.0614,200.0,150.51204,0.013095521,80.8122,88.04201,451.76746,348.9822,4.0,4.0,1
185.62401,200.0,121.46242,0.0019393298,69.268814,35.482273,213.66592,168.35791,5.0,1.0,0
153.1701,200.0,111.96812,0.01649119,60.143303,74.71126,343.05746,140.3046,11.0,1.0,0
302.04904,200.0,123.03,0.0022239175,61.14479,46.318333,128.2577,115.19248,11.0,5.0,0
152.48717,200.0,113.94556,0.0003288843,70.891556,71.57417,346.92065,217.96947,1.0,0.0,0
104.97067,200.0,148.65477,0.017618313,32.51545,72.00089,253.82684,152.65363,7.0,0.0,0
172.85712,200.0,162.24768,0.0063799755,61.304905,50.99038,213.86081,287.04208,21.0,1.0,0
120.21896,200.0,95.96029,0.04862897,17.091991,52.36756,291.00314,233.23264,7.0,6.0,0
275.9293,200.0,70.116005,0.012589307,53.09273,43.35702,210.29391,289.11755,19.0,1.0,0
122.532974,200.0,120.26529,0.0012235676,35.050533,20.151634,337.2488,307.3841,0.0,4.0,0
63.569355,200.0,88.46216,0.0089969905,33.459038,50.674976,212.97137,197.55106,22.0,2.0,0
127.39061,200.0,107.15688,0.0010038511,38.801205,43.392864,466.20578,78.8723,9.0,1.0,0
250.739,200.0,82.04559,6.415097e-05,15.153542,21.466785,222.42438,128.84718,6.0,6.0,0
190.50005,200.0,64.70625,0.034275424,52.787655,45.404,261.5528,0.0,16.0,6.0,0
126.99971,200.0,85.86391,0.017236859,49.15993,57.385975,70.92935,119.329926,20.0,0.0,0
164.27327,200.0,58.08722,0.017987972,41.441936,43.617393,160.81082,240.6144,5.0,6.0,0
195.2469,200.0,82.46903,0.004032243,40.46046,29.214838,361.08447,148.52113,10.0,5.0,0
356.97186,200.0,95.07924,0.002839829,79.121445,46.367855,73.20031,247.94156,3.0,4.0,0
147.65121,200.0,72.26461,0.021471292,31.043236,47.068966,152.66592,176.20369,8.0,0.0,0
444.15277,200.0,124.50535,0.038525864,31.126677,37.62872,140.24399,121.41256,5.0,0.0,0
251.59225,200.0,97.13401,0.01202619,49.839993,65.49854,381.4811,50.053967,17.0,4.0,0
4987.8447,503.0,95.055336,0.10781042,86.031975,80.57207,9910.85,8393.242,3.0,2.0,1
392.23724,200.0,73.32676,0.018119218,11.602955,42.90384,264.0272,237.60025,0.0,5.0,0
154.7184,200.0,87.4222,0.011995756,35.86748,44.141895,323.38614,234.49136,19.0,1.0,0
135.67284,200.0,158.70712,0.014271849,71.18048,49.025723,240.24849,298.37927,0.0,2.0,0
103.45268,200.0,114.740555,0.00084844296,40.843876,62.19777,270.58298,99.43197,10.0,4.0,0
247.50128,200.0,127.02527,0.017149476,56.087044,48.612743,358.64392,146.85652,22.0,5.0,0
182.27429,200.0,123.72042,0.00046810118,57.312313,39.38042,324.89178,203.8699,12.0,2.0,0
117.79216,200.0,75.48209,0.0026246703,63.996845,23.38064,128.24799,139.50003,10.0,3.0,0
226.08505,200.0,129.89296,0.0019974813,35.970997,65.7827,182.84363,210.57181,11.0,0.0,0
403.36002,200.0,83.13103,0.011894494,48.60437,56.127563,331.6196,143.27367,3.0,0.0,0
160.75221,200.0,47.12582,0.023062011,61.112816,45.417324,162.9548,208.589,7.0,0.0,0
131.00049,200.0,130.25108,0.017766887,35.908302,84.32518,269.54602,93.63616,0.0,1.0,0
307.44537,200.0,104.590164,0.0021067176,45.538494,63.75945,171.88812,221.2,17.0,2.0,0
187.22217,200.0,101.29251,0.035033744,24.556658,39.94356,471.10123,112.160545,22.0,2.0,0
62.552906,200.0,108.634315,0.00200901,37.91699,54.52496,105.200615,73.020226,4.0,1.0,0
117.31687,200.0,103.45877,0.0188013,28.521717,57.85081,335.82538,208.16063,21.0,3.0,0
29.142147,200.0,96.03754,0.01967717,47.98197,61.924652,209.67401,0.0,8.0,2.0,0
336.85144,200.0,85.14027,0.0034944573,55.42744,61.626644,261.47757,144.19571,20.0,1.0,0
157.96696,200.0,117.52691,0.00312848,18.596966,52.830345,346.5051,208.82805,4.0,1.0,0
164.10197,200.0,60.32904,0.004873637,28.790083,42.657932,140.15974,72.42128,16.0,2.0,0
212.74324,200.0,121.71639,0.009382611,68.71794,16.258156,271.9554,210.3845,19.0,2.0,0
318.4016,200.0,144.37384,0.01009755,33.279427,85.688576,276.08298,261.72205,3.0,6.0,0
210.52972,200.0,89.77541,0.004642358,43.0776,30.623367,96.00737,117.46748,14.0,3.0,0
57.43213,200.0,65.522484,0.0070406534,19.886429,60.14544,135.20763,81.326485,9.0,3.0,0
241.10336,200.0,123.19798,0.010755195,78.1735,63.973335,265.96893,116.45939,23.0,0.0,0
354.40588,200.0,118.770744,0.002557062,50.338852,22.169746,292.3377,56.85962,11.0,3.0,0
630.5295,200.0,131.36418,0.002898426,50.289177,69.61313,304.65244,161.66412,6.0,6.0,0
76.29777,200.0,110.271255,0.00513555,30.140831,31.84582,300.00467,144.84015,20.0,2.0,0
215.0528,200.0,83.63296,0.0094754,31.681929,58.711308,330.88635,127.73257,19.0,6.0,0
178.46133,200.0,75.44847,0.011281379,31.913446,66.05059,455.38937,213.96811,3.0,0.0,0
219.97368,200.0,52.99606,0.022742778,27.89975,63.406483,264.76883,158.3109,4.0,3.0,0
194.99901,200.0,97.51337,0.008956906,30.068867,34.722713,33.81513,137.81458,13.0,0.0,0
161.45299,301.0,110.42796,0.0016209151,46.57766,44.48556,292.34882,153.81276,18.0,1.0,0
285.63992,200.0,145.05815,0.0264141,40.357834,32.925663,300.30344,132.14987,12.0,6.0,0
84.7791,200.0,118.56108,0.03688996,54.884216,64.84948,324.87402,267.01175,18.0,2.0,0
274.53394,200.0,103.72545,0.00054805726,35.00627,48.98239,347.22772,66.96712,22.0,4.0,0
265.85846,200.0,90.86526,0.0018906059,34.939808,32.651833,261.91193,156.00052,6.0,5.0,0
147.13731,200.0,63.349857,0.023839893,67.02322,68.79675,121.78154,47.363792,2.0,6.0,0
133.72034,200.0,87.91982,0.0013664978,68.94724,56.549496,230.26343,210.30815,14.0,2.0,0
153.86057,200.0,98.54939,0.010826575,32.389606,52.293163,295.06793,117.93944,23.0,2.0,0
352.04263,200.0,63.592304,0.005609938,14.06907,46.28884,365.70776,83.52879,8.0,6.0,0
144.3142,200.0,56.323116,0.0015913015,31.83056,51.29835,223.37714,100.97209,10.0,4.0,0
195.24808,200.0,120.34347,0.0032811186,28.891546,47.781097,330.21075,232.0682,13.0,6.0,0
180.63914,404.0,167.40619,0.006069425,34.761597,63.072983,166.20787,242.94264,23.0,4.0,0
159.88933,200.0,123.07875,0.0078685945,26.608643,94.00178,195.66856,0.0,3.0,2.0,0
273.61847,200.0,84.862,0.0012447217,0.0,34.13507,69.54171,157.11745,16.0,0.0,0
229.3075,200.0,128.93307,0.012308269,37.626648,62.794617,168.2063,150.30818,19.0,3.0,0
276.3768,200.0,104.94764,0.0051924395,63.655285,52.29785,209.07727,54.858383,14.0,3.0,0
382.33472,200.0,128.69252,0.004273068,29.49199,40.926285,389.91696,147.01643,22.0,6.0,0
161.94908,200.0,121.114784,0.002917967,33.371563,63.03103,283.18445,106.536575,7.0,2.0,0
350.7348,200.0,95.08787,0.0016012084,66.216995,66.36286,227.74915,195.8146,10.0,1.0,0
293.7584,200.0,173.88622,0.005571848,35.393055,48.40682,129.28831,166.16768,20.0,5.0,0
337.41815,200.0,79.05897,0.009938568,13.181234,50.397984,212.23149,178.36429,23.0,0.0,0
88.972496,200.0,68.424736,0.004616655,51.475643,35.9887,262.895,184.96022,3.0,4.0,0
45.78923,200.0,72.15441,0.05882309,37.25187,61.067593,236.15466,134.27245,16.0,1.0,0
169.61456,200.0,45.583527,0.0034597088,52.198593,38.81885,160.21834,270.7773,10.0,0.0,0
256.00702,200.0,106.98966,0.016588062,31.939585,41.291363,306.464,243.68968,9.0,3.0,0
143.97693,200.0,97.52832,0.006503566,40.443993,56.112232,151.49101,338.62305,3.0,1.0,0
431.53018,200.0,107.66976,0.030693747,27.854813,49.688526,0.0,257.76825,4.0,5.0,0
155.916,200.0,120.49387,0.00481003,25.45654,66.97421,175.85953,305.512,4.0,3.0,0
120.17428,200.0,87.000336,0.004893449,40.468746,28.635653,278.12494,53.02362,15.0,1.0,0
123.2538,200.0,91.66538,0.030349478,56.312454,52.228764,333.041,163.26195,20.0,6.0,0
537.216,200.0,153.96503,0.013861207,90.05815,92.10795,353.24762,378.34653,7.0,1.0,1
412.57693,200.0,148.25662,0.01696976,60.185883,25.884745,157.38501,5.880835,10.0,3.0,0
122.801056,200.0,89.76689,0.037458498,44.47985,55.235027,451.1699,35.78716,6.0,0.0,0
168.65219,200.0,89.57185,0.022552598,61.206112,31.681137,281.83112,0.0,17.0,2.0,0
187.7249,200.0,102.66734,0.017650109,56.17204,34.26275,124.64076,103.77303,3.0,4.0,0
388.94617,200.0,141.62495,0.038941365,74.77361,47.707165,162.82661,141.14261,13.0,5.0,0
90.49929,200.0,90.95472,0.0029100163,42.7389,61.90663,332.77164,165.28029,14.0,2.0,0
157.8267,201.0,121.36109,0.0332331,44.2091,50.64765,326.01636,152.60059,19.0,2.0,0
355.0086,200.0,123.13528,0.016759148,10.997056,45.188194,328.87674,146.39398,12.0,4.0,0
256.49127,200.0,107.02706,0.006464024,23.44095,59.424126,103.2567,46.041924,18.0,6.0,0
529.72046,200.0,83.077415,0.019518947,83.583725,86.348595,426.68076,176.3402,14.0,5.0,1
80.50577,201.0,114.12663,0.00095955376,70.51535,48.14389,230.55434,68.467896,3.0,3.0,0
130.72443,200.0,94.62444,0.046142623,55.27813,55.222054,287.20386,248.53871,12.0,4.0,0
190.31035,200.0,105.43971,0.016357997,47.140236,59.197147,277.76996,199.527,13.0,3.0,0
230.55412,201.0,155.02002,0.0034262545,1.2813555,44.1752,339.8394,156.8672,15.0,4.0,0
245.58153,200.0,99.64297,0.0018523418,40.460304,41.9626,239.38165,124.88589,21.0,3.0,0
217.25824,200.0,91.48759,0.036668234,27.471354,29.197084,417.03564,37.16529,16.0,0.0,0
161.27713,200.0,119.85657,0.008330109,63.019085,69.178635,164.35573,183.21675,20.0,3.0,0
145.22716,200.0,119.88664,0.03021094,52.726284,37.65401,397.78708,129.13483,9.0,4.0,0
389.61966,200.0,126.8529,0.0025562656,36.76593,65.52442,89.09211,167.4468,9.0,1.0,0
169.18127,200.0,82.43676,0.024052858,17.627424,54.34018,232.2029,87.852615,6.0,0.0,0
157.8977,200.0,137.83319,0.014915909,16.537283,43.39809,241.55719,167.75198,11.0,3.0,0
371.93457,200.0,79.4339,0.01779328,43.6486,9.182727,480.0613,188.80614,4.0,2.0,0
198.22258,200.0,106.3801,0.0013709816,16.225555,31.821756,377.53467,120.230385,13.0,1.0,0
185.72922,200.0,123.31939,0.009441595,62.67415,57.547344,94.896385,235.04897,23.0,3.0,0
158.46477,404.0,76.18882,8.1229744e-05,15.097117,51.829502,211.7047,137.92165,8.0,2.0,0
137.69382,200.0,99.35971,0.0011669898,52.508873,43.443153,234.47342,315.521,5.0,3.0,0
208.65111,201.0,89.31489,0.0018994969,56.496407,75.95541,141.96465,338.40665,15.0,0.0,0
154.24313,200.0,88.84042,0.0059221787,55.089268,44.581856,248.65987,232.65215,22.0,4.0,0
192.11353,200.0,139.90773,0.022490816,35.28717,54.269276,366.03033,122.878654,12.0,0.0,0
157.18066,200.0,71.610664,0.004127048,44.69362,50.304855,260.37515,237.01675,0.0,4.0,0
255.61446,302.0,75.496185,0.014863971,54.348103,29.745129,426.96103,341.83255,3.0,3.0,0
135.04488,200.0,139.72833,0.007985379,21.344868,34.00892,214.66077,113.17379,4.0,3.0,0
118.91609,200.0,36.818684,0.0020284653,16.136328,34.90328,353.73538,0.0,6.0,5.0,0
123.53902,200.0,144.80713,0.012254112,14.05502,46.31439,249.24617,221.20044,7.0,5.0,0
241.33653,200.0,145.42433,0.0080565065,61.891212,48.42842,252.57498,252.65398,15.0,3.0,0
9477.842,502.0,78.0245,0.115983754,65.50439,71.21853,386.8277,138.22166,17.0,0.0,1
223.20598,200.0,132.32011,3.7653244e-05,33.95894,58.213238,191.49475,92.281746,13.0,2.0,0
193.77826,200.0,69.00745,0.0045263125,33.55171,53.54264,307.1231,181.12686,19.0,3.0,0
118.37925,200.0,64.35292,0.022147426,78.67109,61.644592,181.91238,59.54594,7.0,4.0,0
246.51944,400.0,109.65611,0.008342366,54.958294,48.31379,194.10515,46.69317,1.0,6.0,0
226.16461,200.0,66.550316,0.00223711,44.442635,56.86655,359.9771,194.74254,4.0,6.0,0
591.9691,200.0,99.52785,0.0092074135,44.841747,59.840443,268.25558,138.36435,16.0,3.0,0
222.76347,200.0,92.52608,0.0034501713,47.028507,48.628185,274.21573,64.05168,21.0,0.0,0
219.55002,200.0,122.40227,0.0010196505,31.533556,48.433075,103.29152,316.23218,17.0,3.0,0
3817.2354,200.0,115.96911,0.29499468,75.781555,90.57999,9147.416,9520.285,18.0,5.0,1
178.63849,200.0,147.85109,0.017388625,36.41857,51.043365,390.52283,139.20679,16.0,2.0,0
280.66248,200.0,85.42792,0.0094545055,44.484,50.519875,148.18338,157.63382,11.0,3.0,0
6868.556,503.0,124.443504,0.123440936,70.316025,77.234566,7913.2856,6217.2764,1.0,0.0,1
226.85522,200.0,105.49717,0.00081169757,49.01071,18.444168,341.97412,138.88303,2.0,4.0,0
346.00568,200.0,36.61335,0.0023307586,39.94043,34.23016,397.42752,112.85099,17.0,5.0,0
242.97864,200.0,81.18681,0.0096066715,64.46736,55.45691,392.71594,109.89662,15.0,3.0,0
162.28064,200.0,49.117516,0.0719652,28.590425,39.906685,378.707,212.84918,14.0,0.0,0
171.38203,200.0,135.26462,0.00087061577,34.040127,91.13025,234.42278,108.744255,2.0,4.0,0
253.86531,200.0,57.555416,0.014024825,30.583424,36.515114,130.3641,186.37344,2.0,4.0,0
380.72052,200.0,58.228878,0.0069271917,43.060516,58.28971,293.88422,65.896774,10.0,3.0,0
67.68846,200.0,156.71149,0.018268686,29.532846,64.57693,217.15411,73.087875,4.0,4.0,0
114.55754,200.0,147.29375,0.0076222885,30.382362,48.509354,243.67357,191.37135,12.0,5.0,0
145.89362,200.0,85.449036,0.022069314,16.788593,44.489426,118.10638,165.28407,3.0,3.0,0
123.03338,400.0,106.11037,0.01267242,49.427746,50.026215,307.3973,261.62985,14.0,4.0,0
107.96871,200.0,102.26494,0.0062993756,19.618895,54.06608,111.695404,332.29,6.0,5.0,0
58.934784,200.0,77.988106,0.014376889,16.420008,62.380985,174.12523,184.34274,4.0,0.0,0
82.83345,200.0,118.96238,0.010093978,33.95562,65.714806,422.70758,203.66385,6.0,6.0,0
172.5952,200.0,98.53482,0.024664205,40.775803,53.794315,208.64214,237.90614,16.0,1.0,0
167.41994,200.0,115.617004,0.009299673,62.065434,51.807915,251.85849,206.92403,14.0,1.0,0
292.57327,200.0,101.909256,0.06575852,40.68697,78.37518,269.30585,120.7749,23.0,5.0,0
167.99901,200.0,95.47775,0.01148523,32.06209,66.030014,166.03249,171.3268,1.0,5.0,0
389.22928,200.0,198.92561,0.016376046,96.699135,87.303116,315.42633,243.3505,23.0,1.0,1
120.502205,200.0,138.5216,0.013157142,42.23695,66.13728,182.68054,209.87274,8.0,2.0,0
122.39044,200.0,85.32749,0.0029272966,25.891779,37.67088,304.13974,134.5844,14.0,0.0,0
72.110756,201.0,102.59377,0.006152341,43.543446,49.550297,239.62381,168.54297,22.0,5.0,0
158.4866,201.0,67.36694,0.026014104,44.379642,43.468872,118.016914,269.73682,5.0,0.0,0
161.58394,200.0,102.24377,0.026223747,42.993248,44.98196,183.08109,19.65537,23.0,1.0,0
195.18837,200.0,81.06645,0.016812587,40.2773,47.5017,287.56958,59.09679,4.0,6.0,0
322.5326,200.0,71.44663,0.012634907,55.36751,56.851948,271.3267,175.59486,23.0,2.0,0
137.44376,200.0,106.04559,0.011339401,51.296867,57.499287,132.5722,163.24571,8.0,0.0,0
140.19284,200.0,92.155945,0.0017542375,49.28889,57.027454,135.51842,182.3984,18.0,3.0,0
282.42987,200.0,56.46726,0.02141083,24.44986,31.889944,229.65236,263.26566,9.0,1.0,0
134.92303,200.0,134.591,0.04115153,65.42502,14.471724,223.18689,271.44504,11.0,2.0,0
220.53125,200.0,114.23664,0.0065095327,41.931705,54.38457,139.1605,188.42278,4.0,2.0,0
132.77747,200.0,67.970634,0.01217816,43.056416,68.56924,324.34195,285.96982,18.0,4.0,0
157.52176,200.0,112.265625,0.013264931,19.217262,63.01254,208.46739,173.74731,7.0,5.0,0
510.73746,200.0,122.34882,0.008142495,30.013494,34.791286,45.76311,158.854,18.0,0.0,0
164.25441,200.0,110.244255,0.011858132,27.157593,50.810818,201.98494,140.80623,21.0,5.0,0
143.02777,301.0,105.69739,0.006554892,65.20806,68.30911,175.7168,113.90658,11.0,3.0,0
196.63214,200.0,97.93435,0.012303369,34.248264,57.052406,311.33206,171.00197,23.0,4.0,0
7485.746,503.0,62.606014,0.26659206,31.7194,77.57257,386.18973,287.51364,14.0,0.0,1
159.43365,200.0,144.82588,0.0061338223,66.33142,32.51069,286.30756,87.48128,3.0,6.0,0
68.41163,200.0,120.024864,0.011700525,37.60556,43.936737,282.00275,124.961174,18.0,3.0,0
101.10648,204.0,88.4942,0.007464077,52.514946,52.357952,67.92576,18.760345,10.0,2.0,0
162.32245,200.0,84.830315,0.0052611404,38.721996,79.85276,89.283905,122.86987,5.0,0.0,0
83.5601,200.0,65.39489,0.035902157,92.4267,51.918213,313.3711,35.10513,20.0,6.0,0
2101.34,500.0,129.75665,0.21061909,39.551838,68.586235,334.2567,182.24182,8.0,2.0,1
214.91058,200.0,105.85586,0.028959628,67.33297,55.49875,205.72769,245.95497,6.0,5.0,0
5357.1855,503.0,127.30441,0.100706086,97.08238,82.28209,6317.196,5920.0576,8.0,0.0,1
407.49295,200.0,60.529274,0.0085799005,34.094807,79.594795,281.3038,168.96292,21.0,5.0,0
309.09772,200.0,61.897457,0.002205644,50.04488,20.69429,471.20853,322.0532,4.0,0.0,0
96.84495,204.0,120.92643,0.0031385187,22.585514,54.150322,253.17868,0.0,17.0,3.0,0
225.39198,200.0,54.313007,0.002725779,23.400126,55.74422,386.57574,168.16335,15.0,0.0,0
171.28369,200.0,152.23816,0.027458731,45.90622,69.30033,117.69468,75.55296,11.0,0.0,0
322.43564,200.0,99.34498,0.0058262036,62.133656,36.693676,243.39694,251.73401,7.0,2.0,0
53.94207,200.0,116.265366,0.005350192,33.691795,70.49522,545.53314,187.83827,18.0,5.0,0
282.28644,200.0,121.84551,0.017339585,24.29531,51.046703,371.4848,197.70439,19.0,2.0,0
159.08215,200.0,79.65566,0.019588385,49.703533,71.28883,135.1984,132.9917,0.0,6.0,0
249.62321,302.0,55.809807,0.0020233374,64.95809,54.604927,242.75464,183.40118,10.0,5.0,0
159.46208,200.0,86.44049,0.01703891,44.058678,62.07514,397.46277,45.551212,1.0,3.0,0
307.44156,200.0,141.88083,0.0024553344,38.110268,55.052547,330.3978,217.6765,16.0,0.0,0
203.17612,200.0,94.9535,0.026680687,48.225155,49.728542,181.99791,281.77557,4.0,5.0,0
178.29994,200.0,85.43639,0.0042262264,61.049805,28.050602,254.70164,251.33475,0.0,2.0,0
407.92703,200.0,120.83787,0.00094436656,42.441006,34.080383,239.59909,204.84276,12.0,5.0,0
247.89366,200.0,69.00353,0.002425176,39.645836,31.764723,114.34834,211.33685,18.0,3.0,0
115.28396,200.0,113.80292,0.023349132,51.56837,57.63181,334.92828,221.16573,12.0,5.0,0
135.81319,500.0,137.89981,0.015667105,41.152363,15.155417,322.70346,109.8508,12.0,1.0,0
237.63162,200.0,117.38528,0.005004951,53.076035,47.14264,216.52345,339.2954,6.0,6.0,0
169.07573,200.0,90.03467,0.010496306,59.928135,53.39906,175.22493,97.55705,0.0,3.0,0
206.91127,200.0,160.34473,0.008906126,50.883503,52.461273,269.42905,54.890972,15.0,4.0,0
102.66034,200.0,111.37744,0.0041929893,36.513447,55.132492,263.24152,91.85828,3.0,3.0,0
322.57352,200.0,117.305626,0.0004898511,50.844894,51.717068,205.80753,31.556719,22.0,1.0,0
191.87228,200.0,148.48532,0.05659704,47.759792,80.575935,344.01163,176.38794,11.0,5.0,0
155.71579,200.0,127.51416,0.006053459,46.795242,65.71841,232.1882,143.09792,2.0,2.0,0
127.44145,200.0,129.67934,0.008903956,50.4424,54.76495,185.3063,291.7434,11.0,6.0,0
270.91516,200.0,90.50437,0.0021396095,79.50595,44.72098,226.169,156.85333,16.0,3.0,0
129.66797,200.0,105.83653,0.00094936957,45.294273,47.912716,272.0837,174.08466,11.0,4.0,0
4847.231,504.0,55.135605,0.24061733,56.220024,76.47428,336.1841,155.10062,23.0,2.0,1
99.63358,201.0,103.15487,0.007465837,22.645296,53.89388,115.97825,55.2648,9.0,0.0,0
184.03558,200.0,84.05123,0.008313014,49.18804,52.093395,278.79666,226.3476,9.0,5.0,0
145.44073,200.0,101.64928,0.04703677,37.327534,71.675644,218.04564,192.94603,2.0,3.0,0
726.7147,200.0,120.246635,0.012838455,94.85725,98.171265,423.00992,240.10713,17.0,3.0,1
123.38874,200.0,101.44491,0.003376043,36.811775,49.259483,306.5752,296.6127,10.0,3.0,0
274.60025,200.0,110.644,0.0011676672,44.686974,68.22949,270.5561,202.33098,11.0,3.0,0
136.0153,200.0,112.923225,0.02024114,27.030806,76.05679,61.92184,221.45547,8.0,5.0,0
330.07834,200.0,96.138725,0.0048152227,36.293427,56.02373,392.98105,191.59033,0.0,3.0,0
292.77533,200.0,98.701805,0.009525518,56.037373,62.295338,203.85889,88.91191,11.0,3.0,0
251.74023,200.0,172.03331,0.0026106434,69.04955,27.48297,303.88824,170.96503,20.0,2.0,0
131.23976,200.0,94.42065,0.004980318,44.02187,35.549793,193.60248,190.02649,5.0,0.0,0
255.54195,200.0,119.88261,0.010267193,33.086693,24.160294,313.5411,147.99777,15.0,6.0,0
126.38493,302.0,134.67847,0.019356798,53.57097,52.40511,265.48947,154.91722,11.0,5.0,0
87.25375,200.0,104.16852,0.024201998,18.207167,53.162632,339.64566,145.39902,19.0,0.0,0
99.56224,200.0,102.229385,0.0065398156,56.217445,33.659523,208.22856,47.718075,11.0,2.0,0
177.49042,200.0,118.62452,0.014417407,49.467567,62.04262,128.9804,205.74681,6.0,5.0,0
309.9324,200.0,123.614845,0.013361141,47.865505,59.25161,257.2661,348.57672,7.0,2.0,0
200.26761,200.0,113.75417,0.004041362,37.340122,34.540653,395.8402,164.96707,8.0,0.0,0
5246.3,502.0,65.07393,0.14326473,55.17137,61.091343,335.92935,248.98415,14.0,2.0,1
299.46182,301.0,62.337475,0.010088567,42.828815,47.916492,260.48383,131.34761,8.0,5.0,0
115.87692,200.0,104.00268,0.0013296386,26.885109,73.91031,436.43335,125.78664,3.0,0.0,0
379.38025,200.0,141.63132,0.0075585796,70.93933,34.990326,302.28024,121.1303,9.0,4.0,0
310.3688,200.0,54.774097,0.003507003,72.913925,55.402428,139.27213,187.10739,16.0,0.0,0
114.95755,200.0,103.40806,0.00763549,26.18464,70.28079,235.39407,224.44269,12.0,5.0,0
208.52257,500.0,88.005684,0.018472146,62.374245,81.35757,216.3727,196.9538,11.0,1.0,0
258.746,200.0,23.101307,0.01742637,43.998142,54.941433,237.13004,250.65765,1.0,4.0,0
225.58946,200.0,65.96885,0.0061360244,41.8034,49.614845,294.64243,122.19437,6.0,0.0,0
142.03561,200.0,125.30651,0.002649359,41.968704,59.968422,154.03967,217.03523,14.0,3.0,0
128.4189,200.0,81.388565,0.012081557,39.10191,30.898764,121.584,123.20051,0.0,0.0,0
216.73338,200.0,42.832794,0.00022591738,29.15985,26.402126,395.06644,207.00511,6.0,2.0,0
136.32977,200.0,100.721085,0.0035979836,38.67073,46.8968,230.9815,168.54115,17.0,5.0,0
223.87799,200.0,89.86284,0.0048033576,62.69645,63.740635,30.067295,200.37993,14.0,0.0,0
260.7925,200.0,101.98825,0.0020270126,64.203384,46.66079,259.852,180.98912,11.0,5.0,0
409.25876,200.0,101.86571,0.049472515,80.30734,91.509995,420.57755,378.8643,19.0,3.0,1
171.2073,200.0,83.00609,0.0034589614,34.088905,56.37005,316.0497,64.56475,17.0,3.0,0
261.01453,200.0,67.87509,0.045586053,28.365822,66.07996,140.47197,229.59224,0.0,4.0,0
207.39537,200.0,12.188205,0.007654506,39.100574,34.29847,301.8321,95.91194,20.0,1.0,0
328.92157,200.0,109.15627,0.014240145,32.399868,66.2948,86.385826,205.94035,21.0,6.0,0
187.28546,200.0,143.44353,0.028146183,39.696228,34.246113,324.65005,121.20943,10.0,4.0,0
101.5118,200.0,113.2948,0.0024651051,57.77174,43.13049,261.15436,102.50919,2.0,4.0,0
183.20306,200.0,86.78394,0.0059978557,44.97425,36.086994,342.3927,183.94995,22.0,0.0,0
117.5154,200.0,89.47819,0.011294577,38.1552,66.70966,127.58696,240.66098,13.0,1.0,0
233.45964,200.0,93.07703,0.0033651146,23.9037,29.649076,152.4047,249.19647,3.0,4.0,0
141.8016,200.0,81.64894,0.0025949623,56.251865,60.30983,47.827393,323.95245,11.0,3.0,0
260.2341,200.0,119.521454,0.008302583,43.097492,40.510796,294.54736,46.91685,14.0,1.0,0
232.02023,200.0,96.1117,0.0059990413,35.83157,54.36673,166.15323,109.27116,22.0,6.0,0
225.20473,200.0,97.86742,0.0096169785,29.472153,15.446033,333.95795,102.17873,9.0,5.0,0
248.81401,200.0,112.45886,0.0054393946,42.313217,33.35297,171.2791,210.59886,21.0,2.0,0
220.24411,200.0,84.045334,0.008379538,42.284554,66.826744,292.0758,122.933754,10.0,3.0,0
204.36627,200.0,109.86956,0.003802017,53.179943,72.87352,274.5327,232.14642,1.0,4.0,0
70.6419,404.0,90.04201,0.03882086,22.566065,49.01256,216.8695,138.17075,16.0,4.0,0
120.65469,200.0,68.61568,0.027378194,35.946735,43.11847,129.1592,173.61588,22.0,6.0,0
242.54286,200.0,155.75229,0.0007818099,51.106277,42.606747,76.39771,95.820625,12.0,6.0,0
459.38535,200.0,79.56619,0.0047929534,35.820026,50.161427,294.47583,100.755295,14.0,1.0,0
296.6851,200.0,127.003006,0.0004291912,49.358784,68.13886,481.0502,237.8639,8.0,3.0,0
323.11743,200.0,48.182217,0.0008366593,54.084084,39.02985,422.27646,153.43764,23.0,2.0,0
280.9165,200.0,92.90975,0.000785167,30.480635,31.631668,414.10352,115.62932,21.0,0.0,0
99.99455,200.0,104.07481,0.009462052,53.48829,43.560627,268.7583,185.25458,11.0,6.0,0
90.04541,200.0,53.91761,0.0019407184,40.305157,44.13934,361.90414,174.83354,8.0,0.0,0
137.96034,200.0,45.076817,0.006555553,20.116852,39.585186,205.70659,232.62152,19.0,4.0,0
170.72224,200.0,113.38513,0.009545551,60.920235,48.66018,470.10593,145.54114,17.0,0.0,0
742.6228,200.0,137.1883,0.09095243,60.665302,71.230545,9612.959,8074.267,21.0,4.0,1
313.27756,200.0,115.75603,0.018881664,24.976023,49.864872,275.6866,47.678364,6.0,4.0,0
158.81557,200.0,101.518326,0.009514098,34.563797,44.302788,304.58652,95.591,12.0,1.0,0
253.5391,200.0,98.434074,0.0013307282,29.729645,46.746647,277.49072,151.29996,14.0,4.0,0
90.98986,200.0,126.42632,0.0033593366,25.042233,57.850914,218.75829,161.27737,2.0,0.0,0
189.2328,200.0,86.751114,0.019330926,28.867222,59.054146,340.2228,158.94601,16.0,0.0,0
181.22699,200.0,103.569595,0.0073524686,51.521225,50.545895,502.41022,37.303272,1.0,1.0,0
274.96036,200.0,88.84984,0.0023430702,34.611526,47.080956,128.9581,146.06653,14.0,5.0,0
322.85788,200.0,70.25309,0.00035908932,48.648376,55.758324,243.62366,158.22284,2.0,1.0,0
155.39864,200.0,101.4082,0.013985841,48.33894,59.556313,284.9623,92.2504,22.0,5.0,0
189.7304,200.0,111.80742,8.0907754e-05,44.637943,26.228163,132.00374,8.703057,20.0,5.0,0
454.9298,200.0,69.76394,0.007049051,48.318287,57.58123,280.00552,173.2218,4.0,0.0,0
384.24924,200.0,83.1568,0.0058165444,34.48543,47.248013,247.46837,183.30838,7.0,6.0,0
207.60559,200.0,106.979805,0.0011605611,51.129215,45.134033,303.2112,0.0,0.0,1.0,0
163.6067,200.0,105.78352,0.00032248217,67.7312,60.32403,234.18364,116.84809,6.0,5.0,0
361.16156,200.0,116.508026,0.0079829,32.024704,58.32759,107.96199,116.3041,18.0,6.0,0
306.26266,200.0,61.488483,0.0021361522,20.059385,84.1897,362.08594,138.07697,1.0,4.0,0
206.09987,200.0,110.29684,0.015038148,50.545647,29.73805,197.98561,15.148677,9.0,2.0,0
44.562527,200.0,123.31487,0.008068499,28.064404,71.31857,273.12143,183.33397,6.0,0.0,0
56.716465,200.0,149.34344,0.0035194121,56.295116,42.448997,250.42404,0.0,3.0,6.0,0
284.7144,200.0,80.82262,0.0023867874,23.854141,49.687187,427.95984,119.560776,6.0,5.0,0
213.4579,200.0,140.09644,0.024216503,46.908356,65.78527,178.53596,148.33835,18.0,2.0,0
125.94601,200.0,115.08398,0.0104205655,11.95487,73.02076,242.96841,63.575306,13.0,5.0,0
490.6657,200.0,92.61177,0.008455989,36.645042,54.70943,295.2464,220.33932,23.0,3.0,0
118.75607,200.0,75.34261,0.014644043,39.529083,75.07493,201.07077,98.26011,16.0,0.0,0
303.297,200.0,61.56531,0.00015568455,53.952145,49.544483,389.68396,92.958755,21.0,3.0,0
149.64345,200.0,120.9003,0.0012374204,36.861725,31.200516,160.0083,193.57947,14.0,3.0,0
259.47137,400.0,103.552734,0.0009291442,33.26224,27.910841,207.09848,144.46451,11.0,1.0,0
254.74539,200.0,67.41132,0.005127023,28.792439,48.182602,349.66473,212.48322,14.0,1.0,0
177.63998,201.0,94.81516,0.004091941,0.21630451,26.671911,304.25723,157.62283,4.0,1.0,0
138.60378,200.0,120.8706,0.0003336184,23.186916,37.19096,235.65736,157.30672,13.0,5.0,0
360.31497,200.0,95.82135,0.00037777988,50.741627,44.55704,310.7769,300.4011,13.0,4.0,0
93.88398,200.0,104.856125,0.0045719254,42.715984,69.71531,223.1394,274.81784,22.0,4.0,0
217.14163,200.0,93.94966,0.023682328,33.98774,39.13878,416.32385,29.546772,15.0,6.0,0
238.44736,200.0,121.92992,0.008458071,25.841776,21.935894,46.811314,139.99246,9.0,5.0,0
382.0253,200.0,119.13658,0.0036686168,37.00509,70.0081,184.08957,131.08731,8.0,4.0,0
123.60371,200.0,104.012276,0.010074555,17.44681,49.831306,252.77353,109.815926,11.0,4.0,0
176.43477,200.0,126.35119,0.0015981079,40.178307,62.836884,272.47293,49.894512,4.0,2.0,0
209.93164,200.0,123.47785,0.0036102692,19.129894,63.34512,267.78995,185.4469,23.0,0.0,0
210.6994,200.0,93.87635,0.0055067204,38.99627,55.091934,228.25912,250.43233,18.0,1.0,0
213.35397,200.0,100.57214,0.043815296,41.03916,57.65877,236.46666,75.95141,22.0,3.0,0
158.75525,200.0,85.924866,0.0023472295,38.975136,38.301506,289.3956,141.52904,0.0,3.0,0
60.132492,200.0,77.9144,0.01672612,41.75828,34.959305,202.80032,207.16423,2.0,4.0,0
270.8388,200.0,88.4682,0.062108073,30.794588,29.546917,208.57098,197.7625,23.0,4.0,0
376.47623,200.0,149.19838,0.004575083,24.730528,60.51006,343.15894,150.42198,22.0,3.0,0
149.31746,200.0,66.32015,0.0042451313,67.26571,69.95283,100.37369,132.30428,15.0,5.0,0
173.42427,302.0,52.548965,0.0023676197,42.221867,43.127316,216.10135,203.96169,6.0,3.0,0
488.87854,400.0,86.97435,0.006099533,55.231518,42.39947,148.8324,207.04861,11.0,1.0,0
291.49448,200.0,110.11724,0.003695983,1.4795911,46.786095,171.04237,92.177475,14.0,3.0,0
154.93372,200.0,101.01235,0.020787086,28.074026,65.05077,92.67255,250.52588,13.0,1.0,0
278.32507,200.0,132.15521,0.0060612727,39.56723,73.47001,160.08041,168.7508,20.0,0.0,0
154.64215,200.0,126.42193,0.0043413183,39.172337,40.675053,351.1776,308.35886,18.0,2.0,0
241.91893,200.0,75.37991,0.008133651,48.10224,55.393803,216.05789,78.336655,3.0,3.0,0
112.76737,200.0,90.93134,0.016831294,40.478218,40.675163,176.09845,229.16924,4.0,5.0,0
381.98297,200.0,77.662285,0.010529663,40.610157,21.345121,222.6162,153.48045,23.0,3.0,0
179.30518,200.0,97.66778,0.0068268743,40.85168,36.86616,118.791214,126.28359,22.0,0.0,0
334.56537,200.0,66.6073,0.0038332057,44.69055,49.896854,274.21844,163.51114,6.0,5.0,0
89.633514,200.0,103.161545,0.0047140713,27.75191,76.62346,322.92548,192.39897,4.0,5.0,0
255.78766,200.0,54.769573,0.01523043,33.32955,86.616554,283.47455,99.138,21.0,1.0,0
146.28683,200.0,109.984215,0.0025804657,50.106922,29.351767,271.8968,199.97997,21.0,1.0,0
2401.0813,503.0,71.51064,0.19995022,32.992558,69.35619,326.62057,177.32161,0.0,5.0,1
132.68825,200.0,90.15559,0.0074507077,34.73136,25.598448,251.33383,60.47829,9.0,6.0,0
147.33118,200.0,55.162663,0.022921633,40.766632,34.466095,175.86546,42.648075,1.0,3.0,0
365.81787,400.0,85.060074,0.020284027,49.64288,43.60679,406.40536,9.704001,18.0,0.0,0
206.72092,200.0,57.82142,0.010137926,63.13327,36.043907,355.7491,5.571612,3.0,3.0,0
346.58737,200.0,117.96748,0.027792567,10.232505,45.98055,151.477,169.18097,3.0,3.0,0
144.7655,200.0,87.4536,0.05198044,40.26737,56.397694,268.32913,53.46809,10.0,0.0,0
167.77217,200.0,139.87767,0.004160217,33.72433,64.348145,292.4796,228.73613,23.0,4.0,0
236.59288,301.0,137.29765,0.018597107,46.14983,37.5833,410.04785,152.66731,15.0,4.0,0
179.13487,302.0,80.564545,0.004317204,38.944775,69.54245,212.8612,171.33562,1.0,6.0,0
133.4055,200.0,105.772545,0.020978998,39.57437,48.646515,250.6772,200.19406,10.0,6.0,0
277.20303,200.0,113.03275,0.009232108,44.314415,22.959322,257.06226,72.66566,5.0,0.0,0
294.66473,500.0,127.276566,0.0051404983,21.418575,36.80529,322.77628,0.0,15.0,4.0,0
107.597855,200.0,81.79396,0.007971886,62.678978,35.12408,218.28783,155.29414,9.0,6.0,0
5089.5474,500.0,52.066853,0.17326723,34.70926,78.467,344.8108,121.27438,17.0,5.0,1
373.0819,200.0,70.34682,0.0034766977,30.259691,46.938133,376.24887,100.142876,2.0,2.0,0
1464.9706,200.0,178.31862,0.06297014,55.2685,60.676056,9674.64,8298.976,23.0,0.0,1
208.82495,200.0,111.658646,0.02830555,43.98035,51.107334,203.51472,286.44214,17.0,5.0,0
201.14937,200.0,120.42659,0.0028963007,18.842112,58.151707,271.5034,138.24263,4.0,4.0,0
513.80475,200.0,52.555737,0.0056424607,40.798904,56.025276,349.96786,0.0,0.0,3.0,0
125.24251,200.0,172.4755,0.000113742455,19.347073,39.508667,388.66803,88.48922,8.0,6.0,0
229.22205,400.0,79.21961,0.005028213,36.3396,52.218063,272.19894,24.142159,6.0,2.0,0
193.64757,200.0,120.1168,0.009344569,40.502853,24.838598,197.82721,128.76517,16.0,1.0,0
62.591053,200.0,114.25689,0.0040022284,48.934044,34.118206,101.24713,162.83144,0.0,1.0,0
163.11986,200.0,101.74485,0.0015660927,49.484444,57.000366,314.75452,103.317696,4.0,1.0,0
239.65494,200.0,97.97041,6.0242404e-05,77.98901,44.07405,345.2374,83.475296,21.0,5.0,0
170.43172,200.0,93.514496,0.000988583,49.004723,38.31613,306.72134,175.30287,21.0,4.0,0
52.231106,200.0,119.41012,0.01110242,57.48374,65.908035,286.33752,133.98697,20.0,1.0,0
145.59573,200.0,51.53749,0.011524277,31.900438,52.46069,279.0704,150.84686,23.0,0.0,0
361.79373,200.0,65.75899,0.009146262,36.440536,33.501007,373.77106,183.79784,2.0,3.0,0
326.22607,200.0,147.98177,0.019347882,74.29253,41.38241,191.79033,18.57188,15.0,5.0,0
214.66507,200.0,101.1102,0.005920178,29.74658,42.22326,377.47525,158.0003,10.0,5.0,0
156.57756,200.0,71.5106,0.0026447817,17.885925,21.741465,171.6875,156.25052,5.0,1.0,0
100.5039,200.0,111.80876,0.007172245,34.87466,80.744125,313.5784,139.91646,13.0,4.0,0
85.634834,200.0,68.40752,0.004819252,42.480534,51.18892,201.79662,116.56962,15.0,5.0,0
253.15652,200.0,86.98382,0.035537988,14.914291,55.09134,325.20078,282.3106,18.0,5.0,0
101.59845,200.0,124.35997,0.0037480094,34.1111,70.246056,47.439274,154.77147,11.0,0.0,0
272.57617,200.0,85.12282,0.006789168,30.91407,44.21438,103.13521,143.17088,9.0,5.0,0
291.91968,200.0,121.09603,0.0010753531,43.276157,63.231647,331.70755,244.81702,11.0,5.0,0
793.3416,200.0,138.645,0.038892187,83.56997,96.63895,289.04434,271.40863,2.0,5.0,1
248.04053,200.0,108.666855,0.010124784,40.769745,45.190567,207.079,80.529945,7.0,2.0,0
58.27565,200.0,87.34069,0.012133405,26.310429,35.944565,180.42262,203.91716,19.0,6.0,0
55.936226,200.0,127.312805,0.01002162,21.370049,34.412895,257.11533,79.880066,13.0,5.0,0
221.1955,201.0,41.8608,0.0021089315,27.358368,85.34879,180.14346,92.926476,4.0,3.0,0
251.1184,200.0,83.61846,0.0020554368,35.205833,46.687958,186.3124,179.29774,21.0,4.0,0
160.43584,200.0,80.33253,0.0007431072,42.86375,46.552567,238.74835,216.37016,1.0,2.0,0
156.11545,200.0,79.948975,0.00013540723,52.123142,41.651768,381.90137,311.9678,22.0,6.0,0
230.81892,200.0,76.904625,0.020650458,63.091053,78.317154,352.19977,107.344086,2.0,4.0,0
219.83266,200.0,67.90402,0.004887707,15.470271,68.93501,108.97458,130.75728,19.0,2.0,0
209.9924,200.0,81.794624,0.0023883022,62.973587,50.673927,580.6123,183.15715,18.0,6.0,0
171.21574,200.0,112.014565,0.011752464,13.28745,67.11651,216.89003,31.939154,20.0,1.0,0
6335.6274,500.0,60.741787,0.29428637,38.34393,66.495766,312.5445,293.54922,14.0,4.0,1
457.46027,200.0,103.3868,0.01746602,12.842928,38.362324,189.57443,39.75772,22.0,2.0,0
153.66898,200.0,97.56364,0.00013373111,37.488766,43.924244,340.98657,179.51353,8.0,2.0,0
173.749,200.0,40.7738,0.004469389,59.060158,60.51681,139.91444,44.107162,8.0,6.0,0
104.35747,200.0,69.91082,0.009488001,31.120333,100.0,189.11674,164.73068,11.0,0.0,0
210.37874,200.0,85.5773,0.011166328,30.339983,57.085823,332.03687,82.07111,16.0,1.0,0
126.65347,200.0,52.973488,0.015538145,50.92055,19.24177,224.17024,58.62247,6.0,4.0,0
141.53331,200.0,93.474014,0.007962684,43.912956,72.046196,173.345,44.273403,23.0,4.0,0
60.209843,200.0,65.05574,0.0039081033,39.450356,46.52052,228.71837,193.53754,12.0,2.0,0
234.96338,404.0,118.02182,0.010383444,66.56108,55.92271,196.96767,126.16745,8.0,3.0,0
142.92604,201.0,122.23467,0.041498955,44.829678,44.66486,211.71541,80.349144,4.0,5.0,0
225.38794,200.0,88.84863,0.008170806,31.66959,44.503498,226.97496,150.06093,14.0,5.0,0
292.7401,400.0,108.25992,0.009902945,42.332798,29.908918,261.56555,62.00661,5.0,5.0,0
9459.829,504.0,136.43256,0.25131586,77.81008,87.90058,9902.439,6135.422,21.0,5.0,1
505.08008,200.0,127.18907,0.043234795,63.874683,77.81351,9466.077,9292.428,21.0,0.0,1
167.28053,200.0,49.081116,0.020927208,29.067959,72.54242,307.38434,119.07038,15.0,2.0,0
168.64883,200.0,114.82005,0.008303912,57.587124,58.715504,367.81442,154.68918,22.0,6.0,0
277.01096,200.0,107.41741,0.0038987438,28.126215,49.673588,310.86993,1.9326336,19.0,2.0,0
183.53494,200.0,94.134224,0.0008666407,42.316803,63.480335,101.33879,12.317739,21.0,4.0,0
286.8905,200.0,104.200836,0.014122683,37.78906,45.61518,433.98724,98.7872,17.0,5.0,0
266.9191,200.0,138.30083,0.0029869766,30.282421,43.575092,225.18509,127.716095,22.0,3.0,0
228.89597,302.0,95.2274,0.0015857285,62.58207,55.774982,156.04733,165.05458,18.0,4.0,0
225.37088,201.0,178.33742,0.0102003,36.641983,58.139477,312.19586,283.18243,17.0,6.0,0
215.05382,400.0,37.368523,0.0122980345,55.20711,55.029438,201.42473,54.598778,7.0,3.0,0
100.26057,200.0,47.61719,0.016152276,37.59822,81.55849,381.4338,3.8497622,13.0,3.0,0
184.12851,200.0,73.12255,0.050629724,59.641495,62.03193,213.00052,62.38688,4.0,3.0,0
156.44084,200.0,134.79315,0.002671964,34.801247,50.710598,325.34857,95.78305,17.0,1.0,0
204.98494,200.0,158.23334,0.001246675,55.503788,49.471855,10.47775,186.04497,11.0,5.0,0
194.7958,200.0,88.03367,0.0030593723,45.698486,48.61452,263.93463,255.54532,19.0,6.0,0
83.00805,200.0,87.50612,0.009971151,17.394602,37.73451,257.64206,203.88283,6.0,3.0,0
323.8644,200.0,161.885,0.00027196246,25.441086,77.85503,230.4219,261.4884,4.0,6.0,0
86.6859,200.0,12.6352,0.010465959,43.481377,67.486404,92.336044,340.0758,15.0,6.0,0
113.61473,200.0,114.860435,0.012497574,48.652813,56.564167,224.29036,232.95258,10.0,3.0,0
111.801,200.0,114.56385,0.0036459952,26.393372,46.47989,193.33743,177.6681,5.0,4.0,0
86.38529,200.0,91.07607,0.002741743,34.737103,41.575226,204.20326,197.04333,21.0,6.0,0
88.66694,200.0,117.299484,0.012592239,29.664137,37.879303,184.28021,259.56488,3.0,6.0,0
135.2941,201.0,84.4835,0.0041510267,21.59637,41.627148,154.64458,81.39884,23.0,2.0,0
180.91736,200.0,29.426876,0.005359731,48.80867,74.45555,73.994095,150.78903,14.0,6.0,0
9739.293,504.0,84.9541,0.2239536,93.876884,81.90093,7265.308,8780.198,10.0,0.0,1
284.08127,200.0,77.87317,0.020078003,31.442648,40.25189,272.31973,79.15242,4.0,1.0,0
129.96591,200.0,34.934204,0.0027816263,53.029816,63.04193,254.49614,58.846214,19.0,3.0,0
32.822205,200.0,67.68607,0.000121691075,41.44671,55.795357,311.06064,180.96268,2.0,5.0,0
216.20573,200.0,132.79926,0.009088142,24.366089,50.73265,172.83047,177.35419,5.0,6.0,0
247.81328,200.0,45.557148,0.0058792853,50.448177,48.34953,231.79765,187.75822,3.0,2.0,0
258.1544,200.0,118.28668,0.0005805012,41.660404,55.042652,246.34412,148.29816,10.0,2.0,0
125.213715,404.0,78.7195,0.0010881705,31.565825,54.413937,287.145,258.26584,4.0,1.0,0
263.0666,200.0,55.747322,0.0011722274,41.33674,70.31585,217.51506,15.099771,22.0,4.0,0
328.69553,200.0,119.84299,0.013485266,46.85701,64.03305,118.03981,135.57742,18.0,0.0,0
581.97437,200.0,139.90881,0.069983855,68.447426,76.43793,9665.262,9709.092,2.0,2.0,1
186.47334,200.0,93.86792,0.005878539,62.549313,78.373085,106.26517,316.7129,22.0,4.0,0
298.86078,302.0,109.482346,0.0035692905,52.150978,59.13419,496.55515,168.11258,7.0,2.0,0
214.29576,200.0,59.909306,0.00741567,50.89194,73.427704,256.45163,214.16823,10.0,6.0,0
293.02182,200.0,108.356674,0.012677753,56.76939,66.30767,319.8286,0.0,15.0,0.0,0
132.34097,400.0,79.28416,0.00794378,40.825363,41.129704,388.5894,64.2708,5.0,6.0,0
190.46921,200.0,148.11609,0.00064543524,31.091965,63.750774,188.03503,189.72112,5.0,0.0,0
63.71467,200.0,120.262695,0.02611659,22.036913,71.20208,239.97417,3.8750875,6.0,3.0,0
208.66945,200.0,105.0114,0.015264647,37.021187,70.02181,458.52002,206.4469,17.0,1.0,0
202.74971,201.0,125.595,0.00993112,35.65317,38.89402,397.58997,16.715698,22.0,4.0,0
108.623764,200.0,135.28238,0.005762575,34.744476,55.089775,301.6717,211.81909,4.0,6.0,0
137.33263,200.0,140.36467,0.008427877,45.165276,63.072327,320.83545,126.749985,18.0,6.0,0
266.8917,200.0,105.527145,0.0028098566,23.345772,43.72876,241.66235,73.98906,22.0,2.0,0
200.82336,200.0,64.52626,0.0076756314,45.91787,58.849976,239.38934,120.3739,11.0,6.0,0
81.18971,200.0,61.383305,0.016709229,46.653248,36.055603,307.22565,152.3829,21.0,1.0,0
167.44722,200.0,107.20149,0.014295559,46.40723,30.30338,140.30885,270.78116,13.0,4.0,0
131.14362,201.0,98.89366,0.0050326306,23.508354,58.542446,219.61037,273.7402,11.0,3.0,0
190.63228,200.0,102.1999,0.0052088154,67.29286,57.646416,360.60678,334.06467,18.0,3.0,0
299.91196,200.0,109.40868,0.022431774,45.858612,43.762398,363.62482,267.13647,0.0,5.0,0
143.71225,200.0,88.44014,0.013189763,43.16238,57.998623,368.20245,248.31549,2.0,1.0,0
291.7288,200.0,95.46677,0.000807024,52.56419,49.345142,80.51069,0.0,16.0,3.0,0
460.66153,302.0,117.93639,0.0020397657,20.193707,49.93129,369.55063,111.27165,15.0,4.0,0
292.25275,200.0,200.05804,0.009885348,50.317738,40.54818,162.9874,246.69354,16.0,2.0,0
196.77597,200.0,50.793533,0.0076398035,43.87241,64.16725,164.71733,218.38951,1.0,0.0,0
187.56267,200.0,92.811165,0.019745696,70.1248,45.4178,137.16609,260.74207,6.0,0.0,0
220.05415,201.0,135.29655,0.0073389728,35.999374,78.5779,224.4832,113.559616,14.0,3.0,0
106.14804,200.0,119.571205,0.010517919,21.867418,57.256145,163.4858,151.674,17.0,0.0,0
201.36844,200.0,65.81378,0.00084990275,50.744827,56.69048,223.29561,175.59422,8.0,0.0,0
126.516205,200.0,62.57911,0.0032245724,54.93696,31.756685,173.60957,161.1201,14.0,4.0,0
87.25112,200.0,118.86427,0.016298315,44.139427,51.042725,376.3187,225.85292,5.0,2.0,0
133.51207,200.0,132.42899,0.00075307867,31.298414,42.23063,227.69289,184.91208,5.0,3.0,0
151.84584,200.0,135.26308,0.014343737,50.048805,29.710707,184.14526,196.8492,0.0,0.0,0
234.26343,200.0,126.44991,0.005670032,46.618732,48.82622,124.97788,113.66085,5.0,4.0,0
340.5598,200.0,122.242455,0.01696329,33.067295,35.15151,254.26381,223.49919,6.0,0.0,0
136.52472,200.0,91.64036,0.016273439,43.922127,47.352108,202.4299,3.4270508,22.0,5.0,0
247.40685,201.0,59.20963,0.003737079,46.438595,38.14868,273.7275,173.67409,19.0,5.0,0
74.04728,200.0,99.639755,0.034008127,0.0026555213,63.097927,64.95519,41.980736,3.0,0.0,0
342.40445,200.0,100.216515,0.0035823907,10.187582,35.46704,365.0008,108.16954,8.0,5.0,0
241.76726,200.0,124.4422,0.014021413,57.436985,38.90553,296.14075,214.99722,13.0,0.0,0
208.55316,201.0,73.63643,0.003814556,40.492176,61.595486,169.32248,167.22313,13.0,6.0,0
285.89987,200.0,90.46926,0.017371107,27.50775,71.68663,266.19284,355.51108,9.0,2.0,0
286.38037,200.0,70.27517,0.019778747,27.143532,23.615597,110.25692,262.59482,6.0,1.0,0
203.28938,201.0,126.52532,0.0031928713,39.672623,64.11332,192.5817,118.84117,17.0,3.0,0
161.64522,200.0,82.23809,0.001939111,49.194065,41.46809,261.04022,103.545494,6.0,3.0,0
361.66846,200.0,95.969215,0.012373051,56.54762,48.54007,229.47505,120.0751,10.0,2.0,0
176.6564,200.0,120.69548,0.001686291,43.661797,59.597088,197.31111,280.15546,17.0,4.0,0
159.0325,200.0,93.50135,0.027239164,32.11874,26.364067,547.34827,156.39041,23.0,2.0,0
162.36133,204.0,90.39157,0.040757716,25.818626,51.622387,202.38454,102.646416,0.0,6.0,0
124.914734,200.0,86.94044,0.004500199,46.130966,60.261497,243.61739,143.47456,7.0,5.0,0
49.938786,200.0,54.82198,0.0034243236,42.19185,56.1831,228.01514,217.8566,20.0,1.0,0
598.74176,302.0,25.096056,0.0035524815,46.154987,40.354248,165.28954,0.0,0.0,1.0,0
138.95659,200.0,137.13861,0.0033446224,33.924328,35.425907,0.0,212.74466,0.0,3.0,0
171.60207,200.0,78.41784,0.0148839345,49.674786,54.240993,209.44241,10.728228,1.0,0.0,0
236.3924,200.0,49.000607,0.0042545167,42.18662,51.645317,174.20732,182.30219,14.0,1.0,0
84.61543,200.0,123.907974,0.00078489585,23.125088,47.979027,370.3368,171.52785,10.0,1.0,0
164.20535,200.0,107.369896,0.0031514708,45.402973,24.490751,509.35025,153.56662,6.0,4.0,0
120.11418,200.0,52.08024,0.001453623,22.748371,60.218372,297.6985,171.5486,8.0,0.0,0
115.97917,200.0,102.44911,0.011094149,41.586746,60.399952,67.25297,326.73526,7.0,4.0,0
264.44394,200.0,145.18037,0.041627403,51.866154,30.579012,98.994644,55.542427,2.0,4.0,0
149.57823,200.0,78.22947,0.015698913,68.851074,49.68148,318.96445,184.09012,19.0,6.0,0
217.83815,200.0,67.45526,0.029800192,41.063877,23.329048,83.660095,134.46664,22.0,1.0,0
217.45714,200.0,19.65573,0.003936281,60.070484,10.4827175,146.4177,255.37271,23.0,0.0,0
116.994896,200.0,60.540443,0.009864363,17.634592,46.857307,227.63498,222.5014,17.0,0.0,0
250.74072,200.0,79.56971,0.013787477,32.250404,43.38512,335.5064,20.37474,8.0,2.0,0
117.811646,200.0,98.50379,0.0030774237,56.252243,49.05592,352.07666,119.12289,15.0,5.0,0
362.94968,200.0,102.739624,0.008081432,42.313656,36.564346,237.09378,154.26758,23.0,2.0,0
167.09386,200.0,120.547134,0.006934612,51.26488,58.328613,454.5966,62.517014,22.0,5.0,0
170.35242,200.0,119.96256,0.003971982,49.115868,48.3732,338.54364,319.65515,21.0,2.0,0
133.91151,200.0,112.86315,0.019046253,19.83948,48.35702,60.759193,151.74591,2.0,1.0,0
138.11642,200.0,76.92505,0.01535455,29.533728,60.254436,178.09415,80.28143,9.0,1.0,0
254.78333,200.0,114.69522,0.010161929,18.232355,43.36364,254.12659,176.21085,11.0,4.0,0
333.12228,201.0,106.81832,0.0026391712,35.986507,83.25467,324.4525,106.502,5.0,5.0,0
146.15579,200.0,130.64738,0.013632549,52.09046,66.2628,262.40747,11.842954,15.0,5.0,0
313.21185,200.0,137.60329,0.027391573,25.46196,43.296814,269.99448,65.43838,14.0,0.0,0
117.39873,200.0,93.078674,0.015126256,51.30137,49.390347,152.5789,27.984781,18.0,1.0,0
246.91461,200.0,102.471115,0.013680164,53.973736,77.39961,388.70184,180.58,21.0,6.0,0
3794.7812,200.0,67.21422,0.24764384,90.06708,90.67679,9520.698,6164.415,14.0,5.0,1
170.72693,200.0,84.36486,0.0003814163,15.222513,58.604015,238.6321,107.787415,3.0,0.0,0
5506.1455,500.0,145.0687,0.28400987,48.31885,74.8179,332.32864,114.4632,6.0,2.0,1
154.29094,200.0,92.87568,0.012478773,40.795116,37.757515,378.28595,129.29716,17.0,2.0,0
138.65471,200.0,113.22832,0.008227033,27.088612,49.62302,156.57454,194.52843,17.0,4.0,0
193.43271,200.0,33.727627,0.0025856856,29.244772,30.131569,380.65735,51.606724,4.0,5.0,0
242.24936,200.0,142.10858,0.0021805137,29.733902,48.714996,359.1708,199.76656,9.0,6.0,0
575.4466,200.0,84.95105,0.039002106,98.12081,94.91065,459.34317,202.97253,15.0,1.0,1
135.62619,200.0,61.005722,0.019161418,41.587322,62.873734,208.9751,147.55951,14.0,6.0,0
162.09291,200.0,67.142876,0.0035312048,45.38105,56.969128,132.01451,42.2847,8.0,2.0,0
306.2321,200.0,105.50836,0.0048533445,56.625027,71.25803,410.78073,190.72299,2.0,0.0,0
64.34345,200.0,116.74298,0.0012415993,26.638384,46.613747,433.2235,81.72717,3.0,5.0,0
137.40085,200.0,112.9733,0.035474647,57.52695,47.324253,196.73022,171.25435,16.0,6.0,0
73.72696,200.0,78.50624,0.008528495,35.898983,35.83771,318.99606,221.42804,12.0,3.0,0
324.32523,404.0,98.82058,0.015830655,22.311455,37.998226,243.32614,206.4397,7.0,2.0,0
258.45306,200.0,89.65114,0.03688619,26.880112,41.16391,318.69772,104.29916,17.0,3.0,0
211.90504,200.0,111.92568,0.016172633,42.694065,54.07329,143.23749,84.53982,4.0,5.0,0
184.11299,200.0,185.54224,0.0003183006,44.56953,58.999554,298.54874,30.92609,18.0,3.0,0
127.533844,200.0,128.37003,0.0057087853,40.802265,83.382355,146.88152,138.21991,13.0,6.0,0
101.65763,200.0,78.54611,0.006098435,49.342247,37.22975,214.69376,140.02217,0.0,2.0,0
77.94509,204.0,133.87248,0.0043691387,37.28418,20.343555,262.56097,152.84781,1.0,2.0,0
1235.5815,200.0,119.02721,0.02843962,58.04584,75.47889,9032.567,9646.113,0.0,4.0,1
84.86769,200.0,102.04292,0.005337178,54.0271,27.294538,188.70538,154.46701,3.0,3.0,0
144.68019,200.0,103.6559,0.0027607498,31.019707,39.05545,539.3315,135.0591,12.0,0.0,0
190.41798,200.0,127.87653,0.020724215,35.94194,69.496056,245.7367,124.69454,8.0,2.0,0
157.28366,200.0,44.205544,0.010792574,42.968044,33.099075,191.984,192.21616,19.0,4.0,0
188.99953,200.0,52.49532,0.027355356,72.75732,52.52994,357.58688,117.16123,3.0,6.0,0
198.13843,200.0,61.721004,0.018426865,36.583138,45.531887,300.60123,19.751116,17.0,1.0,0
150.16441,200.0,98.821945,0.0099443635,45.17594,37.943954,48.517582,126.28887,4.0,0.0,0
156.5917,200.0,109.41529,0.0034803166,72.620285,59.134335,154.53072,197.57088,3.0,5.0,0
188.2483,200.0,71.64199,0.0032373788,29.98243,36.857132,362.59915,134.04114,18.0,1.0,0
162.51408,200.0,120.3504,0.007222412,47.59929,59.970505,345.2953,173.48914,2.0,4.0,0
204.31165,200.0,99.9242,0.01521419,56.48393,60.71264,290.3524,187.22719,3.0,5.0,0
147.89839,201.0,91.91768,0.009562569,52.984947,52.07759,142.04669,224.4049,14.0,6.0,0
180.48929,200.0,120.45741,0.017779473,38.212128,49.393078,382.65164,131.21686,11.0,2.0,0
190.54294,200.0,86.35534,0.02438548,37.308186,46.53344,265.4283,89.01229,23.0,5.0,0
799.9657,200.0,123.81124,0.04100144,81.54487,91.24859,383.76614,226.18298,18.0,2.0,1
112.769196,200.0,122.37797,0.043569528,53.9536,73.11419,610.5591,162.6244,2.0,5.0,0
182.8369,200.0,133.96208,0.0007659632,30.017424,48.53465,183.31998,74.427635,3.0,1.0,0
144.98119,201.0,52.595333,0.0071038413,32.77631,47.452465,0.0,222.54199,4.0,6.0,0
96.302734,404.0,103.389755,0.0015956179,28.844856,56.375504,178.96149,98.93432,22.0,2.0,0
134.54312,200.0,83.99923,0.022241928,25.433964,52.523148,185.58238,135.38252,2.0,4.0,0
218.07167,200.0,99.83379,0.011711182,53.436245,61.287388,167.73232,134.14041,5.0,1.0,0
332.91208,200.0,129.67555,0.015961833,58.957153,53.06087,196.27255,160.80418,15.0,0.0,0
183.26953,200.0,127.336395,0.007575567,16.761513,52.164955,341.21317,40.174618,10.0,3.0,0
130.34067,200.0,125.48746,0.013610604,10.350672,59.437138,354.18146,237.36313,19.0,4.0,0
163.12361,200.0,49.603024,0.011873386,67.24997,52.739376,276.2352,0.0,16.0,0.0,0
173.88766,200.0,66.075874,0.004056075,26.339518,65.16397,327.77695,90.84796,8.0,1.0,0
197.01295,200.0,102.78946,0.008805788,37.138798,16.431864,185.53833,204.51141,3.0,4.0,0
113.34563,200.0,110.056244,0.0016978539,47.884953,53.126484,295.9108,123.84247,13.0,1.0,0
318.58252,200.0,104.274994,0.008368533,33.1668,75.15379,290.15036,105.30645,5.0,3.0,0
119.299446,200.0,83.88681,0.017344166,24.948587,55.934383,236.72263,149.66188,8.0,1.0,0
717.0266,200.0,187.5231,0.047265083,98.04053,94.97771,474.10397,321.84644,4.0,1.0,1
231.0957,404.0,94.72065,0.024401868,66.759766,37.37382,250.32678,13.381554,11.0,6.0,0
292.52692,200.0,118.06971,0.00045743314,32.624565,70.22898,416.13672,209.94226,19.0,1.0,0
164.20645,200.0,77.865005,0.004049733,21.546127,67.521675,256.04132,92.11366,17.0,3.0,0
6617.2783,500.0,112.00239,0.16304336,63.330944,70.90213,294.63907,231.1206,14.0,0.0,1
143.99135,200.0,118.95413,0.00078116765,33.07806,18.902103,157.96317,301.71893,22.0,1.0,0
112.86544,400.0,116.60469,0.015377007,62.95216,57.829094,92.31171,145.93683,20.0,1.0,0
398.53137,200.0,113.129005,0.008713342,46.414883,74.1767,306.04324,0.0,13.0,6.0,0
169.43744,200.0,122.4073,0.000133211,40.833103,52.351536,302.0209,191.7748,6.0,4.0,0
133.34917,200.0,94.136826,0.015631849,16.564213,39.570423,309.3413,290.57242,21.0,6.0,0
119.5945,200.0,68.05018,0.029966122,24.372961,54.57551,374.35,95.85951,6.0,2.0,0
278.31876,200.0,101.392876,0.012022959,37.801117,56.32885,418.98285,9.990705,22.0,2.0,0
424.27295,200.0,62.163754,0.004174745,5.8553696,64.66916,40.301445,210.12466,22.0,1.0,0
94.75918,200.0,79.91226,0.012933702,68.00517,48.059097,133.51196,179.02574,19.0,0.0,0
228.81557,201.0,86.31049,0.01229046,54.802338,34.720715,360.778,139.97748,12.0,5.0,0
243.84395,200.0,81.6586,0.006758987,43.117813,57.833332,319.50403,79.948044,3.0,2.0,0
229.50761,200.0,82.84523,0.0033047535,38.72897,39.33149,80.19835,64.54312,1.0,2.0,0
298.07602,301.0,108.0504,0.011700504,44.838837,55.914585,233.45464,262.21017,2.0,1.0,0
139.68663,302.0,65.36728,0.023375658,33.40917,46.466785,121.0137,56.71286,15.0,3.0,0
165.67725,200.0,86.35799,0.0002752571,42.69107,26.031326,456.04398,125.74623,16.0,1.0,0
96.10958,200.0,156.57674,0.014832837,45.641663,62.910606,256.50583,0.0,22.0,6.0,0
235.90074,200.0,124.47323,0.00783395,69.1542,82.38008,439.12894,312.9291,14.0,5.0,0
227.37549,200.0,88.39757,0.0028949014,32.589127,77.378624,132.04254,62.427315,11.0,3.0,0
145.05824,200.0,110.17545,0.010376256,26.121403,35.047718,214.24458,248.0608,10.0,1.0,0
357.81177,200.0,182.21397,0.011405351,88.93851,95.612976,377.32654,327.0024,23.0,2.0,1
265.2509,200.0,110.37446,0.0012523873,14.928384,57.870136,96.53557,257.1947,21.0,1.0,0
270.32547,200.0,132.03787,0.0050636726,19.938892,53.313923,265.06345,204.97511,8.0,3.0,0
203.39424,200.0,88.783775,0.02093485,42.893192,24.778856,269.5893,215.37015,18.0,1.0,0
231.57535,200.0,100.80715,0.0019643966,69.75862,61.59366,228.44202,86.491165,3.0,0.0,0
128.8546,200.0,84.25273,0.010480307,37.175117,40.228138,125.66557,215.27007,6.0,1.0,0
220.77295,200.0,107.58575,0.006384433,49.934914,46.599483,239.58514,66.51829,13.0,2.0,0
188.4773,400.0,79.41165,0.003716983,33.769188,38.677395,292.15607,87.90887,22.0,0.0,0
160.33511,200.0,82.90512,0.000787986,52.658417,37.14012,157.96333,34.537273,21.0,4.0,0
186.10887,200.0,106.64232,0.01767528,34.43505,63.1471,157.79982,62.307846,9.0,1.0,0
156.69797,204.0,70.42259,0.023416474,65.73271,62.42313,132.82054,60.24423,5.0,0.0,0
174.08788,404.0,94.264946,0.009016309,54.92237,55.893795,86.55352,96.40901,12.0,1.0,0
376.13657,200.0,129.762,0.01192905,87.19376,90.59327,485.42456,229.7834,6.0,1.0,1
255.13455,200.0,87.79808,0.009235904,25.48537,51.805023,290.1024,0.0,13.0,5.0,0
199.33563,200.0,80.21853,0.008230189,36.65481,38.616264,202.35674,163.37587,14.0,0.0,0
311.21527,200.0,58.331783,0.0050392784,44.873997,84.541916,200.34822,105.52964,1.0,4.0,0
772.9774,301.0,84.67805,0.009474625,64.62961,47.133263,238.01852,320.92752,2.0,3.0,0
127.59651,200.0,103.79892,0.001998144,37.743023,46.836594,346.90225,186.2344,3.0,6.0,0
359.15878,200.0,67.72997,0.005827521,34.285854,70.62689,267.84964,149.55629,11.0,5.0,0
216.77528,200.0,72.37303,0.005864379,19.223822,69.735565,147.0411,85.76687,5.0,6.0,0
134.7843,200.0,82.99875,0.007449219,57.47291,55.849903,246.2924,366.0868,22.0,3.0,0
212.84578,200.0,101.152664,0.00972484,20.033638,39.414112,130.60753,81.41331,9.0,1.0,0
250.91399,200.0,66.25807,0.020804249,47.652027,41.326965,335.34042,0.0,7.0,6.0,0
245.6264,200.0,103.54157,0.0020281319,49.615757,50.585583,281.4311,212.28525,14.0,2.0,0
254.56757,201.0,81.150986,0.019962251,38.844658,44.05361,217.19333,276.54498,4.0,0.0,0
182.23373,200.0,48.67576,0.008538637,7.6104984,50.45077,261.546,155.26753,21.0,4.0,0
113.43403,200.0,88.73066,0.0014394142,9.834694,47.094563,233.86833,106.934235,2.0,1.0,0
125.13801,200.0,134.78494,0.002356228,31.27065,55.042995,142.5778,92.05722,3.0,5.0,0
168.88474,200.0,109.42964,0.011645653,25.68308,42.82804,0.0,169.89494,19.0,5.0,0
108.78794,200.0,69.34049,0.0065610535,66.66818,51.509697,235.33658,78.54259,23.0,5.0,0
134.01587,200.0,148.19376,0.001555892,26.742834,48.841454,204.74748,287.2563,6.0,3.0,0
288.22745,404.0,125.2557,0.0009942616,38.704727,38.212723,376.74725,141.79688,15.0,6.0,0
183.60379,200.0,49.207813,0.006059515,40.326725,20.83087,94.9705,134.2905,12.0,3.0,0
8798.763,503.0,120.397125,0.1809233,86.756485,81.44603,6543.1133,8322.054,15.0,3.0,1
156.11554,200.0,98.4411,0.005765427,61.136402,64.07254,162.09708,184.43286,12.0,4.0,0
189.22133,200.0,106.391365,0.0026591492,41.443943,38.853428,233.17162,92.23595,3.0,2.0,0
157.37491,200.0,80.63439,0.008735197,29.768297,34.713455,109.74548,328.9816,0.0,0.0,0
211.27534,200.0,95.09029,0.00016385257,42.755096,38.79032,326.8624,178.8696,13.0,1.0,0
206.70775,200.0,77.38667,0.023046495,40.82852,42.643005,76.02297,83.68356,21.0,2.0,0
159.34245,200.0,76.28414,0.0019005768,28.99172,27.365147,193.33786,33.084457,1.0,0.0,0
359.07938,200.0,112.88049,0.0077540562,45.02001,42.93124,166.72675,286.91522,2.0,2.0,0
125.289276,200.0,35.46842,0.005316664,31.007854,55.822323,254.44115,232.20299,17.0,4.0,0
251.054,200.0,157.75386,0.014146439,33.843952,65.59147,259.73596,161.84985,11.0,0.0,0
352.28214,200.0,73.45097,0.004048125,42.150887,56.024708,349.45175,79.42453,19.0,0.0,0
193.63411,200.0,82.71431,0.0041297507,53.188484,39.95218,199.61421,105.513084,10.0,5.0,0
125.49474,200.0,78.43989,0.010107825,49.22181,53.107418,307.9625,199.32661,18.0,2.0,0
149.83557,200.0,79.00051,0.007998697,44.10915,41.339825,318.1381,77.41856,7.0,3.0,0
84.35514,200.0,154.08879,0.0129797645,37.13536,36.299156,305.15118,54.126945,0.0,6.0,0
220.39386,302.0,44.38802,0.013819698,42.13636,74.47316,166.3158,198.14362,7.0,6.0,0
121.33237,200.0,92.58651,0.004196637,43.916386,79.849174,128.78406,321.30704,17.0,2.0,0
227.70334,200.0,87.62455,0.018118907,56.610264,30.763327,433.26498,224.49431,12.0,5.0,0
292.33212,200.0,100.07512,0.009083045,47.095554,64.66833,40.49052,230.24811,16.0,2.0,0
112.46026,201.0,124.48779,0.009458435,25.307274,48.54184,320.26123,254.69388,5.0,6.0,0
279.83298,200.0,104.15217,0.030792058,47.14874,65.82857,309.6444,186.78728,8.0,2.0,0
87.91976,200.0,133.16016,0.0046801833,51.41667,45.02545,366.86517,49.026386,17.0,0.0,0
81.430664,302.0,110.158035,0.012372277,20.733076,40.21131,195.2151,85.26907,16.0,3.0,0
132.76477,400.0,73.38342,0.0050786864,36.899075,65.74473,327.66626,183.68736,21.0,6.0,0
116.40159,201.0,98.15663,0.003566144,43.657536,35.774364,331.19818,89.3267,13.0,1.0,0
303.2524,200.0,113.55112,0.026854584,47.965443,71.58494,333.6885,66.37193,11.0,6.0,0
1297.3997,200.0,155.34557,0.042895313,54.65481,78.03088,9044.615,8023.5405,19.0,5.0,1
315.1068,200.0,171.04137,0.01784892,53.03692,72.692856,237.24911,136.29942,6.0,6.0,0
809.49634,200.0,150.8072,0.086143,60.554756,61.237698,9360.868,8566.695,19.0,5.0,1
188.4014,200.0,82.388176,0.003322861,47.189484,55.26396,356.63895,235.98207,10.0,4.0,0
166.25545,204.0,95.53778,0.0015081365,43.917065,47.711346,231.81297,132.3879,2.0,3.0,0
327.43167,302.0,105.24575,0.016738951,26.613073,64.08193,105.832016,204.30916,6.0,1.0,0
223.37744,200.0,174.73746,0.019801999,16.831272,64.959785,229.36249,15.381861,9.0,4.0,0
405.36206,200.0,103.113045,0.0027548473,47.27816,51.020836,379.5375,284.66788,19.0,4.0,0
300.88904,200.0,112.2961,0.003368557,25.301886,44.910793,196.7471,185.54556,21.0,6.0,0
1480.5709,200.0,101.39847,0.064813524,55.319035,70.830696,8250.282,9551.277,14.0,0.0,1
188.20486,200.0,128.83075,0.0020436223,31.192064,66.49609,225.79744,81.720535,8.0,6.0,0
122.77404,200.0,159.17145,0.0039306926,66.27249,38.046673,217.5904,87.6301,20.0,4.0,0
312.5271,200.0,87.98808,0.0122008305,21.030888,29.853905,192.01242,219.1377,12.0,2.0,0
255.66913,200.0,111.50074,0.005947825,56.22293,77.22481,197.49036,224.89124,1.0,3.0,0
199.391,200.0,116.78641,0.04847949,35.108772,34.465763,214.85347,164.60551,7.0,1.0,0
311.65515,200.0,67.67979,0.0055430075,54.739803,52.29515,293.32327,178.50368,18.0,0.0,0
105.41897,204.0,80.20953,0.0023349372,22.327978,44.95365,401.59152,107.38284,23.0,4.0,0
181.00745,200.0,129.3568,0.0037476309,58.20513,31.990767,274.37708,134.76526,7.0,6.0,0
232.84145,200.0,147.10876,0.017201347,12.04771,35.97866,305.89255,0.0,21.0,4.0,0
65.41613,200.0,100.09554,0.010752294,50.122112,56.669037,350.7218,250.04013,2.0,2.0,0
191.90698,200.0,121.31027,0.012774775,43.83135,32.114258,286.06293,141.84993,17.0,3.0,0
146.96472,200.0,143.86215,0.019595709,53.4467,51.314083,192.10959,216.92975,18.0,0.0,0
325.07962,200.0,124.89501,0.008099998,46.467957,46.378353,308.57047,109.82474,6.0,1.0,0
235.12202,200.0,89.243515,0.01959192,53.41532,64.65653,264.264,347.6829,21.0,0.0,0
30.264408,200.0,58.78812,3.6210287e-05,55.664753,55.12001,159.05684,115.36045,13.0,1.0,0
58.83647,200.0,112.15014,0.00043114473,50.634117,45.65564,191.70569,120.92503,19.0,0.0,0
60.797863,200.0,95.48541,0.00091911043,59.81332,63.612976,330.30756,113.334465,20.0,5.0,0
303.09467,200.0,29.746077,0.0065645603,53.411713,60.800385,311.23032,38.48135,2.0,1.0,0
155.45244,200.0,116.68047,0.00025813663,60.824287,57.553673,295.64038,141.59824,10.0,5.0,0
153.83957,200.0,150.4026,0.013955669,29.781797,59.61729,279.7795,157.69232,7.0,1.0,0
92.731834,200.0,97.47474,0.00078340457,60.26998,23.479345,283.6516,154.5648,15.0,3.0,0
228.08601,200.0,91.577324,0.0061445674,67.71589,55.97289,358.9708,110.34959,3.0,5.0,0
170.28693,200.0,95.46467,0.0012882025,48.515003,48.884193,84.263794,186.31189,14.0,5.0,0
588.40485,200.0,174.91216,0.012710347,99.281075,86.52264,420.05035,233.50179,6.0,0.0,1
165.17657,200.0,117.30752,0.026245859,40.15217,71.636566,247.2407,106.72388,2.0,0.0,0
89.045044,200.0,79.25458,0.0019117595,40.973724,54.77713,252.88478,103.89845,10.0,4.0,0
357.24368,200.0,88.88315,1.0050465e-05,62.567337,7.859915,170.75197,179.1921,7.0,3.0,0
218.47806,301.0,93.61471,0.0103745675,35.360897,22.620579,135.52895,157.86902,2.0,3.0,0
191.60469,200.0,106.92306,0.016504979,26.948345,54.74116,72.99916,258.9968,12.0,0.0,0
93.34683,200.0,115.20481,0.007454125,80.767395,52.222023,230.56061,60.143703,16.0,4.0,0
290.8721,200.0,99.74281,0.0056628804,44.500042,19.41197,369.81677,279.0591,23.0,0.0,0
125.434654,200.0,124.5162,0.014680486,21.264174,60.31344,294.58972,70.86106,13.0,4.0,0
244.66713,200.0,66.63468,0.0007448789,36.769146,31.53377,102.67639,278.9895,6.0,1.0,0
115.13127,200.0,130.56773,0.024618354,57.991394,23.950535,241.34813,107.07835,8.0,1.0,0
129.42458,200.0,100.271805,0.014163913,40.34119,73.99757,170.6992,0.6287711,17.0,0.0,0
60.60258,200.0,41.03353,0.008437955,47.40904,77.27964,259.76907,0.0,12.0,0.0,0
212.95296,200.0,146.53299,0.0019885637,48.823082,24.439095,291.76566,249.50038,23.0,4.0,0
279.4984,200.0,95.01832,0.0040046363,39.1492,42.925472,325.96182,90.08414,23.0,5.0,0
163.74837,200.0,96.03904,0.0020964344,10.810172,78.30694,352.26102,154.13863,16.0,2.0,0
103.28247,201.0,129.1323,0.0071280794,58.069233,32.365322,306.21982,167.15312,15.0,4.0,0
189.05196,200.0,63.901386,0.023750672,66.423615,31.766264,235.81818,133.1261,13.0,3.0,0
127.27469,201.0,109.130875,0.010408045,21.543484,35.63678,399.5496,90.72868,9.0,5.0,0
245.41406,200.0,104.160866,0.00847255,56.42095,45.908215,144.75278,95.98425,23.0,6.0,0
152.50946,200.0,56.913643,0.007203468,47.40364,50.79375,273.5979,114.47491,7.0,6.0,0
190.74681,200.0,54.89982,6.3923006e-05,67.91772,66.707794,223.09566,97.55063,12.0,4.0,0
168.55336,500.0,114.58192,0.041545365,43.375454,60.19362,246.29646,2.3803527,14.0,0.0,0
131.39278,200.0,141.34969,0.019050546,56.82821,67.05455,189.8243,78.34259,20.0,4.0,0
128.02675,200.0,97.62933,0.009244788,48.988644,53.67743,204.41129,180.44653,2.0,0.0,0
284.00986,200.0,89.33773,0.00219706,36.139797,42.39549,188.63655,116.32629,17.0,5.0,0
242.69104,200.0,141.78203,0.009288518,36.949764,41.96774,146.59157,199.7624,13.0,2.0,0
310.0419,200.0,53.98406,0.0005542187,72.72751,46.164406,209.47017,204.62444,15.0,6.0,0
196.56973,200.0,144.52965,0.006406842,45.882557,33.51836,348.20227,105.110565,23.0,0.0,0
222.96211,404.0,104.603226,0.0023462055,23.551924,48.005234,50.88917,186.60832,15.0,1.0,0
213.24883,200.0,120.88872,0.0069513936,14.654134,46.446217,204.97548,158.98723,14.0,0.0,0
125.56966,200.0,46.683598,0.0010684278,26.682829,57.540756,235.0605,193.98563,14.0,4.0,0
290.72382,301.0,131.91402,0.03503463,68.06375,55.143757,305.63416,65.86013,14.0,6.0,0
256.62823,200.0,134.43149,0.009556808,33.72699,66.03782,312.68546,66.88984,21.0,1.0,0
75.170525,201.0,48.99805,0.0009755873,40.525066,31.733238,176.51888,83.64245,6.0,6.0,0
290.1097,200.0,142.38004,0.024995852,33.09637,43.74557,226.35703,110.54319,12.0,0.0,0
252.40353,200.0,112.86317,0.011730611,68.708595,14.649504,161.58344,185.54025,20.0,5.0,0
7097.228,504.0,54.015137,0.21638566,36.232723,76.09115,309.7744,266.46066,8.0,2.0,1
118.5817,200.0,45.62928,0.0048847566,18.84,70.78398,246.48163,218.6005,0.0,4.0,0
331.21494,200.0,97.95455,0.04214667,88.05516,86.65653,483.40182,279.26123,4.0,0.0,1
226.98793,200.0,78.261475,0.008241879,4.975316,54.348434,151.96062,97.19191,3.0,5.0,0
105.20128,200.0,59.750435,0.00057603593,29.6851,46.404827,261.7968,208.01758,20.0,6.0,0
195.26955,200.0,81.82674,0.0017248008,41.413475,56.363815,285.30945,145.30986,2.0,1.0,0
396.2207,200.0,178.05502,0.0038807082,36.983807,79.153496,154.73553,173.36003,12.0,3.0,0
371.66034,200.0,129.28682,0.0033651146,46.77824,56.531906,305.9965,30.149076,10.0,2.0,0
360.10773,200.0,90.23572,0.0120695215,54.599564,14.03192,134.82051,291.6405,5.0,0.0,0
233.20003,200.0,45.230946,0.003746448,34.726425,37.770103,300.486,218.32132,12.0,2.0,0
230.05489,200.0,118.24843,0.00059506786,50.7244,97.83881,226.68948,206.5086,23.0,0.0,0
251.02373,404.0,101.17958,0.0008526298,44.066727,34.99048,253.11928,57.425312,23.0,1.0,0
224.1577,200.0,119.868164,0.0067349267,49.615444,39.983624,232.41963,233.10399,15.0,1.0,0
223.4075,200.0,128.81595,0.0014235354,30.567,60.88661,437.01947,92.515335,18.0,4.0,0
188.39981,200.0,164.57977,0.004145347,8.486136,46.48828,337.45276,271.71423,4.0,0.0,0
175.60947,200.0,33.031548,0.0032917396,25.141659,51.06633,267.06903,189.64426,14.0,1.0,0
223.45473,200.0,184.22952,0.004115815,48.829308,49.82613,236.88194,18.001266,2.0,2.0,0
127.199554,200.0,121.781166,0.009110388,43.926487,39.509293,193.73593,240.49216,19.0,2.0,0
286.15878,200.0,64.84764,0.0036266244,38.656013,14.838199,86.61136,227.19522,0.0,5.0,0
219.97757,200.0,114.098114,0.0016559614,49.168568,43.875725,360.76425,190.87236,8.0,1.0,0
215.53053,301.0,119.07555,0.01586386,39.43558,34.41787,366.8702,225.26543,17.0,3.0,0
217.61922,200.0,88.317444,0.0027751962,37.07518,61.177784,54.092133,240.9418,0.0,6.0,0
160.44847,200.0,98.690994,0.025108676,23.57836,55.68891,380.12378,182.56677,23.0,0.0,0
148.41023,200.0,133.52426,0.0036158336,53.83089,52.137547,226.1073,241.73158,9.0,3.0,0
222.61285,200.0,97.4787,0.0068685184,19.857958,51.59979,172.27684,240.09866,23.0,5.0,0
160.0736,200.0,106.03841,0.0010454239,33.572933,40.227135,272.3638,257.68552,19.0,3.0,0
263.94492,200.0,156.49612,0.0019181854,49.982388,50.909546,210.10446,216.42668,12.0,4.0,0
247.66673,200.0,101.887,0.007909797,29.456072,43.710648,278.59024,127.754906,18.0,5.0,0
130.21138,200.0,39.979362,0.00042326265,27.569706,85.307526,224.4215,111.042046,8.0,6.0,0
104.727684,200.0,107.18077,0.035365976,48.07394,34.095337,330.0304,219.43028,3.0,3.0,0
176.80237,200.0,79.86995,0.0075572426,63.21028,72.11866,232.83751,126.55785,0.0,1.0,0
214.71333,200.0,121.31531,0.01465564,32.09696,35.433933,135.18318,233.29973,6.0,1.0,0
156.71446,200.0,139.1069,0.023342943,45.916733,20.957203,219.08325,194.67836,13.0,0.0,0
88.76892,200.0,78.067215,0.0025460215,41.99657,56.59337,152.50754,140.47911,14.0,6.0,0
268.98,200.0,64.529526,0.015329876,67.968796,62.083557,111.67709,205.85046,20.0,5.0,0
275.3767,400.0,129.49411,0.017134074,44.306984,68.002815,338.41187,69.686516,5.0,6.0,0
181.76154,200.0,104.74142,0.056135826,27.635721,34.329147,398.3047,122.85593,6.0,5.0,0
198.94254,200.0,89.91443,0.0044482173,22.254423,40.65766,187.45029,189.75824,11.0,2.0,0
103.52782,200.0,93.33859,0.014048052,42.690067,71.06065,298.04044,126.31883,23.0,1.0,0
144.5817,200.0,129.06204,0.00700061,60.812405,59.95375,188.2376,131.8027,3.0,5.0,0
273.99554,200.0,143.24667,0.045556113,45.327312,78.96418,170.961,133.32976,1.0,0.0,0
201.74274,200.0,101.133415,0.027402015,34.770676,41.863503,235.19038,223.97162,10.0,4.0,0
143.88893,200.0,91.75697,0.003217026,24.867464,63.672092,262.0464,72.07765,3.0,3.0,0
295.27353,404.0,176.5552,0.009909711,45.254364,40.156948,298.9523,85.101845,9.0,0.0,0
351.1291,200.0,124.28637,0.008415771,33.585705,42.998333,194.43205,282.53735,16.0,5.0,0
211.68913,500.0,126.7141,0.020311356,31.719847,66.180725,254.78883,170.89839,17.0,2.0,0
180.16055,200.0,70.72169,0.0033188106,17.46892,58.729374,281.02185,145.45801,0.0,5.0,0
97.02328,200.0,101.11803,0.0011427882,53.43148,47.973335,221.06596,140.50262,11.0,2.0,0
314.85477,200.0,51.970226,0.027879855,56.46311,66.95685,303.92322,153.81253,3.0,1.0,0
210.71355,200.0,109.96178,0.013377451,59.65053,57.63177,222.58958,117.594376,13.0,1.0,0
747.7671,200.0,123.257454,0.08319372,60.50426,62.175632,9357.284,8401.452,23.0,6.0,1
160.07097,200.0,42.47935,0.03218656,57.371662,30.640541,205.95369,101.55932,9.0,4.0,0
185.61043,200.0,99.229744,0.0026866484,28.981295,51.971558,276.61685,268.68494,19.0,0.0,0
446.2972,200.0,121.342445,0.002609347,42.95727,69.484436,274.22598,195.56683,8.0,3.0,0
101.1999,200.0,99.61776,0.0090934485,34.902294,55.732445,178.52841,278.55518,0.0,1.0,0
276.44702,200.0,62.393105,0.0030481585,41.550735,49.361256,151.83478,208.76598,21.0,6.0,0
219.77017,200.0,131.32875,0.005846991,53.131702,60.432198,386.4108,148.97829,23.0,0.0,0
270.3924,200.0,102.59196,0.043994028,46.228,48.905983,246.27132,213.49629,8.0,0.0,0
93.43991,200.0,122.35754,0.0035873433,49.777393,45.603508,242.60928,104.897415,3.0,0.0,0
264.5774,200.0,92.5332,0.011187104,46.165127,47.064663,145.22008,159.29712,18.0,3.0,0
182.7615,200.0,37.556885,0.005188391,33.67374,38.313095,363.13754,92.99526,2.0,5.0,0
109.68792,200.0,125.49828,0.002284925,41.69674,42.81741,326.78973,173.66945,2.0,4.0,0
362.11996,200.0,66.40717,0.004607599,22.503887,31.185509,360.36545,165.86992,9.0,5.0,0
722.18665,200.0,103.30152,0.035686918,91.26912,86.798515,289.26184,314.3276,13.0,0.0,1
185.21863,200.0,73.22467,0.006467471,49.20427,55.81933,71.01662,98.32538,13.0,2.0,0
262.65115,200.0,98.39212,0.023112409,45.24398,42.614662,193.02443,0.0,13.0,1.0,0
114.6677,204.0,52.54037,0.0121035455,44.650524,54.47592,102.77381,223.18315,0.0,2.0,0
154.8574,200.0,110.819,0.0072168396,35.951363,59.891476,249.78108,164.63368,22.0,6.0,0
194.12683,200.0,82.023346,0.008888812,57.592155,66.59638,224.32858,67.70404,16.0,6.0,0
106.45889,200.0,98.366135,0.0015143501,20.573412,30.975391,208.19205,165.94466,4.0,0.0,0
192.76346,200.0,107.948456,0.011788631,34.419476,57.313778,371.9563,87.34503,11.0,3.0,0
5229.427,503.0,125.66635,0.29444328,75.98336,76.18583,5517.0615,8947.97,7.0,6.0,1
293.91052,200.0,103.295105,0.0027046057,32.23028,35.484653,366.81552,172.60593,23.0,4.0,0
123.79494,200.0,163.9363,0.010612888,57.035587,55.471264,249.30814,0.0,4.0,3.0,0
137.5223,201.0,47.516106,0.011882614,48.46931,72.03704,192.71468,93.071945,10.0,6.0,0
307.6904,200.0,138.85814,0.00670671,30.889044,71.60547,286.7968,161.93774,23.0,0.0,0
294.68866,200.0,139.78955,0.026612002,35.933323,45.82405,180.86122,47.729443,15.0,2.0,0
161.78387,200.0,106.96042,0.00091801066,63.780804,60.942883,333.3006,125.10578,4.0,5.0,0
114.8904,200.0,52.45797,0.009256843,65.19129,46.238464,226.89665,17.080992,22.0,5.0,0
163.83148,204.0,114.96375,0.0039558234,47.152885,55.464973,152.61182,263.32236,12.0,0.0,0
139.18925,200.0,107.657135,0.017805109,52.697662,53.973473,389.90826,210.11095,17.0,5.0,0
161.83846,200.0,65.58244,0.0017021281,4.7133465,55.71016,284.55832,90.16741,16.0,4.0,0
200.63336,200.0,85.125336,0.00056893646,68.17976,54.986454,304.20767,160.95953,10.0,2.0,0
161.20973,200.0,68.662,0.008497723,21.663155,44.415295,244.92038,98.638535,11.0,0.0,0
113.99008,201.0,123.44535,0.0045521986,47.847523,58.806694,314.9548,75.35655,21.0,6.0,0
326.198,200.0,125.575035,0.019899715,75.896706,51.447006,264.46164,108.78739,19.0,3.0,0
203.09735,200.0,77.39871,0.025243726,45.811287,52.55468,343.8439,51.826668,22.0,4.0,0
201.53412,201.0,62.26889,0.009199248,50.335503,47.1447,267.8807,191.93233,14.0,2.0,0
151.93382,400.0,156.54219,0.0013041082,53.532185,30.42075,332.46,116.25841,19.0,6.0,0
153.66222,200.0,127.654785,0.006719655,11.728018,60.419563,0.0,243.07388,1.0,2.0,0
233.09003,200.0,127.90257,0.016103905,36.48283,24.374306,359.20404,0.0,21.0,4.0,0
96.63148,200.0,119.68225,0.0054477747,64.79912,58.071857,254.72394,297.1688,11.0,3.0,0
66.259674,200.0,92.89303,0.008103014,11.401007,51.411297,104.71087,240.29654,2.0,0.0,0
151.10152,201.0,101.09875,0.015945915,18.889708,43.08656,282.3395,170.29173,7.0,0.0,0
548.2371,200.0,119.28652,0.013240662,89.85184,89.21246,365.753,385.26538,21.0,0.0,1
142.4158,200.0,101.9107,0.014679004,50.733418,33.428116,278.79977,130.48038,19.0,3.0,0
234.14745,200.0,147.5017,0.0050461898,39.207455,62.14207,61.162663,41.068382,2.0,1.0,0
731.2242,200.0,83.011955,0.049533863,88.29781,86.75034,478.17496,279.92795,9.0,4.0,1
90.372116,200.0,48.06052,0.010344988,35.42612,41.993275,299.98926,321.94373,0.0,6.0,0
144.77577,200.0,92.27494,0.00056855846,46.93721,66.87819,283.04318,166.67284,7.0,6.0,0
334.10504,200.0,87.752045,0.0011311168,26.188955,23.906767,319.64258,243.75244,6.0,2.0,0
182.2337,200.0,92.93791,0.0007469943,38.087475,62.193287,32.02244,25.062534,9.0,5.0,0
99.823074,200.0,104.32714,0.0031070965,32.412865,26.417318,171.27539,172.57152,10.0,3.0,0
95.94146,200.0,119.70433,0.00055108307,39.16288,45.66079,291.637,57.41268,3.0,4.0,0
266.3538,200.0,96.28525,0.0050688866,39.92964,83.81243,353.32364,0.0,0.0,3.0,0
96.00759,200.0,77.65419,0.0035703245,22.121614,24.27975,261.59692,190.46634,20.0,4.0,0
93.81249,200.0,48.852547,0.029840723,61.856686,58.775486,342.9329,45.94552,7.0,2.0,0
445.09296,200.0,101.95098,0.008586823,25.133364,64.75132,84.3944,105.82863,12.0,4.0,0
122.468445,200.0,103.86146,0.024873326,55.880795,33.509823,205.4845,177.17793,8.0,0.0,0
178.36569,200.0,104.920105,0.016383665,19.773262,60.80973,76.58134,180.31546,1.0,6.0,0
213.95454,200.0,114.807655,0.021439696,14.219695,52.55488,123.46758,89.017944,22.0,3.0,0
303.7368,200.0,29.291899,0.00030534164,30.970507,42.9396,372.0687,67.15488,1.0,1.0,0
234.6878,200.0,148.60335,0.02464124,51.07672,35.488495,140.23282,155.97406,21.0,5.0,0
164.27304,200.0,143.92268,0.000279848,55.280415,36.337803,109.655624,250.89307,6.0,2.0,0
255.65125,200.0,94.9224,0.004107798,31.036781,57.704617,336.0353,155.09097,6.0,2.0,0
212.0151,200.0,90.6599,0.010185843,63.48769,35.50441,314.60413,121.35932,21.0,4.0,0
411.38174,200.0,133.25488,0.0016782829,26.546373,38.660072,374.29938,147.38669,8.0,1.0,0
397.23175,200.0,165.60403,0.0034584953,51.074688,47.18521,350.4032,201.50803,13.0,6.0,0
79.49996,200.0,86.43242,0.00798847,47.06002,70.64926,257.51242,279.97977,22.0,5.0,0
59.111855,200.0,108.93885,0.018576777,27.042873,51.429733,393.6972,251.37556,16.0,2.0,0
177.2885,204.0,7.496056,0.008099859,61.411724,48.93533,257.8064,82.72887,8.0,1.0,0
334.87994,200.0,129.65387,0.008836405,62.553093,57.380127,70.83757,192.2116,4.0,3.0,0
199.17122,200.0,89.19676,0.012170214,48.734253,58.188522,292.69644,185.05235,5.0,6.0,0
231.24216,200.0,79.053696,0.0021468988,65.15289,68.652885,397.0332,187.88322,10.0,6.0,0
210.3979,200.0,113.37694,0.013088728,18.102877,33.553417,369.40024,0.0,11.0,6.0,0
282.13943,200.0,97.53249,0.006742276,66.0916,56.078487,285.7385,251.35994,23.0,0.0,0
256.15613,200.0,101.46392,0.017445512,51.691578,72.73815,266.1351,41.719666,4.0,3.0,0
131.8305,302.0,158.2714,0.0038882797,37.958385,64.26662,402.21155,164.9027,15.0,1.0,0
278.65695,200.0,76.73863,0.016025642,57.48563,60.260403,90.8962,192.88135,21.0,3.0,0
166.0985,200.0,58.982506,0.004699107,47.647804,57.345585,335.6065,39.748623,14.0,0.0,0
193.43217,200.0,93.297295,0.016361257,0.17184153,57.703167,329.6125,189.98096,22.0,2.0,0
110.195496,200.0,77.69412,0.00039149687,17.91888,53.05697,168.56693,248.2425,23.0,5.0,0
210.99075,200.0,97.93431,0.0044334335,43.435776,45.315388,250.89417,110.73687,1.0,5.0,0
177.29155,200.0,41.27211,0.006079153,11.253715,4.7513247,172.18797,12.116254,23.0,4.0,0
385.29916,200.0,69.326324,0.000918823,37.26184,50.38121,323.82504,264.47958,22.0,4.0,0
251.06548,200.0,94.89749,0.01488339,57.34387,34.2069,214.68695,208.61478,14.0,0.0,0
155.32977,200.0,112.76226,0.015193032,29.122887,48.704544,386.8828,250.46426,21.0,3.0,0
150.4732,200.0,91.63996,0.012530073,21.777208,54.263336,276.33957,125.17525,2.0,5.0,0
185.62791,200.0,84.39355,0.010962209,30.019722,48.921738,127.38982,174.41193,10.0,5.0,0
441.80634,200.0,110.16828,0.013196912,99.779366,87.2577,497.22122,215.76749,12.0,0.0,1
82.03813,200.0,71.59044,0.0062000346,51.727764,56.58946,271.4121,196.67183,1.0,4.0,0
105.59643,200.0,120.21039,0.005293543,32.779938,62.905575,248.78696,7.3968906,6.0,0.0,0
191.72543,200.0,37.92045,0.0003156708,60.53313,37.38738,200.97154,287.82373,20.0,1.0,0
159.28166,200.0,102.933846,0.029251272,55.240383,49.079468,377.18762,218.81436,21.0,4.0,0
167.58713,200.0,126.6327,0.0010322183,51.836697,40.59556,296.91574,136.4181,19.0,2.0,0
53.107185,400.0,128.6435,0.023233408,47.406853,98.986374,235.02318,88.51763,21.0,3.0,0
219.8236,200.0,91.53776,0.0069326237,19.759453,40.461617,229.71127,160.76947,3.0,1.0,0
106.46191,201.0,109.06339,0.04672523,28.279827,51.66188,239.86684,25.99191,11.0,5.0,0
236.41512,200.0,100.122955,0.0053002345,38.138992,64.11574,209.05692,36.531963,2.0,4.0,0
157.78242,301.0,94.11395,0.02337954,52.411697,51.26581,205.88225,80.60112,7.0,1.0,0
157.12282,200.0,135.69563,0.0135091385,48.1879,45.501167,216.56978,188.3415,15.0,3.0,0
257.85007,200.0,112.64541,0.0666806,60.342926,41.34876,6.2265763,151.74237,12.0,4.0,0
167.1996,200.0,67.9878,0.016127296,43.911922,85.18971,372.0018,18.46073,13.0,0.0,0
5710.886,503.0,143.99289,0.26760042,96.94516,98.571686,6605.7744,7608.1523,5.0,2.0,1
174.6924,200.0,109.52628,0.009478651,63.19455,46.187893,425.86337,171.3614,8.0,4.0,0
410.79938,302.0,55.082108,0.010942555,42.675606,48.750114,103.07986,186.434,2.0,3.0,0
185.31435,200.0,96.14448,0.00396542,59.891758,58.21334,239.81212,175.59978,17.0,6.0,0
286.4696,200.0,71.53423,0.0072266744,50.73366,40.33187,248.5596,69.73619,3.0,6.0,0
431.16833,400.0,135.98492,0.052657597,62.95385,42.600296,281.69446,58.100346,21.0,5.0,0
328.8155,200.0,71.95157,0.011561477,50.368332,37.339096,310.4434,198.94447,4.0,0.0,0
205.78436,200.0,95.16062,0.006020569,38.66886,35.781406,215.30725,298.0252,0.0,0.0,0
152.55617,200.0,132.793,0.0009764871,7.6737804,60.48998,392.98666,241.5518,9.0,1.0,0
237.16531,200.0,107.63142,0.019411836,60.307007,43.87736,307.67816,155.2229,2.0,5.0,0
360.4591,200.0,93.700935,0.0012689299,57.96283,46.86707,166.18805,159.8368,21.0,0.0,0
156.8515,201.0,122.22052,0.008803002,30.849127,45.937683,256.7303,178.80243,5.0,0.0,0
293.62527,201.0,93.249855,0.0074903877,40.634033,56.553146,218.77608,266.5581,8.0,1.0,0
246.29053,200.0,142.54922,0.007553803,26.952251,50.401814,136.87193,0.0,0.0,5.0,0
111.99481,200.0,90.23612,0.022885012,17.578968,38.53269,133.14095,283.0694,16.0,6.0,0
342.50906,200.0,103.476006,0.0028249335,22.854977,60.74078,294.98184,1.6499528,15.0,0.0,0
276.95972,200.0,84.362,0.04849304,36.219383,49.412537,298.29654,323.1467,16.0,2.0,0
212.11,200.0,48.022938,0.023817275,48.80362,55.14874,348.7141,73.63982,6.0,1.0,0
210.62466,200.0,45.275253,0.034879845,47.949715,31.420887,159.146,41.47697,12.0,0.0,0
218.55367,200.0,92.60278,0.010377479,21.556784,49.07659,211.02277,89.97693,8.0,4.0,0
68.70995,200.0,82.89966,0.017637502,20.14797,45.84911,155.8554,333.407,7.0,4.0,0
259.97855,200.0,65.32121,0.0071735233,39.891174,28.223167,267.9137,25.39395,22.0,1.0,0
206.02377,200.0,112.48444,0.033201773,32.9413,62.533287,252.99571,126.66977,13.0,4.0,0
223.77138,400.0,85.70826,0.007163126,61.050682,66.30605,50.844418,230.71378,8.0,6.0,0
224.29198,200.0,91.05653,0.0075024455,49.14552,66.5304,273.31192,37.839417,8.0,6.0,0
483.31534,200.0,87.89771,0.013984595,50.032204,59.63162,363.31836,129.41716,9.0,3.0,0
71.292915,200.0,109.181,0.008872846,59.868256,34.406445,268.9177,124.71391,21.0,3.0,0
106.59673,200.0,71.06481,0.004240997,59.389736,57.65066,295.90564,172.81013,19.0,5.0,0
230.14989,200.0,123.45712,0.013620846,30.37883,53.149704,156.72862,12.820456,10.0,5.0,0
133.76212,200.0,118.026535,0.004451274,24.297636,54.645,175.02304,140.73682,19.0,1.0,0
285.10742,400.0,114.596,0.0053831986,42.01622,42.99325,154.41591,192.86293,13.0,4.0,0
189.14592,200.0,73.02757,0.01783809,45.81839,36.628872,358.19308,40.636093,10.0,0.0,0
204.07285,200.0,102.574776,0.018699938,47.090775,50.543797,316.78363,124.156685,21.0,4.0,0
297.79584,200.0,128.4319,0.011172927,63.55545,49.13971,162.51411,83.24229,4.0,0.0,0
263.18753,200.0,176.06155,0.020737862,23.612387,50.522438,313.50388,128.87767,22.0,2.0,0
156.50737,200.0,37.520645,0.004151452,66.6776,75.29149,220.34581,186.26814,17.0,5.0,0
68.17641,200.0,82.41464,0.010508783,23.76222,68.91826,40.061775,171.24097,12.0,6.0,0
115.26022,200.0,84.21737,0.0060886494,39.085175,45.10134,185.20981,0.0,5.0,4.0,0
153.7675,200.0,71.17198,0.00062297145,17.670065,53.314243,428.368,201.97472,22.0,5.0,0
118.76719,200.0,95.71685,0.0077776355,13.813993,45.44194,297.71188,161.54906,11.0,2.0,0
112.69194,200.0,82.2987,0.009437536,26.708597,39.946384,283.55084,119.92539,16.0,5.0,0
196.1129,200.0,74.910934,0.034436285,26.387766,66.37141,329.19778,143.8904,21.0,4.0,0
9834.237,200.0,51.57847,0.108699284,88.557236,78.9389,5704.872,6135.6685,3.0,2.0,1
184.21573,200.0,103.393005,0.0019746101,40.636898,56.872604,262.02728,124.11621,4.0,4.0,0
177.0732,200.0,83.89641,0.00012794662,50.22943,50.46753,54.950447,170.46123,14.0,0.0,0
279.25613,204.0,120.61123,0.06464906,32.958363,16.239735,101.36634,259.24832,22.0,3.0,0
149.71182,200.0,118.212296,0.012433333,48.202354,70.857185,347.27292,162.65,1.0,4.0,0
226.50313,200.0,97.802376,0.00063731824,4.6322117,57.29323,264.2641,148.11261,10.0,4.0,0
64.419464,200.0,104.06573,0.021932857,38.871838,36.924786,371.08475,65.340454,18.0,3.0,0
183.41199,200.0,0.0,0.014685816,55.03478,21.78705,212.56842,141.33801,18.0,6.0,0
2786.439,200.0,140.29675,0.28398502,80.2013,92.11944,9648.597,5254.7617,7.0,1.0,1
120.69229,200.0,95.30204,0.031767733,53.83701,39.558376,133.65746,114.771645,15.0,0.0,0
154.26288,200.0,100.26318,0.007673541,52.84853,43.075054,151.85768,71.071014,10.0,0.0,0
135.4468,200.0,63.38879,0.0023355552,52.229446,63.95522,115.996284,201.30605,1.0,3.0,0
264.4709,200.0,148.43889,0.010732035,40.665337,65.35786,198.44585,273.66107,15.0,6.0,0
256.64655,201.0,31.58752,0.0053794426,26.20438,45.114937,277.6098,2.8981302,21.0,3.0,0
158.90497,200.0,66.6063,0.0048290277,13.520819,52.78584,379.43518,191.15808,20.0,3.0,0
352.85635,200.0,84.45998,0.0027256543,74.20213,33.456337,224.56546,221.80894,20.0,0.0,0
229.5266,200.0,60.05463,0.0005591216,51.712322,39.528053,235.38614,111.78398,18.0,0.0,0
394.0943,200.0,154.18704,0.06222278,43.96516,84.35552,429.5885,54.048336,9.0,0.0,0
339.44168,200.0,107.084045,0.014150708,7.3287864,51.532467,77.12306,63.98209,4.0,3.0,0
201.71713,200.0,71.43721,0.0093015,12.6972885,69.05733,306.00827,247.07062,20.0,2.0,0
210.37279,200.0,95.759705,0.00057875,52.21922,69.27078,250.47522,229.5983,8.0,4.0,0
196.43495,200.0,125.66386,0.0019748437,24.868643,53.372684,185.66791,66.02386,0.0,0.0,0
403.80283,200.0,103.292725,0.00027179017,22.412924,87.03953,355.46622,157.83862,22.0,4.0,0
177.26645,200.0,110.29332,0.0037049693,43.081535,33.850895,309.15527,138.3088,17.0,1.0,0
89.137726,200.0,108.95464,0.006841124,52.667564,37.07941,183.89835,70.535324,7.0,1.0,0
143.3751,200.0,87.13574,0.004510661,43.98593,34.59943,408.70602,137.97281,20.0,3.0,0
165.4896,200.0,74.89993,0.010572881,44.93673,57.306408,497.9174,138.39653,10.0,1.0,0
120.60522,200.0,122.20963,0.015511375,58.410244,64.68494,362.55133,115.20351,2.0,5.0,0
167.33923,200.0,124.36414,0.0016050793,37.62817,55.549694,322.0799,176.79782,6.0,5.0,0
140.89929,200.0,130.47478,0.007371712,59.755207,55.373505,246.75522,193.58995,7.0,2.0,0
63.89464,200.0,81.676636,0.006880519,69.36608,30.80421,309.88,218.13606,21.0,4.0,0
208.28253,200.0,123.42268,0.027052358,46.636124,51.96409,211.12108,218.35768,4.0,0.0,0
119.416756,404.0,120.89782,0.0070766616,37.534767,53.188038,357.1765,101.57715,11.0,0.0,0
110.32584,200.0,90.45317,0.0072232545,41.905533,64.94809,148.62021,175.5995,8.0,2.0,0
115.09435,200.0,90.51515,0.0134678325,31.190733,21.268383,478.84146,90.50006,3.0,3.0,0
235.02037,200.0,53.098763,0.0063031088,57.357994,18.245407,192.40395,227.10185,21.0,0.0,0
141.21318,200.0,99.05613,0.0016776284,39.215446,49.928535,97.46469,171.85332,22.0,4.0,0
168.15091,200.0,146.02861,0.009253905,58.458942,56.328796,162.84421,257.20975,22.0,6.0,0
63.094044,200.0,126.04538,0.054090813,0.0,32.075207,276.15567,32.77083,19.0,1.0,0
179.05309,200.0,115.783,0.0004666511,50.869568,62.36458,442.94196,232.2091,1.0,6.0,0
153.95828,201.0,86.27338,0.011908153,27.797558,46.640377,188.39627,320.94308,18.0,4.0,0
173.46931,200.0,109.67377,0.015185272,40.619568,51.100098,142.959,262.85397,20.0,2.0,0
178.25508,200.0,103.08648,0.0074501317,37.510662,26.118834,344.17847,113.96286,14.0,2.0,0
153.17209,200.0,142.50024,0.017387498,33.337452,19.942707,96.98454,59.502354,1.0,2.0,0
123.57705,201.0,200.44621,0.015285803,41.502033,65.47012,224.81602,278.92297,22.0,6.0,0
224.95299,200.0,131.89142,0.02039404,55.496346,17.11701,261.3071,96.083534,4.0,5.0,0
148.52084,200.0,98.958336,0.002791675,81.46505,62.828033,139.80135,67.94518,20.0,1.0,0
53.84098,200.0,22.865894,0.0040025087,35.43068,51.27949,277.0339,174.45908,2.0,4.0,0
126.0603,200.0,138.72658,0.020908827,30.63206,64.84251,126.137634,245.94402,12.0,3.0,0
329.4447,200.0,104.74551,0.005596643,45.3545,39.702618,302.98703,156.2402,2.0,2.0,0
188.15857,200.0,88.60863,0.0057181297,49.350147,48.644314,202.2659,93.187126,0.0,0.0,0
149.95865,200.0,73.8023,0.0062608887,30.155432,64.62205,221.76807,104.52693,16.0,3.0,0
428.82037,200.0,193.26201,0.0401917,87.59009,88.82643,344.49606,295.3947,5.0,2.0,1
236.28026,200.0,128.29291,0.014990235,41.652325,44.866344,260.82495,98.73185,12.0,0.0,0
31.498388,200.0,62.75551,0.00618728,33.42248,28.885317,177.17316,171.0666,12.0,0.0,0
405.41992,200.0,91.566246,0.06415662,43.317287,43.041313,134.57578,9.106441,4.0,1.0,0
115.636925,200.0,82.12286,0.0075994874,32.720665,34.897472,255.01627,162.45474,17.0,2.0,0
255.04288,200.0,120.92844,0.0030257942,53.352303,31.224014,405.46884,232.60011,15.0,4.0,0
396.16644,200.0,134.44853,0.0047446196,44.039993,38.37856,329.5255,95.54583,19.0,2.0,0
662.38446,200.0,179.09795,0.06782696,50.235863,70.81623,9539.161,9900.777,12.0,2.0,1
176.17809,200.0,86.08727,0.011704821,30.362331,50.732075,285.1873,149.57364,11.0,1.0,0
214.47472,200.0,126.70926,0.024769908,47.71303,82.21911,284.9862,166.30403,8.0,1.0,0
706.009,200.0,147.94629,0.035786707,66.66276,65.75362,9098.822,9423.824,0.0,5.0,1
355.87933,200.0,71.69858,0.0038251875,51.414932,43.143486,433.45923,122.50811,8.0,3.0,0
218.71495,200.0,80.88323,0.0033497387,37.33014,67.94005,256.44138,75.676994,9.0,3.0,0
154.47916,200.0,121.19759,0.013564895,19.21576,45.6641,272.67755,170.81746,5.0,6.0,0
138.76921,200.0,117.51046,0.0103338165,44.67034,65.99679,329.4814,156.86113,23.0,2.0,0
94.38094,200.0,113.22704,0.010577015,48.007286,35.495743,268.9938,54.362022,7.0,5.0,0
115.411224,200.0,152.70564,0.0123748,33.504368,60.172955,190.05495,179.72934,7.0,5.0,0
276.58057,200.0,109.018,0.008420843,32.06642,38.533535,446.78772,186.2407,7.0,2.0,0
155.25789,200.0,89.09938,0.026389105,39.236404,63.989647,127.94994,274.15042,1.0,4.0,0
159.51735,201.0,116.143974,0.010840265,73.68907,46.13353,186.11147,11.95022,12.0,5.0,0
346.6624,200.0,121.774506,0.006770653,33.294235,72.3495,271.72943,291.49542,10.0,2.0,0
396.3514,301.0,118.71079,0.0015959417,31.37496,65.13218,62.636806,133.80807,23.0,0.0,0
211.76657,200.0,63.057514,0.007849774,31.01188,19.681566,360.63678,189.13777,21.0,5.0,0
212.16452,404.0,108.0488,0.0007485545,37.013966,40.97836,327.8473,209.86118,12.0,1.0,0
79.827156,200.0,123.78219,0.0004746057,42.79616,54.485397,196.00212,144.48578,10.0,3.0,0
464.28186,200.0,140.67485,0.006900631,48.55504,67.56489,552.6266,144.17609,22.0,1.0,0
331.27,200.0,59.96473,0.0049787834,33.865307,73.56211,369.90366,283.1309,9.0,5.0,0
442.93137,200.0,128.68385,0.020704042,54.92556,40.65608,203.48615,96.73111,17.0,0.0,0
281.96194,200.0,102.086,0.00017123557,48.485348,42.38457,113.77771,0.0,2.0,0.0,0
84.20018,200.0,53.530743,0.006288745,64.836815,52.485104,212.89427,12.589608,9.0,4.0,0
264.345,200.0,88.95551,0.0012991237,43.97136,48.19494,41.427414,119.86657,5.0,6.0,0
218.53593,200.0,115.27205,0.022119794,43.027515,65.75429,267.8884,50.035843,6.0,6.0,0
251.42224,200.0,112.49776,0.006909181,35.332138,64.28585,167.22113,184.53148,5.0,0.0,0
105.31546,201.0,117.30377,0.010484419,36.227097,50.833412,82.95204,260.01166,23.0,5.0,0
169.06276,200.0,55.550243,0.0004995039,47.334587,40.1493,351.6486,200.1375,16.0,1.0,0
163.59053,200.0,90.709335,0.027567154,34.700214,41.957924,229.00539,252.03056,23.0,2.0,0
102.15447,200.0,46.651657,0.0053377743,31.985964,78.784386,210.76913,48.80409,0.0,1.0,0
66.67485,200.0,121.35482,0.016742928,45.14854,76.96215,231.89777,78.687584,6.0,3.0,0
113.44072,201.0,151.66698,0.0036474846,33.727135,65.4092,335.65106,121.438835,16.0,5.0,0
87.412636,200.0,172.64026,0.00699276,60.700832,48.090652,300.85736,177.81737,6.0,5.0,0
267.22607,200.0,90.50997,0.011198325,33.243553,38.82072,385.51978,0.0,11.0,5.0,0
151.94873,200.0,96.74543,0.011914922,32.478123,60.360424,497.3988,238.74786,13.0,4.0,0
203.00803,200.0,93.05382,0.012039444,42.979248,49.889038,365.14948,207.29248,9.0,3.0,0
161.45766,200.0,75.72767,0.0046972665,7.7685313,42.3525,195.88213,100.82205,15.0,5.0,0
450.82935,200.0,62.76365,0.0051431125,48.12147,77.00049,309.38077,201.57689,12.0,3.0,0
63.735817,200.0,68.42674,0.009163032,44.61008,52.356453,188.54205,166.30077,6.0,6.0,0
151.49147,200.0,122.89611,0.0037287655,68.48471,47.9238,296.17188,0.0,2.0,1.0,0
287.65204,200.0,112.330635,0.010054346,11.379727,38.566803,136.54808,206.8787,15.0,5.0,0
416.1465,200.0,157.21793,0.012057339,66.74896,69.26367,314.14047,0.0,7.0,5.0,0
124.446144,301.0,108.56483,0.008802556,47.208046,65.50259,220.80818,180.10175,15.0,5.0,0
295.07144,200.0,56.112553,0.008638578,44.476093,48.57664,306.69696,125.79662,9.0,0.0,0
224.00195,200.0,100.952354,0.005991131,72.74039,37.817852,223.13553,166.016,0.0,2.0,0
256.35144,200.0,65.88267,0.022284226,49.817493,58.12413,124.113,123.93997,0.0,2.0,0
207.64949,200.0,83.100365,0.0069425856,56.456017,27.775558,210.87738,68.89954,0.0,0.0,0
173.51698,200.0,78.02091,0.0006804533,39.205547,41.123943,257.0314,232.7998,6.0,6.0,0
9579.242,502.0,125.949875,0.24666812,31.890514,54.77023,315.48047,113.26991,15.0,1.0,1
210.41034,200.0,154.12012,0.0064729294,34.57179,3.3499753,247.44278,270.5396,23.0,4.0,0
475.36453,200.0,90.85402,0.0013806437,55.189953,27.29888,362.6418,274.3885,23.0,6.0,0
337.55548,200.0,133.20937,0.0051789866,40.127953,60.08166,62.56103,70.34992,20.0,0.0,0
186.35555,200.0,84.17653,0.006826416,34.30784,56.21408,237.92647,185.06558,7.0,1.0,0
48.136715,200.0,68.00858,0.004699022,24.844463,49.49286,362.52734,135.47192,1.0,4.0,0
184.46724,200.0,108.51572,0.008079614,54.572025,33.60444,292.20636,180.78741,3.0,6.0,0
270.97992,200.0,136.3856,0.0014746907,26.340363,67.273766,212.79875,136.03549,7.0,3.0,0
299.3549,302.0,128.679,0.025922582,29.552591,27.304043,370.64114,173.5409,21.0,2.0,0
208.6444,404.0,106.93091,0.013300017,46.692696,68.027504,463.82422,112.783585,7.0,1.0,0
109.74853,400.0,69.15904,0.01099618,35.950474,73.61108,278.41266,152.81694,1.0,4.0,0
273.418,200.0,162.34834,0.0091383485,47.525578,34.456303,170.25902,120.63043,5.0,0.0,0
253.79787,200.0,77.032486,0.0045790486,33.985832,37.80808,385.69397,103.47785,22.0,2.0,0
156.65587,500.0,79.417534,0.015057481,65.578705,38.135296,297.22968,244.65048,21.0,1.0,0
142.61813,200.0,93.3767,0.008123919,40.46492,62.429085,262.8887,196.61787,3.0,0.0,0
105.95588,200.0,108.18739,0.0011232127,27.668604,63.908554,253.8506,184.27155,7.0,6.0,0
233.40038,200.0,106.34513,0.011747085,37.298386,60.532207,161.48697,280.93875,22.0,1.0,0
253.17166,200.0,117.78543,0.012542473,60.72458,25.79173,352.24197,226.5711,3.0,5.0,0
74.6893,200.0,91.64834,0.00038614974,35.43513,42.074654,203.1846,157.81111,9.0,0.0,0
217.56921,200.0,167.14395,0.008203528,43.907513,47.820526,115.19197,162.90532,20.0,2.0,0
308.25485,200.0,115.39633,0.008620078,43.477295,46.42888,315.91193,174.62822,16.0,6.0,0
441.65268,200.0,127.22374,0.0054466603,33.504585,53.553448,214.66003,63.38987,15.0,4.0,0
285.68512,200.0,122.29592,0.007679142,58.14369,50.768364,317.8171,164.37602,21.0,3.0,0
209.04875,200.0,118.90918,0.007855162,37.161213,55.700375,106.44886,74.65418,14.0,5.0,0
222.12538,200.0,59.99861,0.0033314612,45.533386,29.699995,275.0851,152.79941,18.0,3.0,0
137.15134,200.0,41.848564,0.023159562,42.00837,69.261604,99.21645,254.56995,18.0,6.0,0
157.40706,200.0,129.78339,0.009141646,22.228024,44.26293,151.11137,191.45915,3.0,6.0,0
323.85654,200.0,82.99003,0.0011906151,24.679686,47.858646,264.26422,114.95697,8.0,0.0,0
201.60503,200.0,140.95175,0.0041962187,33.39576,54.707775,380.32993,111.28616,9.0,5.0,0
251.11377,200.0,78.45841,0.02124213,50.226795,66.44785,403.3967,140.91159,6.0,4.0,0
93.11584,400.0,92.607025,0.0009836217,26.226917,61.176266,317.22897,253.03156,9.0,1.0,0
480.8852,200.0,85.297165,0.0088899275,37.98579,72.103676,254.4362,197.1093,20.0,1.0,0
50.06034,200.0,123.021164,4.456615e-05,51.35074,47.491226,95.404594,183.73811,20.0,4.0,0
199.4177,200.0,103.42378,0.008869706,29.606445,53.41632,303.52017,72.49969,10.0,1.0,0
123.18551,200.0,134.27156,0.0020138344,38.844913,31.85654,336.96606,192.1719,17.0,2.0,0
218.34961,200.0,103.90819,0.005453054,11.589894,34.28123,189.02307,55.96238,6.0,4.0,0
166.57222,200.0,93.72607,0.037212215,33.600605,39.315594,11.732586,61.83418,13.0,0.0,0
244.16231,400.0,81.98802,0.0018680164,18.528337,42.047215,199.65514,165.96231,4.0,3.0,0
84.58189,200.0,102.73282,0.008603334,37.58655,43.13037,352.39197,73.811165,16.0,4.0,0
176.92679,200.0,99.61019,0.00038985934,45.18634,89.572815,362.85742,188.77916,11.0,3.0,0
311.90186,201.0,67.776436,0.019372506,16.148762,68.705574,228.4261,100.23074,20.0,0.0,0
209.40834,204.0,57.89325,0.033553947,73.932304,39.5639,185.9897,184.3222,18.0,1.0,0
69.06741,201.0,108.04101,0.014937819,45.40951,29.955208,220.36642,225.28589,22.0,5.0,0
150.92772,200.0,75.49283,0.016782898,43.239563,51.49971,182.20093,178.6526,8.0,0.0,0
306.31958,200.0,154.9571,0.012899304,33.669872,68.17115,217.6225,304.284,4.0,1.0,0
259.84375,200.0,100.59482,0.0056827017,62.140717,46.966076,329.42056,158.06697,16.0,3.0,0
173.12592,200.0,97.76219,0.0018839048,43.54026,50.13899,128.87584,39.336086,0.0,0.0,0
7180.5825,200.0,58.40132,0.23942412,92.38106,80.05643,8012.5884,7821.6255,19.0,2.0,1
178.69191,301.0,81.69536,0.0039416407,56.391293,40.57646,418.09528,182.48097,16.0,5.0,0
100.40793,200.0,98.29578,0.005329077,42.788853,64.32516,477.1966,82.368164,13.0,6.0,0
152.80807,200.0,107.41676,0.007642781,35.585983,51.80811,236.72723,137.93582,15.0,6.0,0
231.47731,200.0,177.63492,0.00048959267,23.33303,77.13185,150.92322,190.43231,4.0,5.0,0
134.46701,200.0,93.63087,0.0036966964,53.881794,52.302162,172.87561,50.981518,19.0,3.0,0
466.61588,200.0,120.8791,0.024602998,64.40899,43.349182,253.83698,210.71292,19.0,3.0,0
182.17493,200.0,80.71577,0.02022088,41.924892,38.932034,193.87254,274.45584,13.0,5.0,0
173.20029,200.0,40.262592,0.020174531,25.723217,65.29941,200.61124,221.635,16.0,3.0,0
132.0148,200.0,80.03847,0.009965772,61.03654,52.691376,331.25186,115.289566,11.0,3.0,0
159.74268,200.0,8.340462,0.015391778,32.233196,21.183266,141.46419,149.29037,16.0,3.0,0
266.62134,200.0,87.81271,0.01078134,7.664262,57.534386,289.82718,169.62122,6.0,2.0,0
450.26337,200.0,106.056854,0.0063027437,25.827608,48.097782,339.0043,221.1337,12.0,1.0,0
136.25519,200.0,53.074497,0.004377367,21.385075,25.37336,247.69559,72.61489,23.0,1.0,0
100.40795,200.0,40.899837,0.021323638,25.991938,58.037865,323.7675,190.79951,17.0,6.0,0
193.8272,200.0,97.06867,0.0053525516,47.04165,37.98259,344.99554,112.01272,13.0,2.0,0
356.5516,200.0,86.411285,0.0011612313,41.44198,46.85003,329.83282,195.06976,14.0,2.0,0
67.592865,201.0,61.497894,0.002557233,45.621838,55.531906,255.56364,342.35104,23.0,0.0,0
375.5655,200.0,102.943825,0.038795777,85.61239,88.25301,464.81598,261.83798,3.0,1.0,1
74.77497,200.0,137.84383,0.001342101,20.935808,32.438274,414.40085,175.25783,18.0,0.0,0
176.68356,201.0,84.99676,0.03497807,39.605198,71.519005,95.790436,143.03926,15.0,0.0,0
301.31277,200.0,108.17022,0.008295186,82.89564,53.579136,77.99352,147.75526,23.0,3.0,0
263.19925,200.0,115.244446,0.011076971,31.101429,50.066757,224.66469,184.17015,0.0,6.0,0
134.59024,200.0,104.96771,0.0015126786,42.946194,50.508614,175.12624,65.60639,15.0,1.0,0
186.36636,400.0,11.368282,0.002888967,10.204071,61.718685,196.38446,281.2375,1.0,4.0,0
386.65286,200.0,64.2783,0.0047668405,31.270267,45.86197,162.54773,131.61156,21.0,1.0,0
79.23781,301.0,161.82915,0.023549188,27.608845,46.792255,407.7035,153.91318,17.0,4.0,0
126.19476,404.0,67.53845,0.0049715503,32.644802,31.762903,191.00832,60.27254,4.0,6.0,0
233.2591,200.0,160.3609,0.021839825,26.81588,41.011826,90.03562,40.407,7.0,6.0,0
352.58618,200.0,76.73145,0.0033640661,36.7015,34.670654,327.5401,133.38176,14.0,0.0,0
242.12814,200.0,99.22634,0.0022255324,34.166756,52.02281,193.77058,35.553303,12.0,5.0,0
71.18207,201.0,165.97571,0.0069176704,48.895855,48.047638,189.05655,215.14505,9.0,0.0,0
186.9585,200.0,93.771126,0.0135806985,32.437725,52.75688,166.63194,137.19244,8.0,0.0,0
145.15073,200.0,89.40376,0.021399189,60.10021,62.44055,270.63187,33.832726,1.0,1.0,0
73.855446,200.0,111.9204,0.014448061,49.825493,48.021816,153.30046,164.96439,14.0,1.0,0
161.48291,200.0,79.53656,0.0073533813,39.065567,65.97747,330.01175,136.7249,19.0,5.0,0
164.39944,200.0,72.98959,0.0016500741,43.81498,12.255273,199.87666,162.5526,19.0,1.0,0
250.65561,200.0,89.50656,0.007769558,32.072205,36.269535,249.94511,170.18768,3.0,3.0,0
348.46658,200.0,62.95596,0.016262524,39.214767,71.56924,218.27531,150.49272,8.0,4.0,0
137.28943,200.0,82.702805,0.0032887545,37.480305,56.30347,98.27354,152.0164,5.0,5.0,0
156.4141,204.0,56.826324,0.0052427063,37.650715,35.100735,369.10065,75.40602,23.0,0.0,0
148.22128,200.0,90.453926,0.005700404,48.80768,50.638878,205.09004,153.01035,22.0,2.0,0
189.93237,200.0,102.836525,0.0014548706,84.98648,14.0124445,165.01347,181.65596,15.0,6.0,0
194.83273,200.0,112.14404,0.033043455,51.29838,43.821995,317.98615,96.99012,6.0,3.0,0
149.34448,200.0,109.06118,0.019683301,44.121532,82.055916,168.46962,307.26785,8.0,5.0,0
109.46008,200.0,104.22207,0.0018735284,52.14685,67.946,205.12004,221.33267,16.0,2.0,0
35.681995,200.0,153.34233,0.00066196395,46.651386,70.782455,361.8297,91.71994,8.0,5.0,0
403.66556,200.0,112.71832,0.002140912,24.257431,83.349915,368.39966,37.60891,23.0,5.0,0
497.64493,200.0,89.92858,0.0011992012,29.905687,51.826263,238.13141,61.07553,6.0,4.0,0
155.48175,204.0,83.504395,0.015118543,43.255672,49.17904,153.55038,87.230705,8.0,1.0,0
200.0578,200.0,60.75943,0.0062800418,39.480972,48.207775,269.91672,34.755524,16.0,2.0,0
379.168,200.0,196.98975,0.014062026,93.18994,97.37269,414.38693,193.13371,20.0,2.0,1
128.64131,200.0,61.401726,0.014684195,31.286541,46.75334,267.60785,48.567738,4.0,6.0,0
97.36944,200.0,73.36326,0.00088662724,25.066353,42.760883,242.31166,108.38315,15.0,2.0,0
282.4575,200.0,153.46886,0.01619478,59.57566,44.045185,339.0091,104.67373,7.0,2.0,0
101.18119,200.0,27.864449,0.015877822,34.028988,27.029058,126.48602,199.7753,13.0,0.0,0
75.49798,200.0,94.9814,0.02106942,41.783005,55.964214,341.40488,7.385128,20.0,3.0,0
183.87402,200.0,76.697914,0.014792779,18.779673,39.290314,156.21913,143.2089,7.0,3.0,0
154.92291,200.0,54.158836,0.010621889,39.04,62.987118,207.47165,118.66399,9.0,6.0,0
56.034412,400.0,61.064766,0.0036551687,24.088942,47.85478,233.47421,64.74048,19.0,6.0,0
364.01608,400.0,71.37822,0.0055119493,62.363754,45.76616,265.25546,184.81525,4.0,0.0,0
63.850845,200.0,77.303406,0.003917278,21.17444,22.204803,383.6242,188.3689,19.0,5.0,0
183.33887,200.0,80.75299,0.0054520974,9.995888,54.1534,259.76886,17.867393,4.0,5.0,0
171.70543,200.0,60.064697,0.00035934092,51.39499,57.229763,261.1782,256.11084,21.0,2.0,0
157.56563,200.0,116.78474,6.7210254e-05,23.26395,53.205242,401.4094,86.215996,9.0,5.0,0
310.33438,200.0,164.54623,0.001351597,33.316433,73.72473,421.06143,78.486115,2.0,6.0,0
226.74852,200.0,123.73213,0.012926213,28.257078,27.488247,235.95375,31.487165,18.0,2.0,0
332.6614,200.0,112.70387,0.009939555,21.993025,44.19449,429.29453,68.93185,2.0,0.0,0
156.8453,302.0,124.413605,0.009666643,41.760876,62.367165,274.93076,87.11444,6.0,4.0,0
255.58162,200.0,107.27422,0.0004064145,59.63623,51.330597,326.0417,242.6444,23.0,1.0,0
157.96147,500.0,84.24566,0.01071955,32.963413,58.36655,127.34386,26.498764,9.0,6.0,0
120.14054,200.0,76.448975,0.014224346,56.540894,44.871735,444.6982,254.84976,11.0,3.0,0
68.25085,200.0,106.42901,0.00026193046,42.083977,45.065895,158.36581,102.405365,14.0,3.0,0
143.09251,200.0,129.56863,0.0028134773,51.510212,50.53883,282.5398,157.64713,13.0,3.0,0
106.99318,200.0,129.26498,0.0013166047,65.34282,70.92257,350.81686,114.78748,12.0,4.0,0
147.30203,301.0,74.41279,0.0013726912,31.82892,63.613213,205.72789,255.05206,16.0,3.0,0
646.65485,200.0,175.90372,0.03840764,93.86338,96.72086,463.60776,336.83838,13.0,5.0,1
295.14667,200.0,93.125565,0.0025562881,28.020166,34.698193,313.69897,114.25637,19.0,1.0,0
257.4977,400.0,90.51377,0.012015748,57.550568,65.6294,275.778,224.66498,11.0,3.0,0
127.063354,200.0,163.66328,0.0025584048,31.708326,58.527336,197.459,215.1638,9.0,1.0,0
254.12187,200.0,139.52203,0.003443401,53.517895,63.9853,252.22438,268.89368,19.0,5.0,0
275.34338,200.0,97.78681,0.0056377747,24.470306,60.238056,220.66228,341.6725,21.0,0.0,0
172.92764,204.0,82.847374,0.0075196554,62.763737,31.56572,333.20584,165.69907,15.0,1.0,0
894.98944,200.0,140.14642,0.07841989,54.59093,66.43448,9904.89,8928.055,3.0,1.0,1
94.194084,200.0,128.25471,0.00041905095,30.98453,50.275127,72.34021,53.74661,10.0,3.0,0
142.51901,200.0,77.543106,0.0015385702,53.283546,70.781715,144.14081,135.96191,9.0,6.0,0
154.19977,200.0,82.818,0.0025462941,24.349092,67.85489,145.16295,33.76657,12.0,6.0,0
116.86849,200.0,55.865417,0.002273049,72.57642,44.65237,202.19688,78.62018,5.0,2.0,0
175.01566,204.0,121.12325,0.0021437902,26.843744,34.48266,465.12186,227.56355,18.0,3.0,0
109.200165,200.0,100.49385,0.007748186,16.885794,48.592915,361.94455,70.00572,12.0,6.0,0
81.55286,200.0,113.75652,0.01442309,29.391409,54.11539,163.869,191.53485,8.0,3.0,0
194.2493,200.0,108.829994,0.0021826853,57.860638,52.642834,240.06636,307.2217,8.0,1.0,0
65.110344,200.0,10.281957,0.0025575715,14.013109,57.07319,260.39655,205.27162,20.0,6.0,0
269.74063,200.0,146.01535,0.015950143,44.5902,45.911793,242.1444,139.05621,7.0,5.0,0
238.76111,301.0,85.11768,0.021215046,33.10747,37.164913,382.2118,43.284946,18.0,0.0,0
162.3114,200.0,136.6718,0.0054344344,44.46222,56.27046,161.77785,69.20612,8.0,4.0,0
122.202576,200.0,121.206764,0.0017562559,38.586044,56.591686,321.42307,103.817,16.0,2.0,0
158.0705,200.0,65.422104,0.0009673649,30.883211,43.90978,367.3926,53.738724,20.0,6.0,0
306.9628,200.0,123.71803,0.0047531324,42.496197,68.97709,176.34319,122.89838,1.0,4.0,0
272.9141,200.0,126.38202,0.0009821974,26.470524,63.80816,258.41675,157.0371,5.0,5.0,0
102.882744,200.0,102.58063,0.010505215,55.846508,31.315067,233.81372,228.4631,7.0,0.0,0
370.7156,201.0,130.27982,0.0024287708,42.760284,69.612144,60.00326,120.40836,23.0,3.0,0
401.45938,200.0,160.23964,0.00972991,31.618145,53.935436,194.13849,100.254524,12.0,2.0,0
294.4614,200.0,119.51937,0.002923538,47.408558,60.911415,474.31137,250.63861,1.0,4.0,0
214.02795,200.0,123.258194,0.01138483,24.58802,29.568727,301.31375,304.38965,12.0,0.0,0
148.28299,200.0,83.12228,0.02022546,47.077705,44.517784,271.39587,266.63074,6.0,0.0,0
75.29794,200.0,151.44354,0.003458957,37.261475,39.00926,251.71205,213.76756,12.0,4.0,0
226.24138,200.0,136.74564,0.0034408248,16.967005,61.82741,388.56647,128.1315,2.0,2.0,0
146.40572,200.0,113.73202,0.0008658963,32.80897,36.645157,165.3129,81.55177,6.0,1.0,0
235.49231,200.0,129.7484,0.0026010133,40.443157,30.659847,317.0508,220.48004,2.0,3.0,0
188.95207,500.0,116.989716,0.00048944604,32.143345,37.763657,147.98785,153.6315,20.0,2.0,0
125.69871,200.0,71.04916,0.016626606,42.2436,38.18184,280.85034,127.3678,14.0,5.0,0
312.15845,204.0,95.942,0.0055668657,63.4374,69.61147,131.06497,97.969406,1.0,3.0,0
177.67137,200.0,99.12561,0.0031330367,51.20062,68.683266,230.69743,160.49542,22.0,3.0,0
233.65546,200.0,141.28119,0.005446789,29.332596,67.78729,144.86664,106.965385,10.0,4.0,0
292.53574,200.0,108.695595,0.0038812777,53.492035,58.05883,157.8297,235.84679,9.0,3.0,0
72.32081,200.0,153.37515,0.0014736525,31.033567,62.54532,236.18857,231.20576,1.0,5.0,0
165.36063,200.0,102.06033,0.014028316,36.66604,40.164246,178.38348,55.846622,5.0,0.0,0
153.13756,200.0,83.98076,0.00042313646,44.206696,49.383793,156.09203,77.28943,8.0,2.0,0
127.606544,200.0,65.22861,0.008692264,60.731396,55.037735,183.89024,268.13297,12.0,5.0,0
146.30884,200.0,113.02708,0.0052769803,49.423927,57.91864,196.98094,51.833706,4.0,3.0,0
134.31409,200.0,92.080475,0.03408587,28.927069,40.732952,282.15955,188.24362,12.0,1.0,0
130.49683,200.0,99.13311,0.00824895,42.23563,63.003315,109.94545,64.73825,23.0,2.0,0
270.1783,200.0,40.631794,0.003929757,45.58277,37.096493,227.98962,154.6832,1.0,5.0,0
57.552177,204.0,68.57776,0.044593208,37.367588,54.8847,215.96225,109.42744,23.0,3.0,0
233.11243,200.0,82.329605,0.012169258,35.259335,71.97369,217.0536,258.63333,22.0,0.0,0
207.32057,200.0,103.298454,0.0014630697,47.695393,66.96005,213.29994,90.89433,19.0,5.0,0
259.62302,200.0,59.982353,0.0048297103,35.88263,63.194508,408.0188,75.82885,20.0,1.0,0
254.0253,200.0,100.884735,0.019281043,15.1132,49.028034,342.89203,162.02802,3.0,5.0,0
226.17647,200.0,91.02019,0.012398925,34.864807,34.255955,208.05444,0.0,0.0,1.0,0
192.27768,200.0,140.89969,0.00018520038,47.45486,11.406837,108.5538,231.5716,14.0,2.0,0
187.10645,200.0,115.91759,0.009779645,46.924538,45.04911,168.58205,282.7467,15.0,2.0,0
161.50827,200.0,105.71527,0.010153855,61.319405,46.57345,323.50507,208.18666,10.0,3.0,0
397.75867,200.0,111.76473,0.0059504216,30.320564,57.832607,326.51288,335.18463,13.0,2.0,0
169.98863,200.0,103.38636,0.0052810153,53.943943,79.12174,169.13863,176.30676,12.0,6.0,0
35.116676,200.0,70.474815,0.021296829,13.704482,63.113647,210.29893,9.118687,14.0,3.0,0
364.2976,200.0,110.92927,0.016525397,71.62462,51.911175,268.8719,88.48508,9.0,2.0,0
111.94867,200.0,81.346855,0.0048597176,51.866314,50.700363,408.1187,264.76434,20.0,1.0,0
236.7988,200.0,134.32614,0.0037259397,53.439835,41.9053,247.37326,145.71843,8.0,0.0,0
62.712845,400.0,128.6377,0.018183481,23.469017,60.082836,78.20194,245.13611,12.0,5.0,0
150.34537,200.0,90.814445,0.01339522,38.334984,61.226093,197.19734,188.56342,13.0,0.0,0
57.924572,200.0,78.56409,0.0016250344,68.01094,55.708626,509.27255,274.98972,15.0,2.0,0
119.6615,200.0,123.39791,0.017347617,44.617157,63.272045,177.36293,290.1017,4.0,6.0,0
188.07059,201.0,130.14372,0.015412446,30.924026,31.266329,221.68536,106.58829,6.0,6.0,0
137.5584,200.0,116.664665,0.00039648064,33.47898,52.86318,191.07751,118.19374,23.0,0.0,0
198.7052,200.0,66.153076,0.006069147,19.041983,51.801777,246.99084,290.40088,0.0,1.0,0
277.79346,204.0,151.79005,0.024943957,36.830597,54.54183,223.67146,69.44397,12.0,1.0,0
133.84564,200.0,106.98825,0.010287443,23.507534,59.295994,258.6072,41.39845,6.0,4.0,0
238.46729,200.0,171.92564,0.00041743848,87.49361,74.77159,470.4144,77.26952,9.0,0.0,0
316.19806,200.0,133.03223,0.031823225,52.403236,50.63538,415.96454,81.683426,6.0,0.0,0
305.0635,200.0,122.90272,0.003977368,52.02631,60.701954,345.5111,67.92475,7.0,2.0,0
264.52274,204.0,109.83323,0.0053011165,39.46062,43.139328,250.22617,61.86784,3.0,4.0,0
124.61296,200.0,169.18939,0.01693722,23.063711,22.629679,180.9423,318.68973,7.0,1.0,0
123.13513,200.0,126.02199,1.8320903e-05,64.869934,61.343662,209.77092,123.22729,10.0,3.0,0
108.57191,200.0,131.7509,0.002701706,41.812004,40.447544,327.83414,172.76698,3.0,2.0,0
106.91503,200.0,78.73395,0.0004939803,8.807127,37.603252,278.12192,108.9503,9.0,6.0,0
254.29292,200.0,122.5718,0.007375034,13.57701,45.74844,180.90428,124.32734,23.0,2.0,0
383.99805,200.0,74.22342,2.9648132e-05,36.767128,46.401016,108.98019,72.794174,7.0,3.0,0
210.73843,200.0,94.347824,0.017819617,44.29345,86.43239,230.74179,0.0,23.0,0.0,0
274.2685,200.0,107.55891,0.001900214,44.870564,38.86614,299.89072,120.47628,20.0,4.0,0
201.56854,200.0,85.449455,0.0046573146,22.979733,51.869045,349.5904,165.73914,2.0,5.0,0
118.26134,200.0,40.7973,0.009198275,17.78864,62.572754,323.2501,36.87132,3.0,0.0,0
308.1828,200.0,133.92024,0.00090958236,42.363136,68.716156,360.1248,260.43427,18.0,5.0,0
136.28688,200.0,76.723854,0.016487718,54.889046,66.213776,118.27097,215.35199,0.0,4.0,0
251.8296,200.0,135.8958,0.0030093852,31.464659,50.81464,383.1502,296.41006,3.0,4.0,0
332.74835,200.0,141.30154,0.00040624698,45.745407,46.394367,353.63687,97.490685,11.0,6.0,0
157.83553,400.0,99.24134,0.0070155165,44.343353,53.56897,39.08388,408.02496,3.0,1.0,0
128.25185,200.0,109.50751,0.003375245,44.816227,66.529686,244.182,146.1116,20.0,5.0,0
420.57047,201.0,98.136894,0.017235827,10.279412,42.87667,140.72112,104.25627,21.0,6.0,0
249.38033,200.0,102.28721,0.022677733,38.420597,46.30776,170.20398,117.91018,12.0,5.0,0
226.1799,404.0,99.4831,0.0038426784,54.450115,50.160168,387.68884,149.62282,10.0,0.0,0
336.20746,200.0,162.21129,0.008531497,27.03051,61.054962,236.24442,96.49301,18.0,0.0,0
113.300964,200.0,124.5486,0.011229137,49.79575,15.025777,281.2367,125.655,20.0,6.0,0
238.67033,200.0,42.245445,0.045107674,29.611431,24.820343,275.4608,70.062454,6.0,5.0,0
141.43224,200.0,81.887245,0.013773675,39.976067,57.59914,243.35144,185.11443,4.0,5.0,0
334.1677,200.0,77.16018,0.0025530227,58.140213,62.44653,317.24567,245.64244,19.0,0.0,0
304.48572,200.0,83.39016,0.0021168378,32.21106,50.299736,251.34769,123.09882,1.0,4.0,0
68.01828,200.0,76.02787,0.0024153714,19.633276,65.211525,108.63669,165.36461,23.0,0.0,0
232.69603,200.0,139.18297,0.0032367327,52.35246,57.322025,78.913895,26.743826,0.0,6.0,0
125.706184,200.0,92.20385,0.00449353,22.818094,51.82388,167.20448,78.13786,3.0,6.0,0
258.38474,200.0,76.63986,0.017907819,50.767704,52.509117,236.77654,214.5598,0.0,2.0,0
231.22755,200.0,160.66525,0.006873095,8.025772,40.042995,138.52472,241.76482,9.0,6.0,0
158.8698,200.0,67.94477,0.014645595,41.728306,43.26139,163.57797,244.65494,7.0,6.0,0
175.93417,200.0,109.578026,0.03425435,39.834106,40.603374,286.19592,80.38401,1.0,1.0,0
144.82216,301.0,128.6852,0.004029011,29.456137,39.542862,382.0416,89.84836,5.0,3.0,0
402.55536,302.0,114.35513,0.003868977,62.11997,87.021706,149.58727,98.077354,8.0,5.0,0
139.99245,302.0,61.32565,0.0725382,36.48585,47.441017,270.1649,65.99125,6.0,5.0,0
101.37029,200.0,146.85611,0.009940705,45.005703,43.657917,269.14044,119.59935,9.0,6.0,0
172.00172,201.0,130.47627,0.005595006,45.923847,6.1241517,357.85892,151.67577,0.0,1.0,0
190.22534,200.0,91.04199,0.014567326,59.103397,42.012577,241.61765,285.75714,17.0,3.0,0
250.47476,200.0,77.33864,0.0011664899,24.388689,54.876656,366.9461,204.50877,13.0,6.0,0
214.08849,200.0,96.03302,0.002197754,32.775715,45.196774,233.90059,230.09094,15.0,3.0,0
113.086105,204.0,75.62247,0.0021243098,17.000343,59.061005,287.45792,145.65677,3.0,5.0,0
178.75586,200.0,118.50906,0.002238513,37.843426,45.718544,173.3427,220.82086,11.0,1.0,0
276.03577,200.0,84.75566,0.0038704013,50.504066,54.714405,244.53008,202.52217,17.0,3.0,0
248.0344,200.0,148.80164,0.006477815,11.677223,57.808514,327.375,24.000652,15.0,0.0,0
258.93875,200.0,48.499187,0.010965492,59.149677,49.874523,29.629381,191.03056,15.0,3.0,0
260.01587,200.0,75.97967,0.00028578046,41.912384,14.70115,382.9087,215.0929,17.0,2.0,0
152.14879,200.0,142.84834,0.015971012,56.55991,69.345726,351.3688,244.28433,18.0,3.0,0
77.96924,200.0,78.29107,0.0017450465,37.427544,41.88202,84.13929,119.91508,11.0,2.0,0
105.17348,200.0,97.32556,0.0041862614,20.151125,62.80201,321.29352,26.03396,4.0,5.0,0
219.91672,200.0,123.07614,0.0062021357,41.743347,46.4026,301.17007,64.00843,5.0,2.0,0
103.8182,204.0,111.36586,0.014512336,49.21367,59.95983,444.57294,118.51567,7.0,4.0,0
161.20248,200.0,72.63274,0.010145906,44.944725,47.043476,320.36682,141.25597,16.0,2.0,0
173.0344,200.0,44.474926,0.012500046,47.646935,71.78596,369.10474,120.28923,14.0,6.0,0
181.17526,200.0,157.83493,0.025705598,16.870918,58.29957,361.01056,176.44443,7.0,4.0,0
60.661182,200.0,130.08408,0.00039633134,25.777365,66.603,288.5258,71.58152,22.0,3.0,0
250.6938,200.0,113.149765,0.027402489,37.974293,61.55529,207.99507,164.7735,16.0,6.0,0
118.93735,200.0,79.95868,0.005170009,33.952396,42.91829,427.9274,128.67416,18.0,2.0,0
97.53682,200.0,100.39434,0.025434561,58.46142,37.730064,147.76036,209.94466,7.0,5.0,0
482.38065,200.0,148.36937,0.007566274,67.855804,20.035526,172.41898,97.14257,20.0,4.0,0
344.76572,200.0,75.25888,0.015180985,43.963646,45.83233,14.970973,176.30095,5.0,4.0,0
128.4989,200.0,60.019432,0.010627991,24.148708,58.302826,260.17697,96.70911,16.0,5.0,0
315.35605,200.0,128.5806,0.007852057,33.991135,46.01824,268.4014,28.301521,0.0,0.0,0
319.2695,201.0,129.90813,0.0005428836,40.3086,86.67756,341.89996,59.143017,13.0,2.0,0
117.43081,200.0,112.77746,0.0031552662,44.454655,31.710285,217.82387,154.16656,0.0,4.0,0
277.5128,200.0,145.53285,0.0018460025,42.7319,55.698204,182.18687,55.218822,10.0,3.0,0
318.51944,200.0,108.143585,0.00935436,53.104336,39.08666,309.1727,208.69858,2.0,3.0,0
350.6175,200.0,109.52333,0.004363633,41.133507,36.740208,100.98217,19.97471,15.0,4.0,0
161.16795,200.0,130.07729,0.011602594,21.839314,29.622969,184.96349,205.64708,4.0,1.0,0
144.68777,200.0,46.10664,0.0016256183,24.795761,81.50903,234.40149,5.719005,16.0,3.0,0
214.80096,200.0,75.77689,0.01598129,39.09316,51.435226,220.57608,188.34218,10.0,2.0,0
179.95767,200.0,102.851,0.007273079,47.198578,29.363451,237.48738,105.42001,9.0,6.0,0
135.47789,200.0,143.77933,0.021562036,25.964958,33.72577,248.45773,176.7142,15.0,5.0,0
384.20462,200.0,93.297485,0.008080282,51.495525,52.224346,214.20053,295.01453,3.0,2.0,0
91.457146,200.0,109.84661,0.012132059,61.843063,64.93558,72.2986,136.25464,23.0,5.0,0
295.2039,200.0,117.572754,0.010528406,21.708385,63.97595,146.88495,143.27557,2.0,4.0,0
377.16287,200.0,119.5823,0.00071580027,25.092672,33.649586,215.26428,114.24089,0.0,2.0,0
147.23357,200.0,100.90971,0.0034947547,29.073185,50.845863,255.3191,105.80812,10.0,5.0,0
352.56778,200.0,129.3993,0.004459116,50.138294,68.82499,187.56522,275.40176,12.0,2.0,0
224.90259,200.0,116.960625,0.0028231977,30.916027,47.53279,390.00766,93.64935,2.0,6.0,0
204.95386,500.0,89.932526,0.023106107,33.427834,67.68457,149.48639,172.65486,22.0,4.0,0
332.4557,200.0,102.90801,0.010666018,54.650158,61.90471,154.30336,106.96276,7.0,5.0,0
105.11517,200.0,79.528465,0.021784974,26.725693,50.78355,399.53998,119.48891,12.0,3.0,0
220.17085,200.0,91.23838,0.0051650577,34.08389,38.12102,154.38539,67.677246,18.0,6.0,0
174.86223,200.0,114.484055,0.0040792534,25.771536,42.125557,314.40396,204.87514,1.0,4.0,0
298.58456,200.0,67.42773,0.005106197,67.81474,25.491676,316.2709,236.81352,21.0,3.0,0
8441.966,503.0,90.660904,0.10648967,33.212414,78.98166,293.77097,201.82051,19.0,4.0,1
232.62137,400.0,86.19822,0.0033149726,48.65599,38.37258,297.15637,308.63025,4.0,1.0,0
323.66968,200.0,197.83302,0.022718461,98.18285,91.3089,379.7878,187.47086,7.0,5.0,1
131.90073,200.0,115.9296,0.009323986,30.093693,34.326805,404.90158,205.37129,6.0,4.0,0
175.76846,200.0,98.06823,0.011464119,37.90934,22.359446,104.59992,4.744778,0.0,3.0,0
129.11334,200.0,75.3377,0.026742846,55.446564,78.6527,203.90712,161.79593,2.0,5.0,0
371.36337,201.0,131.49062,0.0010727746,35.924126,47.82949,309.23148,0.0,13.0,0.0,0
174.55931,200.0,139.10083,0.012969074,43.72328,71.89616,179.20589,74.42749,23.0,1.0,0
58.03852,200.0,138.44817,0.01849069,34.280083,37.044895,348.4854,100.09263,0.0,0.0,0
146.74973,200.0,113.92509,0.012564714,30.399992,69.93635,235.38962,146.46806,20.0,1.0,0
263.63245,200.0,155.92627,0.0011903846,54.497284,52.054314,92.64021,150.16122,10.0,5.0,0
351.09427,200.0,116.40784,0.0056852964,61.1513,45.769375,349.1828,137.71603,4.0,2.0,0
239.18738,200.0,95.07858,0.013152627,22.196304,44.277363,287.29144,324.5548,18.0,5.0,0
113.014854,201.0,53.097595,0.004700234,54.564686,47.88419,230.32637,46.09873,23.0,3.0,0
94.30158,200.0,58.150333,8.603871e-06,64.86143,57.709904,274.67883,83.93275,18.0,2.0,0
352.31268,200.0,164.27812,0.01805607,88.82926,90.15181,339.74707,210.87123,4.0,6.0,1
84.69637,200.0,101.871086,0.0024490613,25.377548,41.2188,211.52443,270.9775,1.0,5.0,0
163.42125,200.0,18.547054,0.009136242,68.84979,18.178055,206.04816,264.5702,0.0,4.0,0
249.18636,200.0,84.05146,0.001451356,71.47959,52.132153,264.2853,211.03484,4.0,6.0,0
101.2499,200.0,70.599144,0.001161672,18.267262,26.803856,191.38362,130.49825,6.0,6.0,0
148.851,200.0,129.81961,0.008011578,37.679302,94.27871,278.71628,179.83617,15.0,0.0,0
232.97736,200.0,78.15469,0.003180928,45.68899,62.614803,300.4485,96.48707,5.0,4.0,0
8236.91,503.0,110.55089,0.14156336,88.96111,78.73875,9665.766,9667.676,17.0,1.0,1
159.9814,200.0,69.92837,0.011066253,22.632998,64.378525,194.4342,81.470314,18.0,1.0,0
157.26196,200.0,119.580925,0.007648159,33.972984,30.73508,274.98065,94.41855,5.0,4.0,0
101.00553,200.0,87.04201,0.010836355,13.473794,41.69701,346.99933,204.0758,20.0,2.0,0
229.26123,200.0,158.32991,0.0028922043,28.48126,57.26967,187.19029,0.0,7.0,2.0,0
81.17082,200.0,98.00644,0.013788579,54.323494,45.824993,203.56633,52.253555,1.0,0.0,0
280.0068,200.0,94.25786,0.007785132,24.759655,4.3072515,428.653,137.17485,22.0,4.0,0
87.56485,200.0,126.07987,0.02293376,55.876404,30.440636,368.1995,70.85379,8.0,2.0,0
131.09311,200.0,107.4619,0.009747386,28.11965,71.58603,349.82053,295.38824,16.0,6.0,0
172.50163,200.0,62.518764,0.00010756778,39.315514,32.627792,230.8044,202.15437,13.0,5.0,0
150.0797,200.0,138.0986,0.004605297,25.948593,50.8608,302.14282,65.53701,1.0,4.0,0
278.6798,204.0,118.7473,0.01003476,69.22963,50.727562,293.4517,79.21166,16.0,5.0,0
155.50299,400.0,127.379776,0.004874775,46.64223,77.94927,333.85275,113.322,8.0,5.0,0
167.60196,201.0,95.89471,0.001210701,49.18255,71.13231,451.99918,117.41335,23.0,1.0,0
211.07982,200.0,121.9507,0.0047852523,52.121887,58.96926,183.47182,179.72191,17.0,0.0,0
326.76474,200.0,47.283558,0.008193131,28.3094,58.21544,288.64047,57.41473,0.0,0.0,0
7008.478,503.0,136.3085,0.2375876,77.727196,86.22766,7300.0034,9244.519,5.0,6.0,1
1012.1428,504.0,94.41662,0.23442395,40.431824,51.633694,364.52252,167.89026,14.0,5.0,1
289.875,200.0,58.185867,0.008826276,63.924652,38.580975,318.91263,101.4231,23.0,2.0,0
233.5489,200.0,112.69309,0.001443055,67.567085,59.13683,301.73563,118.37168,19.0,1.0,0
199.93002,200.0,107.68396,0.0018795399,37.852974,45.37488,177.73392,288.74643,22.0,3.0,0
88.73485,200.0,62.55772,0.0024809302,36.08211,52.009426,428.41486,118.50123,14.0,2.0,0
88.201004,200.0,104.09623,0.015356224,35.341827,76.379486,242.78293,48.572475,17.0,3.0,0
9120.33,504.0,106.721924,0.23013529,63.41716,42.783405,252.33986,258.3765,8.0,1.0,1
92.77483,200.0,127.558525,0.0067153005,34.743896,42.79113,133.18753,202.69258,17.0,1.0,0
210.62817,200.0,63.8343,0.0038943265,46.93593,49.288113,342.02884,44.07831,22.0,2.0,0
174.23753,200.0,106.00859,0.003881677,35.440723,38.890743,275.7597,238.33418,11.0,6.0,0
157.95348,200.0,56.13005,0.0041295155,53.25966,39.554543,207.64659,135.33401,22.0,0.0,0
300.19662,200.0,74.446014,0.010510029,65.206856,30.893637,278.6321,76.946144,4.0,1.0,0
130.55688,200.0,74.23419,0.049582776,25.528652,55.384315,158.37967,263.3964,14.0,6.0,0
217.97707,200.0,109.9219,0.01796108,53.705452,63.158985,303.51218,265.8251,3.0,6.0,0
144.62555,200.0,50.236057,0.018640207,42.730988,57.340202,103.267815,86.26046,11.0,6.0,0
267.1454,200.0,95.22113,0.0014582216,49.388798,55.460438,250.90894,222.80437,20.0,1.0,0
126.90785,200.0,145.68585,0.0038635333,64.293755,51.97211,278.21384,99.60311,2.0,4.0,0
203.88013,200.0,82.28426,0.0001836848,37.655186,35.95808,136.63097,127.369804,22.0,0.0,0
205.37573,200.0,99.42734,0.005373671,58.218563,21.913946,369.69754,74.96015,17.0,5.0,0
216.37187,200.0,97.06294,0.02599619,55.999577,12.461832,254.22075,141.65361,15.0,4.0,0
269.4571,200.0,43.413532,0.012186296,40.296406,66.38318,183.4198,80.62259,6.0,2.0,0
3340.3022,502.0,136.99376,0.24110548,42.60148,77.09494,345.65982,168.79483,17.0,2.0,1
127.983765,200.0,121.53085,0.011532515,50.505,50.02195,264.37296,206.31734,4.0,4.0,0
233.069,200.0,123.536736,0.0067464374,46.9981,70.369446,177.02563,176.66095,0.0,4.0,0
129.62186,302.0,68.118645,0.011582736,49.38451,43.399265,229.19862,114.49487,1.0,2.0,0
165.89531,200.0,112.04144,0.022074133,69.67321,55.866417,191.31061,190.0157,15.0,5.0,0
191.52338,301.0,105.22168,0.0057882066,77.494026,61.11859,250.55315,154.34691,9.0,5.0,0
145.98244,200.0,148.08893,0.02716436,57.908215,49.27182,109.069695,95.20161,5.0,3.0,0
282.09308,200.0,91.464874,0.0035070197,28.989662,44.743896,159.86263,17.292814,4.0,5.0,0
306.13956,200.0,102.32368,0.0031817807,47.990105,54.7366,36.641373,3.3610656,0.0,0.0,0
128.80916,200.0,117.153946,0.0123842405,12.940213,58.41974,140.18317,199.20468,12.0,1.0,0
118.653854,201.0,139.0692,0.01019195,49.91814,37.33437,392.8637,147.45331,0.0,0.0,0
379.19098,200.0,116.06538,0.007536905,39.59735,22.372766,332.95532,106.370575,1.0,4.0,0
142.59308,200.0,84.21772,0.003351312,38.563732,26.090406,334.55545,269.47083,17.0,1.0,0
239.85217,200.0,109.56224,0.00032572547,55.50278,56.741405,355.31772,181.6708,13.0,0.0,0
149.84546,301.0,83.44129,0.010260145,38.891922,49.751575,131.33606,144.06432,6.0,4.0,0
278.44516,200.0,76.27594,0.006156125,6.196803,31.188173,205.645,111.78016,7.0,5.0,0
309.2151,201.0,77.339775,0.0028011738,42.515255,40.62893,270.47897,193.01819,9.0,1.0,0
635.8174,200.0,105.90856,0.049990617,91.073875,86.2956,461.04245,257.49927,16.0,2.0,1
163.46246,200.0,68.64224,0.013006285,25.23717,28.60566,369.8844,36.40499,16.0,2.0,0
158.40273,200.0,111.59484,0.0051492974,39.81063,53.08897,263.9214,180.9951,9.0,4.0,0
71.76158,200.0,84.22084,0.016247174,37.081852,53.768112,140.24545,245.45663,13.0,2.0,0
325.2055,400.0,110.48641,0.01478989,30.470125,51.559826,160.728,135.40239,21.0,2.0,0
102.33256,200.0,89.123856,0.025870979,35.06127,52.981216,393.9617,174.45206,23.0,4.0,0
150.5786,201.0,59.63759,0.014874046,38.571457,20.79133,295.37766,270.5616,6.0,6.0,0
194.66887,200.0,105.49304,0.012875199,31.380884,37.28068,216.96864,225.73091,9.0,4.0,0
161.30026,200.0,81.5591,0.0010252793,58.230824,46.55859,241.15408,144.68236,8.0,4.0,0
403.7214,200.0,88.00184,0.026355835,61.854126,55.540997,401.32687,148.475,10.0,3.0,0
320.17896,500.0,73.66836,0.0074980017,42.022217,48.96278,229.24687,90.99646,9.0,3.0,0
161.74689,200.0,124.39862,0.003410989,59.360485,68.804016,136.50488,183.98688,11.0,5.0,0
58.371227,200.0,66.443474,0.00096095365,38.339092,38.48512,131.81825,116.24329,6.0,1.0,0
142.67921,200.0,89.54102,0.0043457863,62.193375,44.788345,311.65314,219.38777,6.0,0.0,0
98.42145,204.0,64.75065,0.021299338,50.749958,55.002064,175.07196,80.16595,22.0,4.0,0
218.81342,200.0,122.60122,0.005577678,29.55052,47.473564,243.98935,165.25589,0.0,3.0,0
240.17424,200.0,78.380005,0.004251429,51.324306,32.631313,353.15298,116.899254,5.0,0.0,0
46.078194,200.0,80.69534,0.01802222,59.486473,50.43962,194.48344,147.34663,12.0,5.0,0
226.57402,200.0,64.92929,0.0031018206,33.63643,62.012352,245.03299,118.88678,22.0,4.0,0
137.5538,200.0,68.99544,0.008207887,45.879097,43.48671,302.4498,185.80434,3.0,5.0,0
268.8645,201.0,89.76255,0.016038876,26.839077,42.47231,229.19331,170.70306,15.0,4.0,0
152.08443,500.0,108.54743,0.008704838,64.13317,59.713043,178.12328,145.25134,22.0,1.0,0
154.6919,201.0,101.515144,0.013509457,54.974243,67.80849,144.62085,172.38573,23.0,0.0,0
231.05098,200.0,56.888832,0.030460637,49.387638,40.02012,214.67549,137.02174,13.0,5.0,0
375.4602,200.0,105.54498,0.017729752,50.002792,38.08093,272.8764,89.9667,12.0,2.0,0
151.83646,200.0,77.718445,0.0024508117,36.171577,40.213974,184.71178,115.82301,17.0,5.0,0
158.43217,200.0,129.10501,0.0034984984,49.169926,12.565819,174.27386,54.03754,4.0,5.0,0
125.238396,200.0,132.28484,0.009414547,28.394695,53.480114,257.99677,89.44945,17.0,5.0,0
211.21901,302.0,138.45671,0.00017081622,62.587093,49.14829,349.95245,207.7632,11.0,2.0,0
170.4141,200.0,101.64856,0.016909339,35.84496,30.85803,191.3505,214.58847,9.0,4.0,0
342.42377,200.0,61.705524,0.009293073,51.58895,65.36614,57.472015,96.56904,16.0,6.0,0
210.89403,200.0,119.53101,0.0062948097,36.868294,41.330486,429.638,174.61703,10.0,1.0,0
138.63268,200.0,82.53094,0.00871011,29.304222,47.825726,301.5512,150.25484,4.0,5.0,0
181.87616,200.0,114.39799,0.011694061,29.295345,64.099014,147.61095,100.95604,15.0,3.0,0
209.28748,200.0,132.38855,0.0073552686,29.606695,79.603775,310.51233,8.99772,14.0,4.0,0
257.64948,302.0,116.05401,0.0037660385,45.508987,57.784782,147.05806,0.0,13.0,4.0,0
225.5171,200.0,104.49753,0.005870898,46.270603,75.4174,341.68024,251.739,2.0,6.0,0
273.68286,200.0,89.19906,0.0017350552,19.839973,44.102882,205.34297,195.09738,7.0,1.0,0
271.105,200.0,115.5853,0.010074238,56.279644,56.500565,294.38422,122.70504,17.0,1.0,0
153.87613,200.0,128.31055,0.007513926,45.666874,41.77729,41.720028,218.7589,23.0,6.0,0
256.37396,200.0,65.929405,0.0078102443,73.527824,41.81877,341.95868,224.92932,13.0,6.0,0
107.58396,204.0,174.17415,0.0015683149,38.85339,71.39056,161.13477,168.64284,23.0,5.0,0
227.033,204.0,102.02054,0.001798917,57.732533,37.072906,122.32083,0.0,8.0,5.0,0
293.87497,200.0,86.75879,0.017647628,57.763348,28.805286,119.560074,146.04271,13.0,5.0,0
320.71222,200.0,68.34666,0.012830744,51.16291,79.09473,437.95892,244.95387,15.0,0.0,0
189.01039,200.0,132.50108,0.0057298345,29.240183,41.22282,202.35307,205.16061,17.0,5.0,0
185.23505,200.0,141.12552,0.023418047,39.780785,69.46238,212.57431,123.4351,8.0,6.0,0
171.27994,200.0,74.64406,0.013088292,45.116528,51.228188,255.92026,52.783543,22.0,6.0,0
142.57487,200.0,76.33356,0.006278092,24.92971,50.517982,238.52994,91.993004,18.0,1.0,0
48.831436,200.0,96.55174,0.007831824,35.103436,46.233204,265.05414,119.65386,10.0,2.0,0
442.0037,200.0,130.01631,0.0047578174,75.376114,31.131052,36.406086,0.0,10.0,1.0,0
235.18776,200.0,147.42445,0.013551417,51.026043,48.020462,301.1248,128.20506,23.0,3.0,0
306.27313,200.0,89.130615,0.024748983,41.8177,41.67775,155.85608,222.74612,17.0,3.0,0
146.27072,302.0,157.71838,0.001173166,28.364628,61.004135,318.20703,19.586403,2.0,0.0,0
264.22818,200.0,52.26838,0.0017236164,42.935402,36.87067,371.78345,212.5525,6.0,6.0,0
259.70312,200.0,120.128105,0.01586861,19.820055,56.669083,216.70287,139.91876,13.0,0.0,0
210.90605,201.0,51.801228,0.024075897,43.963703,53.345932,289.00232,199.24597,5.0,5.0,0
6007.834,503.0,135.17072,0.14070435,37.18662,56.52764,260.94434,253.10286,11.0,3.0,1
104.297165,200.0,84.64612,0.002430877,28.109505,57.315517,305.15723,79.840965,13.0,0.0,0
94.82408,200.0,122.41117,0.00064862607,53.382812,38.58559,280.7332,229.66983,8.0,4.0,0
210.40384,200.0,80.33947,0.0017439981,21.689474,64.47252,386.88947,188.46204,17.0,5.0,0
379.05713,200.0,170.46628,0.0011065194,30.677557,29.837927,100.29167,145.68532,3.0,3.0,0
95.7397,200.0,84.44508,0.012819318,49.546364,47.307365,177.92589,220.50954,10.0,0.0,0
372.4697,200.0,143.65721,0.0075744535,64.08252,67.807526,219.7495,3.8990917,12.0,5.0,0
305.31345,200.0,126.49074,0.00069982174,44.010323,42.183537,275.27527,176.41597,19.0,0.0,0
193.44211,200.0,116.99335,0.00035058628,42.950836,44.65785,385.05792,169.94928,18.0,1.0,0
131.806,200.0,88.63964,0.011164405,33.927464,76.6138,171.1371,290.96393,3.0,3.0,0
576.26306,200.0,123.8633,0.027022302,60.39121,65.79237,8968.477,8246.547,6.0,2.0,1
58.36449,200.0,122.95081,0.0044250754,55.40033,59.75145,342.9804,208.69357,2.0,6.0,0
127.47924,200.0,57.68164,0.003973124,41.445168,60.977905,256.1837,345.3455,17.0,3.0,0
185.23865,200.0,97.823135,0.0019209093,30.666636,65.66949,167.42299,238.40593,10.0,1.0,0
297.1563,200.0,124.2921,0.0051276903,51.38898,39.605137,135.67717,317.05502,17.0,3.0,0
290.46558,400.0,91.93141,0.002614148,40.798775,41.604004,208.20654,167.46106,1.0,5.0,0
70.50088,200.0,175.30684,0.0076651596,40.211212,60.4802,272.064,74.28783,5.0,3.0,0
179.55153,200.0,86.62622,0.002307427,56.29314,67.08879,179.5239,247.59848,20.0,6.0,0
143.80519,200.0,95.16796,0.0037117326,50.176598,69.354095,459.93185,282.05585,16.0,5.0,0
145.10867,200.0,104.39277,0.0015437067,55.318333,70.274925,134.97049,240.3593,5.0,1.0,0
160.12091,200.0,111.53679,0.004276225,19.920544,31.96693,0.0,171.20677,6.0,5.0,0
1446.5264,200.0,170.7757,0.035857692,62.677094,73.07058,8058.1294,9392.818,7.0,5.0,1
180.43211,200.0,16.154488,0.010543958,64.7492,57.85047,87.1197,14.840503,20.0,4.0,0
230.62811,200.0,93.60126,0.0046460847,42.604736,55.672707,179.12799,195.01915,15.0,2.0,0
128.79227,200.0,146.25386,0.039281573,48.851788,84.297485,204.1473,195.7815,20.0,0.0,0
367.5472,200.0,188.39336,0.037953503,86.05041,99.06794,403.58374,353.46332,23.0,3.0,1
217.81532,200.0,81.93448,0.0009245448,45.26051,63.602737,291.92105,103.937965,14.0,0.0,0
279.9572,200.0,112.69289,0.016267369,38.395245,50.377457,83.065346,14.443597,5.0,0.0,0
274.2341,500.0,83.22153,0.006020824,53.1914,42.796185,194.97972,287.76068,13.0,0.0,0
151.72264,200.0,143.4802,0.008544742,52.70055,47.45474,318.1033,62.194077,12.0,4.0,0
202.85136,200.0,72.08191,0.016524008,46.139885,50.41883,109.681,109.80651,0.0,6.0,0
317.93027,200.0,124.753494,1.9830806e-05,91.69319,48.424076,246.8908,98.39177,21.0,3.0,0
629.19147,200.0,168.86491,0.028047897,88.6059,92.41372,413.2228,172.9371,17.0,2.0,1
182.67766,301.0,137.74501,0.0077137155,58.097763,69.28946,128.73573,235.25949,2.0,2.0,0
115.774895,200.0,114.60964,0.006741684,68.73604,70.083084,107.82765,0.0,2.0,0.0,0
73.94716,200.0,136.82211,0.0037181145,28.906862,60.37609,242.36488,102.40296,18.0,2.0,0
280.90842,200.0,131.07838,0.023293748,52.3285,26.269594,323.5208,233.61339,13.0,2.0,0
183.08992,500.0,116.852905,0.043964837,55.44452,23.61465,280.06668,160.80916,6.0,0.0,0
284.35718,200.0,100.709724,0.00059345405,44.639603,51.210567,227.78656,143.28786,23.0,4.0,0
144.5515,500.0,87.46773,0.0020748079,32.684914,54.012463,247.1823,94.22497,23.0,6.0,0
139.72809,200.0,93.78715,0.0034682571,55.158134,40.78329,227.2907,198.25914,21.0,4.0,0
126.00967,200.0,133.68544,0.0041658445,48.012638,57.03981,99.08215,281.74637,21.0,2.0,0
48.17946,500.0,79.02361,0.013970991,33.722584,36.74287,263.1835,278.55594,17.0,6.0,0
224.42828,200.0,86.17793,0.0057114908,38.19521,69.068855,320.09512,231.54883,4.0,2.0,0
236.71411,201.0,94.83232,0.0037801655,34.242786,63.231323,247.55478,134.04564,5.0,5.0,0
105.53313,200.0,57.56957,0.01108983,52.16439,77.36672,327.77786,110.50587,12.0,4.0,0
136.52895,200.0,108.87007,0.022145215,27.524675,48.238804,203.46204,56.181664,23.0,4.0,0
191.81001,200.0,77.90356,0.0077183633,52.090748,50.647213,182.21204,236.9833,15.0,3.0,0
181.24255,200.0,119.00911,0.003361529,52.201702,43.333103,170.31406,83.88565,20.0,1.0,0
387.26007,200.0,69.19233,0.004686548,19.828043,52.200104,380.9027,258.5517,9.0,5.0,0
151.74796,200.0,74.93914,0.0047759633,51.802708,65.10022,168.70848,94.63779,10.0,5.0,0
156.76683,200.0,136.38327,0.021260254,61.864765,38.107094,332.13898,229.80612,14.0,3.0,0
337.46182,200.0,149.39655,0.018393958,44.17352,51.74079,281.28473,108.81107,3.0,4.0,0
66.64748,301.0,92.6304,0.006919096,31.472288,53.23076,232.02,245.07886,13.0,3.0,0
272.66013,200.0,84.02604,0.014806523,40.560585,84.02571,248.99106,199.1203,7.0,1.0,0
60.87449,200.0,146.43568,0.0038576913,50.66841,58.62932,258.33328,174.13943,13.0,2.0,0
184.7844,404.0,115.653755,0.009719192,48.215145,35.134064,298.4193,293.31213,14.0,4.0,0
141.98698,200.0,102.66111,0.02059291,26.21643,61.718494,329.27036,75.78804,23.0,6.0,0
125.35439,200.0,121.16967,0.0006521139,30.548403,62.26007,418.72437,179.8676,12.0,4.0,0
199.12779,200.0,132.99606,0.025165195,51.843758,42.180737,173.9301,123.88568,4.0,5.0,0
37.653286,200.0,134.67844,0.0073322435,12.504801,57.676025,274.73904,163.46017,7.0,0.0,0
174.86269,200.0,56.08544,0.0029106208,66.96419,49.046726,268.1026,230.82388,1.0,1.0,0
125.323586,200.0,149.11127,0.0010689254,49.557076,62.329754,12.448195,102.685684,19.0,4.0,0
221.23688,200.0,76.137794,0.01930981,52.17416,53.385105,153.09863,228.34425,17.0,0.0,0
93.56732,200.0,142.0197,0.00877216,40.18313,70.075485,125.20828,276.78973,5.0,5.0,0
78.40411,200.0,152.9161,0.0011380012,38.723022,54.40559,223.76399,159.61308,22.0,2.0,0
115.73225,201.0,69.75934,0.0009736305,38.395992,66.66247,284.43237,274.13403,10.0,3.0,0
363.61115,200.0,61.10965,0.009382744,50.73021,41.521927,290.51697,115.8452,11.0,1.0,0
104.02067,200.0,95.95599,0.0040251906,39.649487,41.427944,244.56192,123.948814,23.0,4.0,0
191.10077,200.0,96.179375,0.02074093,29.109188,67.259636,309.7301,179.0856,13.0,1.0,0
224.25485,200.0,67.31742,0.0027582254,31.829918,60.0588,231.7053,145.38165,17.0,2.0,0
83.35823,200.0,127.142914,0.0029109067,15.288749,63.352516,177.20892,277.02988,10.0,6.0,0
270.8844,200.0,79.820625,0.00017260609,44.44792,35.99446,360.4923,182.97507,12.0,6.0,0
75.89037,200.0,97.251076,0.0031822724,37.76038,16.465189,452.5026,249.5189,15.0,4.0,0
591.3309,200.0,163.27032,0.048334338,94.85055,87.7757,321.92087,389.7545,0.0,0.0,1
344.0571,302.0,90.660904,0.004286237,47.032253,32.183018,249.44814,172.42865,5.0,1.0,0
122.84861,200.0,107.377014,0.0010595727,42.82167,69.96463,128.09158,68.538864,3.0,2.0,0
161.89038,200.0,101.774376,0.008398294,71.10824,46.395344,235.1706,72.956505,7.0,4.0,0
283.71127,200.0,114.86769,0.0039169085,69.37081,53.57659,220.44911,102.26317,19.0,6.0,0
186.00433,302.0,101.9992,0.018554248,37.760323,43.153255,170.12224,48.7028,23.0,3.0,0
407.0801,200.0,120.72525,0.0026724257,38.268055,68.89766,400.5684,60.626076,5.0,5.0,0
325.0374,200.0,123.02541,0.004961198,64.33777,42.219044,383.35147,244.75441,1.0,5.0,0
261.10312,200.0,96.76693,0.017533123,28.022177,37.525227,233.19016,209.90965,7.0,4.0,0
125.79724,200.0,62.832336,0.003975758,31.699656,70.36947,104.03501,141.0292,3.0,4.0,0
176.00433,200.0,94.33945,0.0071758274,42.468857,41.600975,241.34518,143.55824,19.0,3.0,0
98.45891,200.0,139.62976,0.028735451,33.370686,36.19047,298.8616,107.334175,11.0,3.0,0
236.0655,200.0,63.466217,0.003618818,63.705162,73.51998,179.23546,127.2693,18.0,5.0,0
102.19313,200.0,103.20721,0.0013538873,36.667725,52.371284,294.81958,203.60922,1.0,5.0,0
163.63588,200.0,115.2125,0.0054753693,55.454926,39.942722,23.12584,205.8004,22.0,6.0,0
205.66733,200.0,90.919754,0.006858393,56.005764,45.19491,268.95905,250.89545,3.0,0.0,0
228.05615,200.0,121.803474,0.013167017,19.865908,80.36217,188.26909,186.14764,11.0,3.0,0
239.6519,200.0,104.41916,0.012975693,38.773033,16.07084,280.02017,138.37407,10.0,1.0,0
192.19736,200.0,102.01916,0.011632541,45.22274,53.768986,247.38676,199.13081,16.0,1.0,0
396.0305,200.0,84.18949,0.0010224866,25.333391,75.95602,185.34277,273.7789,23.0,3.0,0
217.4887,200.0,66.58926,0.00944093,37.58717,56.149544,317.58432,0.7744412,21.0,5.0,0
334.2266,200.0,111.323326,0.0070607034,55.294918,84.46498,303.09628,203.55696,15.0,1.0,0
117.927376,301.0,126.158905,0.0038478915,57.058346,45.120033,148.22745,72.43912,22.0,5.0,0
215.10892,200.0,67.39814,0.05014195,55.821117,51.813835,240.76021,106.222824,23.0,1.0,0
133.1475,200.0,147.61028,0.010864443,56.975525,74.03532,187.83224,67.402275,2.0,4.0,0
303.85538,200.0,56.54257,0.0019535737,45.529976,51.22884,314.6516,162.3971,13.0,0.0,0
159.98837,200.0,118.716,0.013123087,37.317356,39.152893,350.9387,137.69913,2.0,5.0,0
154.29929,200.0,129.55576,0.012934329,47.264954,27.97993,135.09691,172.23698,2.0,3.0,0
1257.2073,200.0,182.8129,0.08910857,63.502357,79.31824,8967.737,9026.358,6.0,6.0,1
223.21777,200.0,81.19178,0.0021775698,48.134323,58.641777,329.6799,86.34606,13.0,6.0,0
182.48447,400.0,133.67169,0.0012112967,32.11707,70.77957,117.99899,153.11351,13.0,4.0,0
161.19975,200.0,58.95856,0.033187665,64.35241,41.23731,450.1598,236.38931,3.0,1.0,0
210.74622,200.0,91.57076,0.006699943,15.341906,71.40418,0.0,163.6136,8.0,0.0,0
102.90521,200.0,153.70927,0.00268493,53.559196,45.893013,390.49524,79.307205,21.0,2.0,0
166.94186,200.0,132.68105,0.0013599945,58.992775,72.14335,140.41376,180.85661,0.0,0.0,0
164.8844,204.0,85.3506,0.0066756783,29.87016,44.677345,121.32742,106.00826,14.0,4.0,0
187.28764,200.0,103.026375,0.00086446246,43.480988,61.239037,173.36467,156.0489,15.0,0.0,0
150.24722,200.0,94.45657,0.004473368,22.462116,31.775068,210.85701,191.2029,6.0,4.0,0
391.77258,204.0,95.84328,0.00012729024,70.191246,58.316227,448.5586,130.76213,3.0,2.0,0
125.718414,400.0,57.07424,0.04644949,41.341858,51.151573,102.694176,164.75346,4.0,4.0,0
134.13098,500.0,47.35513,0.018559238,38.31847,46.119793,85.84348,272.2993,22.0,3.0,0
190.70807,201.0,68.81707,0.00043159837,55.711426,53.492695,230.4468,177.65843,11.0,6.0,0
247.77968,201.0,116.197525,0.01264469,47.87153,55.05943,293.78613,354.22302,19.0,6.0,0
83.77577,200.0,114.36464,0.001619254,42.48352,80.17307,470.05005,64.69646,14.0,5.0,0
151.44792,200.0,50.48275,0.024217932,41.246925,14.972406,273.67572,178.37813,23.0,1.0,0
344.02188,200.0,87.302704,0.011163101,92.96577,94.88556,318.2303,209.55565,12.0,1.0,1
279.64487,200.0,130.70279,0.0009355769,39.73548,46.93496,168.87552,155.31342,0.0,4.0,0
97.85942,200.0,105.22529,0.0041646464,64.34836,60.490505,291.9562,107.32312,4.0,0.0,0
248.17134,200.0,50.432693,0.0060482095,29.076973,39.127083,359.90112,184.7101,7.0,2.0,0
165.12192,200.0,81.82995,0.010495053,50.591858,15.544776,379.80188,75.7873,6.0,4.0,0
103.32915,200.0,47.531857,0.013552251,47.242126,55.947353,293.03763,63.324963,10.0,3.0,0
147.4025,200.0,128.6974,0.005859468,30.085365,57.604332,193.54877,127.80031,22.0,0.0,0
166.36424,200.0,80.36124,0.0035808766,47.907253,32.640636,396.7635,153.18437,7.0,4.0,0
167.82669,200.0,26.181442,0.009820478,60.64289,67.82514,301.47058,47.79215,8.0,5.0,0
178.43875,200.0,143.65428,0.019140434,37.97465,29.439915,4.1041455,210.24902,2.0,4.0,0
160.86415,201.0,136.25308,0.0015951594,40.9801,41.341297,319.83286,128.69054,19.0,0.0,0
169.6076,404.0,64.64585,0.007919956,36.15161,66.37384,284.8526,204.32831,16.0,5.0,0
79.99508,200.0,103.65404,0.020685786,56.553253,66.558846,194.45396,190.28651,2.0,1.0,0
231.56949,200.0,44.744812,0.0063595055,69.0013,26.270103,316.90787,0.0,21.0,5.0,0
210.11264,200.0,118.80529,0.01656614,23.050333,52.06615,59.089825,150.85725,0.0,0.0,0
155.58302,200.0,130.43524,0.010383765,31.69211,31.697618,359.24384,225.2886,17.0,6.0,0
123.22646,301.0,112.32311,0.00041565043,37.984955,27.040018,215.97263,204.86613,18.0,6.0,0
165.59068,200.0,52.77901,0.017940508,50.590187,49.235332,490.17917,184.54689,5.0,2.0,0
236.73709,200.0,76.22065,0.0027976574,17.16101,15.183053,287.66498,193.17575,0.0,4.0,0
80.46047,500.0,98.582954,0.0013959948,42.652252,45.617798,431.49954,133.67824,21.0,3.0,0
174.79771,200.0,29.754087,0.00321322,73.50204,59.646,357.75073,236.15233,14.0,2.0,0
124.516556,200.0,99.66494,0.00022601847,44.93566,43.08596,21.550453,171.47678,20.0,3.0,0
268.3117,201.0,165.37616,0.005577729,35.695404,41.587418,111.23745,135.52307,1.0,2.0,0
146.92796,201.0,139.92853,0.025693666,53.48041,67.20688,322.66904,88.01925,6.0,2.0,0
325.77255,200.0,150.09976,0.012388059,27.714241,49.633965,160.43675,110.19103,3.0,6.0,0
53.135475,200.0,110.08699,0.0058478946,37.715614,37.886368,195.60065,68.35597,14.0,3.0,0
138.84578,200.0,110.69341,0.0082938885,49.602253,43.08973,169.50105,140.86479,5.0,4.0,0
132.99962,500.0,113.72406,9.021749e-05,56.20502,61.05437,321.50107,163.5852,0.0,6.0,0
179.6101,200.0,63.933727,0.004767932,33.127308,40.99431,224.43051,219.25163,22.0,2.0,0
198.44754,200.0,38.199417,0.00377999,59.66509,20.025253,278.69766,81.88525,13.0,4.0,0
367.62796,200.0,94.84015,0.0066873548,59.466118,35.120564,5.729549,77.73408,1.0,6.0,0
745.7064,200.0,119.20842,0.049699135,81.876854,89.51677,339.00266,339.78635,14.0,2.0,1
428.74207,200.0,178.7388,0.005604797,27.119886,39.882645,391.1491,101.983025,22.0,5.0,0
131.51321,200.0,103.49436,0.0072473884,49.562244,47.6304,259.74042,153.632,8.0,0.0,0
169.67075,200.0,153.67267,0.0018514089,36.405952,66.90416,79.78939,187.97766,2.0,3.0,0
556.9318,200.0,80.076904,0.025574308,91.13002,90.76814,440.16553,151.43488,10.0,4.0,1
133.8471,200.0,134.77989,0.0061049005,44.045273,33.994274,269.25165,38.4134,1.0,2.0,0
75.168434,200.0,136.88457,0.029416246,34.572456,63.615116,288.7404,395.35123,10.0,1.0,0
203.12921,200.0,141.5242,0.013471884,47.74431,43.150463,236.33983,91.62729,5.0,1.0,0
150.90501,200.0,72.71892,0.0060989982,51.71206,33.987274,490.5725,231.61989,4.0,1.0,0
164.23209,200.0,95.08618,0.0057949796,44.429092,46.557484,101.10601,98.900894,14.0,2.0,0
254.7496,200.0,61.03155,0.003426812,34.624947,38.428654,361.02277,185.88719,20.0,0.0,0
167.1902,200.0,135.8398,0.012584126,31.56905,66.10399,179.40053,60.87074,21.0,4.0,0
119.41312,200.0,124.3505,0.0040840073,33.013344,87.470726,287.33423,139.01318,9.0,4.0,0
187.93927,200.0,79.73344,0.001168823,59.04097,42.695984,305.87488,215.08414,13.0,6.0,0
346.3513,200.0,113.317505,0.0038196545,25.831743,52.5596,111.07023,144.2155,23.0,1.0,0
199.29709,200.0,128.01923,0.0102427555,70.69483,33.145374,184.65822,187.68546,11.0,3.0,0
82.15957,200.0,123.925606,0.015135566,56.812572,54.026455,196.91019,104.07627,23.0,0.0,0
117.76763,200.0,156.7474,0.00082483684,48.591995,60.287815,123.50958,219.13367,19.0,3.0,0
183.58803,200.0,136.97137,0.00095672155,30.009523,42.967247,210.22629,96.89367,9.0,5.0,0
235.82318,200.0,64.14945,0.028424641,40.047398,44.663246,142.63612,0.0,6.0,5.0,0
83.08007,500.0,119.344086,0.02863044,49.961746,23.514341,258.68646,148.10977,16.0,2.0,0
119.80318,200.0,64.46943,0.00936869,45.33951,71.42935,377.24185,89.471085,16.0,1.0,0
246.11794,200.0,81.39473,0.058909878,31.597912,38.189342,281.22784,91.575554,14.0,0.0,0
948.7193,200.0,177.88907,0.09640872,51.03456,63.32209,9351.762,8254.509,14.0,5.0,1
9182.684,200.0,105.82134,0.23945726,74.90644,98.05513,8439.522,8133.7207,16.0,3.0,1
287.8208,204.0,88.441315,0.0010618764,12.188052,71.021255,134.4503,119.824646,3.0,5.0,0
85.2854,200.0,52.677727,2.3822353e-05,8.154952,72.30923,226.85068,182.66405,4.0,5.0,0
322.00876,200.0,71.22707,0.0055572917,61.96305,18.041899,224.64436,236.3797,15.0,4.0,0
54.50879,204.0,104.031105,0.0018564701,54.755863,64.10355,325.1937,204.71292,5.0,6.0,0
66.807785,200.0,97.02856,0.010128014,46.843834,19.817478,130.90308,271.4585,8.0,1.0,0
409.74518,200.0,132.68298,0.0030841252,51.060577,56.034584,258.5089,122.237465,15.0,2.0,0
39.552925,200.0,98.775955,0.0010389917,54.456463,36.562557,317.74994,183.74881,11.0,3.0,0
228.90395,200.0,38.907673,0.032298118,44.600464,70.93647,518.05994,221.97327,6.0,4.0,0
286.6302,201.0,36.91895,0.04085927,36.973705,43.319344,135.26039,136.84239,11.0,4.0,0
174.23619,200.0,99.28387,0.007068698,52.037823,60.44977,287.47415,112.552444,1.0,1.0,0
3679.7617,200.0,109.14866,0.1642503,91.75072,99.87943,8507.705,9953.3955,13.0,5.0,1
414.82962,200.0,83.6145,0.0017110397,44.362686,61.39386,218.5355,217.35947,7.0,3.0,0
109.37518,200.0,110.35928,0.027897185,12.519439,54.28949,225.09848,3.705327,4.0,1.0,0
79.638885,201.0,115.91136,0.0014734035,22.558191,50.710796,273.79398,114.978264,20.0,4.0,0
67.34068,200.0,110.58785,0.004354193,22.738194,54.567993,358.34332,235.8781,7.0,3.0,0
7692.6636,503.0,72.45367,0.24310307,61.111797,64.80521,267.2297,161.2421,14.0,5.0,1
160.72736,200.0,65.92771,0.000933747,30.152338,51.030415,167.2115,132.13824,21.0,5.0,0
390.01773,301.0,83.49565,0.003479823,42.54904,41.219074,197.197,193.20833,8.0,0.0,0
144.29391,200.0,150.78233,0.00987849,46.059685,35.160557,90.070366,154.74225,9.0,6.0,0
195.74315,200.0,107.95342,0.0070381938,27.674599,41.90108,251.91475,286.63882,21.0,2.0,0
148.38287,200.0,78.03183,0.015117595,15.380595,24.812319,209.56007,0.0,16.0,1.0,0
143.14696,204.0,105.98918,0.0057581705,34.144817,73.38302,271.68674,152.24661,19.0,1.0,0
84.57699,200.0,91.37547,0.014453929,31.199867,33.039207,346.20752,264.46515,6.0,1.0,0
583.08417,200.0,115.39466,0.0033098925,3.0814102,75.63211,216.86848,177.26929,1.0,6.0,0
162.57378,200.0,125.875145,0.0025945986,18.377176,53.86885,315.04147,263.1187,11.0,5.0,0
125.298065,200.0,91.721565,0.00044532306,34.03664,55.11325,303.13025,58.95199,20.0,1.0,0
126.224915,200.0,96.04979,0.016189765,15.923041,46.700012,386.4655,191.30939,6.0,6.0,0
247.11444,200.0,75.63361,0.00068277476,16.19898,26.747766,291.44278,101.76464,5.0,2.0,0
2945.3474,503.0,53.36001,0.15071867,32.58384,59.706516,256.78928,290.0681,16.0,4.0,1
102.38392,200.0,83.961334,0.001345704,50.46089,77.64643,264.0443,309.0958,19.0,3.0,0
193.21275,200.0,124.85012,0.0076482208,43.74155,47.395218,195.62628,28.156942,22.0,2.0,0
373.41336,200.0,137.75856,0.005558891,28.778606,50.051933,394.71866,132.36507,16.0,6.0,0
121.17667,200.0,107.8625,0.0031624727,50.880962,48.76779,186.97719,164.35184,1.0,0.0,0
88.19516,200.0,105.1151,0.010899398,48.095276,71.55617,232.8455,162.38219,22.0,4.0,0
833.2539,200.0,157.38156,0.07074126,63.20336,74.64934,9233.018,8463.753,9.0,5.0,1
249.0622,200.0,111.870575,0.0012491823,26.36407,51.07694,227.93484,279.64624,1.0,3.0,0
107.2949,200.0,100.90124,0.0073679816,44.106945,70.51824,141.97685,166.04306,9.0,4.0,0
263.66455,200.0,44.23691,0.014820687,40.669666,42.616226,176.70326,92.86671,6.0,3.0,0
188.94019,200.0,154.25989,0.004648171,23.443802,40.114693,236.14502,201.75923,6.0,6.0,0
5815.756,200.0,107.07598,0.17486833,70.36586,90.83836,7542.4814,9439.176,11.0,1.0,1
90.567566,200.0,61.932285,0.042125266,55.141045,21.268332,392.84406,0.0,11.0,6.0,0
147.92813,200.0,89.47817,0.0029658796,42.892143,38.290726,166.64984,86.23568,17.0,4.0,0
237.9735,200.0,91.94816,0.0011603591,57.48551,29.514345,139.63692,94.00332,11.0,0.0,0
116.254776,200.0,127.878494,0.014466855,29.474237,37.670834,191.89839,66.91604,13.0,0.0,0
172.04175,200.0,107.68501,0.004452547,0.0,8.0253935,230.78091,340.4635,1.0,2.0,0
222.83621,200.0,77.61302,0.026386878,36.77051,49.84776,88.19539,152.8885,8.0,4.0,0
140.88873,200.0,115.01473,0.00028829864,9.023252,40.663906,261.67554,220.3692,17.0,6.0,0
281.98047,200.0,90.67668,0.012582742,52.753918,40.912304,287.60992,288.6213,8.0,6.0,0
460.04068,200.0,149.47908,0.04231196,85.05642,97.908264,340.93704,354.6704,8.0,4.0,1
257.63303,200.0,46.474155,0.012168767,35.31667,65.486916,313.4506,203.91875,11.0,0.0,0
232.53326,200.0,74.02784,0.022091273,16.821726,57.360107,199.49751,179.63472,19.0,5.0,0
217.88754,200.0,97.17201,0.0033396068,50.241463,42.042595,59.76752,136.29332,17.0,4.0,0
202.30887,200.0,52.287563,0.0015818591,47.62682,31.61849,339.79074,155.06503,13.0,0.0,0
82.13527,200.0,95.433304,0.008943778,47.436115,51.845634,283.2582,152.67613,3.0,1.0,0
198.44159,200.0,88.268295,0.024034703,57.979862,58.774307,588.3737,261.30908,16.0,2.0,0
95.942535,200.0,93.70902,0.0040355423,52.79963,31.838068,223.82706,205.97171,16.0,5.0,0
265.75604,200.0,77.44175,0.00083684956,26.636402,63.982525,401.38425,207.6697,0.0,0.0,0
105.156456,200.0,78.197685,0.010353169,47.655903,54.952248,302.4744,194.64418,19.0,1.0,0
135.12923,200.0,90.72219,0.027153602,51.29569,59.46755,558.6281,141.71921,16.0,0.0,0
114.46362,200.0,103.41601,0.011184971,46.757324,46.522625,0.0,303.69778,14.0,2.0,0
146.3686,204.0,73.508965,0.0014208151,59.420414,45.898155,71.49411,122.6089,17.0,4.0,0
792.62573,200.0,82.82517,0.016183468,88.70584,91.4206,373.47253,202.38417,20.0,0.0,1
217.95471,200.0,122.40294,0.042926762,59.160843,58.175076,88.08174,263.39197,5.0,0.0,0
219.19522,200.0,92.49147,0.00073909794,54.276268,33.46194,290.55444,217.79971,2.0,5.0,0
251.48938,200.0,64.620255,0.0013164923,49.410744,52.861202,347.63,114.26306,1.0,4.0,0
125.738045,204.0,113.257164,0.010841293,30.071829,49.917873,251.60219,49.25732,0.0,2.0,0
205.37817,200.0,160.87892,0.00084475474,50.694794,44.80346,122.68889,33.179554,11.0,4.0,0
417.19955,200.0,115.49835,0.0022635933,34.873867,40.74157,87.45884,33.8594,3.0,1.0,0
262.89334,200.0,79.865524,0.048894208,57.05412,30.886066,326.55637,47.28639,12.0,1.0,0
86.936775,200.0,74.285,0.012478231,80.056015,37.224834,221.6672,128.87787,23.0,2.0,0
314.2743,200.0,131.3364,0.006806557,21.78601,65.018265,256.5608,173.53082,3.0,4.0,0
264.12573,200.0,82.73339,0.0003050391,27.044983,66.58331,397.64188,53.811916,1.0,2.0,0
232.96138,200.0,135.82141,0.0030563867,23.039663,65.75682,336.9038,205.10971,5.0,3.0,0
192.0473,200.0,91.56765,0.004688419,47.488598,75.189766,183.07144,327.94724,3.0,4.0,0
271.91525,200.0,83.95471,0.0042995005,58.536903,59.4202,322.3232,297.8722,13.0,0.0,0
193.91895,200.0,127.785126,0.00048487925,37.558525,21.102287,298.25195,122.04503,19.0,1.0,0
56.841354,200.0,83.241585,0.011061213,36.0472,48.33231,269.6726,162.74954,19.0,1.0,0
208.63795,204.0,98.08586,0.0042990586,18.41238,46.06641,64.80279,102.17334,4.0,6.0,0
217.05739,200.0,100.7477,0.005109671,46.73738,85.67232,366.75122,84.488686,0.0,1.0,0
264.31757,301.0,90.26186,0.009564936,52.090057,68.88775,258.46478,287.23386,13.0,4.0,0
209.05574,200.0,65.98543,0.029141048,52.665596,18.550982,479.6816,187.3096,3.0,2.0,0
179.57722,200.0,71.52742,0.0013485367,47.13988,69.679474,302.6267,0.0,2.0,1.0,0
111.87644,200.0,110.6886,0.0028627608,32.308697,56.353,246.07353,187.02875,9.0,4.0,0
136.62973,200.0,120.42823,0.00899317,49.03374,41.13752,203.98418,266.96585,5.0,0.0,0
332.12503,200.0,87.39154,0.014192073,36.27301,29.7317,307.434,191.1134,0.0,0.0,0
361.61108,200.0,101.422104,0.012760006,65.498474,37.821877,62.849796,22.85736,7.0,6.0,0
287.2836,200.0,121.986694,0.0077668997,39.175003,24.006512,73.51576,99.73338,21.0,3.0,0
174.78296,200.0,97.9438,0.022742074,32.865074,59.822132,231.03546,171.52148,21.0,0.0,0
224.73987,200.0,65.02771,0.010503828,41.60964,76.05068,381.59946,211.56586,8.0,0.0,0
258.87347,201.0,108.47262,0.0054739825,34.0584,37.569355,414.8282,181.88239,2.0,5.0,0
196.38307,200.0,123.675575,0.012197235,51.58632,54.679935,111.7011,319.01877,10.0,5.0,0
89.1305,200.0,111.81856,0.008312745,56.661243,45.902172,261.46295,191.47227,5.0,0.0,0
254.72836,200.0,69.807625,0.0035132337,39.649982,51.358505,114.39157,139.89035,6.0,4.0,0
181.3054,200.0,75.483246,0.0074550817,34.94146,57.009617,344.52646,141.63228,1.0,2.0,0
220.83977,200.0,61.999218,0.005930871,21.768019,48.829212,393.89142,21.750223,9.0,5.0,0
235.02695,200.0,173.11914,0.00024628054,40.486156,41.387497,299.49484,109.59368,13.0,3.0,0
220.69943,201.0,166.5594,0.02656952,33.252945,58.562317,318.29047,197.3817,17.0,3.0,0
262.467,200.0,176.03598,0.0024596215,0.0,45.260685,177.23499,109.18587,1.0,2.0,0
328.4195,200.0,99.66759,0.008046495,34.034916,63.067383,195.42284,324.72906,4.0,4.0,0
208.07002,200.0,78.33595,0.0006396911,47.037796,70.7759,440.94583,136.90309,0.0,6.0,0
195.60712,200.0,143.42365,0.00018718951,26.701063,80.103096,49.124912,182.44823,21.0,1.0,0
159.97932,200.0,115.60007,0.0016730481,27.07327,55.761253,477.6926,270.087,23.0,2.0,0
227.88982,200.0,113.23967,0.005436282,47.389942,40.37343,241.7578,0.0,14.0,0.0,0
322.13678,200.0,90.0566,0.02064852,45.143406,71.25248,131.93327,3.8272927,2.0,4.0,0
232.227,200.0,129.15756,0.0036422678,43.623608,18.332285,267.49576,123.35842,7.0,5.0,0
134.20866,200.0,101.94799,0.005967237,41.27219,68.13575,264.72137,178.6026,22.0,1.0,0
52.047474,200.0,126.985,0.0005909963,42.891167,37.354965,83.0549,227.74919,11.0,3.0,0
176.63747,200.0,91.122284,0.001559858,43.075905,77.088936,289.8042,150.3585,2.0,5.0,0
201.13191,200.0,146.88055,0.018340426,29.46397,55.117626,170.0865,213.6123,6.0,5.0,0
147.61597,302.0,138.97673,0.015511037,24.226204,56.457916,188.39223,102.113976,1.0,2.0,0
303.31265,200.0,62.18302,0.021166388,34.317993,41.101067,378.67346,199.1022,5.0,3.0,0
192.2935,200.0,117.7907,0.0044026827,56.59376,47.187546,245.56828,82.12771,20.0,4.0,0
88.62467,200.0,68.77153,0.00046164592,58.921707,82.94109,299.56653,160.23547,7.0,2.0,0
142.46056,200.0,65.06169,0.003721794,28.271944,41.365517,99.05194,213.46019,16.0,1.0,0
176.22736,200.0,95.998146,0.003912641,27.976715,56.401733,365.40073,199.40733,12.0,4.0,0
271.92828,200.0,157.47234,0.021375997,43.331863,65.86454,117.867256,61.321922,8.0,3.0,0
188.29556,200.0,96.96038,0.0014643301,42.688404,35.783363,130.77792,252.66545,22.0,2.0,0
150.17679,200.0,65.855484,0.0012719497,50.35525,39.05724,229.4713,85.54202,21.0,6.0,0
228.38976,200.0,190.2762,0.01005913,38.613327,49.644077,427.79068,219.82602,6.0,3.0,0
356.3027,200.0,106.8933,0.0056198807,41.229946,35.806583,140.60333,226.78954,3.0,2.0,0
311.86526,200.0,115.78735,0.024557058,42.262722,61.38562,298.78528,106.895874,21.0,2.0,0
260.03616,200.0,135.18591,0.0041885045,40.79357,54.25171,268.74518,8.348135,19.0,5.0,0
43.641468,200.0,124.9693,0.0048559783,47.069706,41.02988,247.20682,111.92654,11.0,6.0,0
190.67004,204.0,67.207695,0.011000702,22.139765,73.50059,392.3698,97.493706,19.0,0.0,0
135.48573,200.0,99.483215,0.0010982618,43.869453,49.17289,63.60059,71.65615,11.0,1.0,0
988.1296,200.0,107.587715,0.042872757,62.656654,60.818726,9672.845,8921.342,6.0,5.0,1
114.915,200.0,101.76702,0.0024521754,60.6845,32.333214,333.995,247.6869,9.0,6.0,0
226.11458,200.0,43.280262,0.00031753522,49.398014,41.994923,293.57895,126.50356,15.0,5.0,0
368.55304,200.0,88.93613,0.0054993057,60.725555,59.557274,304.52588,173.48798,6.0,2.0,0
153.48512,200.0,91.755,0.0043193903,36.113815,50.203037,360.85907,158.70972,17.0,5.0,0
189.0249,200.0,115.316414,0.013720704,59.2046,31.462194,395.07123,184.07544,17.0,0.0,0
314.6687,200.0,69.05911,0.00578546,65.290405,46.003258,206.22012,233.54921,13.0,6.0,0
236.29153,200.0,107.463135,0.0072849398,50.50231,47.532013,291.76636,301.61572,12.0,6.0,0
153.84894,200.0,90.69221,0.0130079,42.232494,49.48457,300.95255,283.78513,10.0,4.0,0
305.53018,301.0,123.70097,0.0020701652,39.83553,19.86327,497.23047,0.0,8.0,2.0,0
117.09906,200.0,122.92503,0.00058666617,21.956694,21.21458,235.09204,44.123146,1.0,0.0,0
137.5956,200.0,74.207184,0.026499536,58.16949,34.480335,189.559,122.269165,19.0,4.0,0
63.80888,200.0,128.9373,0.025036553,47.908173,93.28624,420.55167,141.77399,8.0,6.0,0
182.14511,200.0,86.05599,0.014819411,36.578556,70.34538,303.1609,143.70956,20.0,0.0,0
193.19492,200.0,92.914665,0.0071405936,1.1755186,73.20388,304.9676,204.29646,21.0,2.0,0
214.16957,200.0,119.056854,0.019241631,64.52648,58.170856,394.40945,95.36171,23.0,6.0,0
339.1597,200.0,72.656975,0.0028182534,19.745514,66.07258,244.49454,210.36179,10.0,2.0,0
123.99527,200.0,81.76462,0.003352343,22.503298,57.602848,333.24207,37.69318,14.0,0.0,0
294.15286,200.0,129.95813,0.0055883415,47.644733,32.102966,346.98712,207.22154,21.0,3.0,0
170.65184,200.0,104.91778,0.00091320137,47.610683,31.009115,272.03018,177.23586,14.0,4.0,0
315.97498,200.0,51.187847,0.0040581585,19.012877,69.55597,153.93428,221.97295,15.0,5.0,0
113.490204,200.0,136.48155,0.0004294416,14.256813,25.459736,453.16245,153.28305,8.0,5.0,0
222.99887,200.0,86.91937,0.004080733,59.021725,72.10537,242.1921,110.00191,12.0,4.0,0
264.7237,200.0,113.819145,0.015752332,56.98039,59.702774,158.41042,187.99884,17.0,4.0,0
108.61792,200.0,45.889454,0.008344349,45.70639,41.077084,349.80182,154.53555,15.0,2.0,0
230.49492,200.0,124.8738,0.00039978986,72.8097,29.945713,323.97214,187.01619,2.0,1.0,0
319.42184,200.0,109.786804,0.009276824,58.41646,41.44561,162.93503,21.406069,21.0,1.0,0
210.15738,200.0,76.54024,0.00027895882,55.68043,51.739246,227.3449,0.0,20.0,2.0,0
8365.322,503.0,72.99934,0.10530322,99.65284,93.83947,9188.438,6284.891,7.0,2.0,1
266.26743,200.0,91.18929,0.0076342737,17.23543,46.99341,124.86771,57.63267,8.0,0.0,0
342.54257,200.0,133.15341,0.0060728597,64.05985,47.806713,205.23286,113.15053,18.0,0.0,0
399.83633,201.0,147.54219,0.01314318,42.79801,73.247856,127.62358,278.5438,15.0,3.0,0
118.37884,201.0,91.14494,0.001726543,34.18155,34.517193,255.14821,168.63799,4.0,0.0,0
365.19034,500.0,95.30874,0.00805304,48.062267,62.037434,183.26883,79.50538,6.0,0.0,0
166.09969,200.0,121.70199,0.031018825,25.956614,57.40419,141.63422,112.52616,5.0,1.0,0
215.72624,200.0,107.558365,0.03634982,54.55931,45.570057,451.13794,252.08298,18.0,4.0,0
214.87521,200.0,146.745,0.0008813481,34.655758,59.568634,258.0585,237.9031,0.0,2.0,0
479.0516,301.0,116.13011,0.0044297613,33.270607,56.44525,281.40704,239.6223,0.0,6.0,0
115.90194,200.0,166.17348,0.002741267,53.372654,66.79403,150.83553,169.99301,22.0,2.0,0
147.08421,201.0,90.975044,0.0021691374,58.029545,60.76745,346.95755,214.7788,18.0,3.0,0
182.0474,200.0,109.25297,0.0011778739,20.206678,47.71497,401.023,158.34525,8.0,6.0,0
129.41466,200.0,108.109634,0.0013176674,42.85292,51.701614,420.8014,298.1529,0.0,4.0,0
100.273056,200.0,68.616684,0.0075402553,34.358208,39.3274,185.37169,102.09222,21.0,0.0,0
174.01292,201.0,79.633896,0.014001486,27.79251,44.126514,355.75888,28.916311,10.0,6.0,0
100.94279,200.0,48.743603,0.0009742503,45.145283,50.036156,311.52972,128.89867,22.0,0.0,0
244.36292,200.0,66.630035,0.0067201494,82.50567,54.294132,251.52916,110.55219,3.0,1.0,0
245.71738,200.0,87.39742,0.0018205761,19.835001,57.78877,407.57822,120.520386,9.0,5.0,0
233.95665,200.0,122.77914,0.0074877953,60.85243,48.642715,62.642487,125.02467,12.0,6.0,0
106.31511,200.0,58.65344,0.017562896,22.328093,28.409792,134.3534,146.62117,23.0,2.0,0
251.97879,200.0,109.916794,0.0068355137,66.20251,47.04857,441.40448,138.61183,13.0,0.0,0
116.01864,200.0,131.96254,0.008005995,57.62254,30.129108,228.42809,190.79071,6.0,5.0,0
198.72057,200.0,94.312965,0.0042449175,44.8911,52.967457,236.52625,0.0,18.0,4.0,0
142.05353,201.0,113.81192,0.018202912,47.37075,47.77894,198.47372,59.408466,15.0,3.0,0
204.26712,200.0,82.00737,0.0013500147,37.69469,60.08494,431.41266,116.30463,17.0,5.0,0
289.07446,302.0,118.867516,0.0076014027,58.27698,21.657196,136.42494,71.48321,7.0,3.0,0
209.31783,200.0,99.5889,0.0071022855,22.950764,17.7747,234.20876,132.49945,16.0,5.0,0
228.44681,200.0,137.28023,0.0035834943,19.708284,52.669064,248.99185,232.19032,5.0,0.0,0
257.64014,200.0,115.0055,0.006202552,83.34454,46.081512,121.67955,123.11573,2.0,6.0,0
182.99062,200.0,38.20588,0.007462663,16.78738,53.022892,269.23615,125.46858,21.0,4.0,0
144.26129,200.0,86.01046,0.015863325,47.50201,74.2695,272.10745,171.63824,17.0,4.0,0
155.66544,200.0,53.418858,0.03298339,59.32315,53.242496,370.6562,78.36256,23.0,4.0,0
338.71863,200.0,24.185032,0.020075558,72.90923,41.97791,381.455,55.296265,21.0,1.0,0
139.19823,400.0,131.2256,0.017756002,52.10491,70.78943,265.09616,122.324844,3.0,5.0,0
213.13051,201.0,48.505474,0.0003757079,30.798693,51.523685,294.98325,180.1859,13.0,5.0,0
237.85765,200.0,76.0731,0.012355526,59.156216,36.577213,200.28433,190.17287,22.0,4.0,0
134.15498,400.0,56.5718,0.000988899,80.058304,47.91465,120.37783,286.22678,12.0,6.0,0
298.1651,200.0,91.48,0.035295993,30.042007,45.43721,207.27547,69.175415,14.0,6.0,0
174.63974,200.0,101.30409,0.0037438865,43.472393,52.11248,176.15685,160.12473,20.0,5.0,0
161.9895,400.0,88.32041,0.01461518,50.351204,36.81372,434.84027,145.67233,13.0,5.0,0
301.54208,200.0,120.82408,0.0026825983,44.663822,33.356224,114.85453,281.37723,20.0,3.0,0
140.64555,200.0,128.0591,0.00031450184,43.845764,65.48506,280.83804,95.09283,15.0,1.0,0
144.1593,301.0,95.73132,0.0099779125,30.77269,40.514652,224.17484,117.95024,20.0,2.0,0
251.18909,200.0,113.19746,0.0076693757,41.120644,36.777718,456.53333,166.50064,7.0,3.0,0
167.89806,200.0,32.345627,0.008218144,21.171122,53.72339,330.1624,71.31894,11.0,1.0,0
126.94176,200.0,92.89516,0.009167624,23.096224,58.37005,333.99893,150.40712,7.0,3.0,0
315.33615,200.0,130.9487,0.009283917,56.926678,99.05739,188.87674,317.55304,1.0,1.0,0
317.31122,204.0,122.49984,0.0017590866,68.77296,20.325994,358.77768,102.911514,15.0,1.0,0
136.49666,200.0,98.72728,0.0005825141,46.239426,59.942844,167.69615,153.59908,18.0,3.0,0
205.4528,200.0,87.95299,0.0025003992,37.744152,32.207554,148.6222,159.44539,2.0,2.0,0
232.47096,200.0,131.37933,0.012638415,12.35229,44.920822,194.36661,246.6115,19.0,5.0,0
810.0738,200.0,162.46342,0.06443873,52.880146,65.30716,8277.622,9079.433,18.0,2.0,1
196.48544,200.0,99.68538,0.006873045,29.476515,38.83001,318.7173,207.38263,16.0,1.0,0
132.46977,201.0,143.64867,0.013033276,21.674692,44.624023,232.65448,93.09145,22.0,0.0,0
167.40343,302.0,93.36451,0.0032966738,25.530615,49.22323,212.79582,171.99716,4.0,5.0,0
117.54659,400.0,98.19289,0.0055106767,39.79066,72.14488,255.35844,84.94456,16.0,6.0,0
210.71445,200.0,145.60635,0.0074547096,38.16462,53.248276,185.7075,63.98368,13.0,2.0,0
241.36024,200.0,73.649826,0.015744535,32.560944,53.72606,45.101288,140.9645,23.0,3.0,0
141.855,201.0,104.30159,0.015513154,17.950405,31.447086,114.455795,151.16934,16.0,0.0,0
182.24825,201.0,104.523964,0.011619892,44.880165,54.90748,67.222946,193.33447,19.0,2.0,0
270.52368,200.0,64.191124,0.00431994,19.26347,55.835987,273.6198,180.84708,6.0,3.0,0
143.58961,200.0,66.22255,0.0044801366,58.233044,51.43894,222.28445,62.86024,20.0,6.0,0
193.77838,200.0,89.32513,0.0010332823,47.602394,40.149334,235.3267,166.14877,7.0,0.0,0
6841.9146,502.0,86.895805,0.20535827,56.520626,45.78564,212.45514,114.051125,23.0,0.0,1
209.07108,200.0,105.50104,0.0058361376,38.92116,77.575935,262.113,189.41956,21.0,3.0,0
103.63079,200.0,72.438774,0.0027593633,43.695988,24.72197,127.04098,131.64091,7.0,1.0,0
176.4466,400.0,105.141396,0.010616165,20.380743,39.85033,311.07205,108.17011,23.0,3.0,0
130.80988,200.0,120.37352,0.0088111665,40.997837,43.698837,218.68823,105.52798,12.0,2.0,0
112.41297,201.0,171.00919,0.0068816706,39.024242,72.33532,54.638668,246.41934,0.0,4.0,0
274.82617,200.0,154.74667,0.0061727455,24.502983,41.755745,183.44167,193.13916,19.0,0.0,0
299.14423,200.0,74.60667,0.021429576,24.940502,88.811165,342.3642,186.66252,0.0,5.0,0
157.33542,200.0,118.76391,0.004685553,42.961548,47.262177,345.92184,172.33409,13.0,6.0,0
266.88196,200.0,141.74657,0.02296067,56.701046,48.99169,258.9922,88.301575,10.0,6.0,0
246.11003,200.0,120.60514,0.02958673,42.15562,42.85767,389.89047,89.33621,5.0,6.0,0
138.53172,200.0,52.70807,0.0040571024,44.55554,33.819286,311.41895,96.98636,7.0,1.0,0
474.28958,200.0,82.9274,0.030858021,98.471565,98.527016,353.0122,319.95062,13.0,2.0,1
232.02103,200.0,100.99384,0.0003172774,36.529705,42.449345,246.50526,90.8343,15.0,1.0,0
161.9506,200.0,132.79669,0.002357261,14.494753,43.290333,74.768005,59.200577,11.0,2.0,0
157.37889,200.0,96.41566,0.00261367,59.050148,72.718475,178.99968,139.55579,23.0,3.0,0
84.57637,200.0,97.58369,0.008886496,32.197403,45.867905,341.53522,107.640205,12.0,6.0,0
163.1737,200.0,138.80281,0.009551497,45.567673,53.19397,105.39023,100.60623,5.0,2.0,0
233.95175,201.0,136.30681,0.0061184894,38.248695,51.93975,389.2781,25.605,14.0,0.0,0
341.69757,200.0,90.83545,0.013288274,49.844547,49.861534,371.09824,50.562943,10.0,4.0,0
231.5155,200.0,116.58159,0.0024318446,49.356735,54.556698,296.13278,58.142414,0.0,5.0,0
107.40967,200.0,79.182335,0.009998088,33.585575,35.994003,183.87878,215.04852,9.0,6.0,0
4195.602,500.0,58.0915,0.12789339,44.092022,64.75607,386.0039,293.51227,14.0,5.0,1
250.47768,200.0,111.10526,0.010429673,0.0,57.11834,363.91266,65.499084,1.0,1.0,0
449.6077,200.0,115.81359,0.007880482,23.988926,51.35661,188.93399,126.821045,17.0,3.0,0
89.98121,200.0,44.95935,0.00092389813,46.92476,67.486244,126.75668,136.53305,18.0,4.0,0
58.912457,200.0,58.65858,0.00077999796,79.017426,65.00678,198.58871,132.56798,0.0,2.0,0
261.57236,201.0,57.07177,0.0021439223,16.751253,46.55994,180.24934,149.41376,14.0,6.0,0
170.80214,200.0,81.24889,0.013639001,28.107439,43.379047,198.84636,145.2811,13.0,5.0,0
144.51189,200.0,120.78618,0.009182219,49.08782,26.837383,355.5859,34.08993,22.0,1.0,0
102.48056,200.0,126.09878,0.0071991915,44.573376,37.149113,87.650116,88.3103,2.0,3.0,0
274.19077,200.0,105.09355,0.0025200858,37.765553,38.811546,344.0865,45.496487,10.0,2.0,0
197.76053,200.0,138.77184,0.00022648007,23.217556,70.55302,241.06047,209.89807,3.0,3.0,0
258.2983,200.0,87.91379,0.0155995805,9.705672,57.788048,307.04932,206.39133,18.0,3.0,0
289.63177,200.0,153.79158,0.0027900126,19.792376,39.753105,241.5875,181.77548,15.0,4.0,0
248.15123,200.0,89.174164,0.0012344042,56.55765,39.638992,254.88158,219.23729,2.0,1.0,0
102.19708,200.0,115.19273,0.017613722,75.92359,47.225906,505.40027,143.61768,1.0,0.0,0
165.93716,200.0,85.019295,0.008869947,52.879055,38.293316,327.8081,184.61798,22.0,5.0,0
7822.642,503.0,90.78988,0.18944061,75.893585,82.380936,9424.277,8057.0156,18.0,1.0,1
178.90689,200.0,106.36395,0.0069422894,38.339584,67.2598,493.2343,292.92975,14.0,4.0,0
260.4949,200.0,172.70518,0.004058617,8.475931,57.14673,347.61826,12.883644,5.0,0.0,0
214.50375,200.0,115.208664,0.0047200485,37.676605,56.6017,134.78514,244.6412,2.0,0.0,0
104.66556,200.0,94.7892,0.02317503,20.879135,47.993015,134.85246,44.862217,9.0,6.0,0
238.3526,200.0,101.91092,0.0041897777,25.31943,50.027134,216.96873,125.468185,3.0,3.0,0
290.5006,200.0,152.34988,0.009735866,26.823736,48.214005,501.5254,335.6109,20.0,3.0,0
152.38109,200.0,127.2827,0.006262054,61.973156,40.897602,224.06639,149.92964,1.0,3.0,0
253.4231,204.0,76.584435,0.01986165,56.315044,62.45907,23.313238,232.08757,9.0,6.0,0
249.96849,200.0,83.01719,0.002710993,55.864754,46.648758,218.10335,110.8691,7.0,5.0,0
210.91672,200.0,130.06578,0.0067361807,44.576588,50.793327,227.81882,59.153362,6.0,2.0,0
291.53708,200.0,165.85036,0.0036400186,48.568165,34.666946,468.81326,208.36946,2.0,4.0,0
71.26205,201.0,115.40308,0.02624639,62.86171,56.804424,315.97153,197.34875,19.0,3.0,0
295.24832,200.0,125.88453,0.0024087008,27.438517,47.99276,391.7877,17.212906,7.0,4.0,0
123.80571,200.0,107.230095,0.014523516,2.476997,64.95369,106.67418,177.67259,4.0,3.0,0
244.5392,204.0,141.40959,0.010717648,37.71788,43.913136,211.53552,90.34373,22.0,3.0,0
72.848816,200.0,52.402073,0.004173586,46.51278,37.250824,215.44267,199.0095,9.0,1.0,0
400.249,200.0,99.797066,0.004157837,34.302643,65.99203,291.86786,267.8795,20.0,3.0,0
101.62557,200.0,107.60211,0.015715545,50.526268,18.11127,213.12692,249.88557,11.0,0.0,0
199.82977,200.0,76.66592,0.0035252913,58.419437,56.44335,290.1305,104.33763,7.0,6.0,0
91.6908,200.0,88.40957,0.0038187618,66.1315,54.303497,246.66214,167.41766,12.0,5.0,0
261.15137,200.0,73.60238,0.009355839,73.8257,77.39995,293.99185,95.54063,13.0,0.0,0
379.27127,200.0,120.623695,0.03584194,49.7374,48.39931,409.0826,238.6813,8.0,3.0,0
218.25853,200.0,104.04668,0.011919618,52.974842,44.395447,324.1914,139.05525,13.0,3.0,0
484.46603,200.0,58.837204,0.028739918,29.899372,45.39996,367.81674,130.37837,17.0,4.0,0
372.2311,200.0,48.130733,0.0040426957,58.59461,56.541,567.2247,200.1065,10.0,1.0,0
287.85696,204.0,141.68826,9.665347e-05,13.293282,45.77846,168.24638,18.414083,9.0,1.0,0
9121.078,503.0,70.81906,0.22274716,85.158394,82.008194,8115.991,9877.242,20.0,4.0,1
184.86638,200.0,85.98158,0.0047873254,51.146496,54.030266,198.3123,155.1438,5.0,2.0,0
179.71616,200.0,44.747208,0.0007468015,57.82302,38.830498,286.8164,233.6565,15.0,1.0,0
738.8825,200.0,95.09626,0.014562527,89.97579,96.6221,475.6578,210.48709,20.0,5.0,1
145.88551,200.0,140.46611,0.0017078951,64.00558,47.785286,207.30638,96.97311,19.0,1.0,0
98.061584,200.0,123.19784,0.007192789,68.110245,24.163607,197.85219,141.14696,15.0,3.0,0
158.62758,200.0,134.7102,0.00055447995,24.433382,30.910961,304.9414,246.8822,1.0,4.0,0
179.2482,200.0,95.26951,0.005040643,51.40076,29.414288,329.4451,114.65004,19.0,5.0,0
47.375263,201.0,70.457405,0.003529791,56.213524,47.984295,112.37966,246.52397,7.0,5.0,0
267.89896,200.0,61.035553,0.011057728,64.06701,56.082092,359.3932,205.01976,15.0,5.0,0
96.45221,201.0,97.69723,0.004636777,53.577694,48.02525,284.8227,48.380676,5.0,4.0,0
183.89117,500.0,123.65413,0.008035553,28.53231,47.318813,259.18655,242.40865,14.0,4.0,0
241.9475,200.0,98.77822,0.04358551,19.893183,29.090029,227.08282,198.9108,1.0,2.0,0
183.69588,200.0,65.72854,0.00081566133,27.81961,43.60544,125.278915,230.19347,6.0,0.0,0
277.26337,200.0,54.50933,0.019782826,33.662292,51.45907,94.55815,87.233246,0.0,0.0,0
264.64243,200.0,102.1789,0.0075891116,30.06622,49.185207,252.6646,205.66411,7.0,2.0,0
136.82938,200.0,97.584114,0.0015242145,30.182028,67.83657,77.13338,216.91183,3.0,3.0,0
114.267975,200.0,83.41658,0.013385212,7.623453,77.44615,21.487463,173.7383,8.0,5.0,0
67.93502,400.0,103.22189,0.00892694,55.56254,70.02789,213.69695,70.27274,13.0,1.0,0
149.8732,200.0,45.225594,0.0082998285,28.865705,38.26252,451.61588,215.1763,20.0,1.0,0
318.86395,302.0,101.17839,0.02397882,33.775745,80.99472,205.73077,179.74034,3.0,5.0,0
264.66675,200.0,96.38366,0.004227345,50.167496,50.48076,169.24577,222.27791,14.0,0.0,0
181.50612,200.0,84.81294,0.0042481567,50.030437,29.337559,255.50766,331.653,6.0,5.0,0
248.80032,200.0,101.62912,0.010913122,46.86566,52.513947,360.856,0.0,6.0,0.0,0
356.0411,200.0,63.810978,0.007374374,28.035349,21.249891,232.67133,0.0,20.0,1.0,0
156.71405,204.0,141.02577,0.014949023,18.243263,23.390842,47.48805,185.04753,3.0,5.0,0
77.09336,200.0,103.82445,8.9309004e-05,56.429016,63.865643,233.15886,89.18429,20.0,2.0,0
161.15266,200.0,104.55747,0.016893359,18.933844,74.50327,182.33426,90.09132,19.0,2.0,0
212.03394,400.0,93.82071,0.0103790695,13.504207,43.93211,272.57092,217.25464,15.0,6.0,0
105.460655,200.0,160.98611,0.024256203,45.41265,63.48476,374.58862,216.19995,20.0,5.0,0
189.62733,200.0,137.39789,0.005534274,19.971773,40.57973,264.029,177.92699,0.0,4.0,0
246.00774,200.0,96.1708,0.006050743,71.240585,72.979935,54.465363,190.09349,2.0,0.0,0
173.85571,200.0,73.88771,0.024330497,50.521862,44.64251,136.2773,0.0,16.0,2.0,0
254.28596,200.0,108.03051,0.0041701733,56.04445,61.593613,132.31003,104.85328,11.0,2.0,0
391.98837,200.0,132.63919,0.0056133126,39.247704,74.983475,246.87753,252.20473,8.0,0.0,0
5424.176,502.0,65.30359,0.2977232,41.437065,41.65091,382.07547,195.80264,19.0,6.0,1
419.25513,200.0,122.7323,0.006511448,28.361784,52.73562,258.0058,30.40096,13.0,5.0,0
130.53555,200.0,87.03418,0.028283805,40.07775,47.979446,348.68726,179.29079,21.0,3.0,0
224.66982,302.0,27.393476,0.006637231,51.782085,59.98414,211.73724,68.8134,17.0,2.0,0
116.020004,200.0,114.083626,0.010956125,34.051132,38.391846,167.75594,49.394073,5.0,3.0,0
130.05011,200.0,129.53455,0.019500138,41.04582,57.391273,342.28275,155.98706,4.0,4.0,0
111.08423,200.0,35.145763,0.010613099,63.78794,44.1996,422.52368,236.06253,12.0,0.0,0
187.89197,200.0,98.38179,0.007329879,15.551876,57.49143,309.03824,253.03656,12.0,0.0,0
101.3235,200.0,119.640045,0.0011475533,45.455414,76.42498,201.3062,151.41461,12.0,0.0,0
159.68631,500.0,87.21484,0.0019796723,33.767155,30.457886,0.0,119.51939,6.0,3.0,0
112.40533,200.0,55.53917,0.010606999,43.155647,51.60672,286.26883,400.5255,9.0,6.0,0
138.22116,200.0,160.41791,0.011056745,56.46795,54.997707,276.95596,45.49345,7.0,2.0,0
205.65826,200.0,90.5948,0.01734642,34.714317,39.105553,233.26625,227.34505,2.0,4.0,0
279.22583,204.0,64.233986,0.022170005,65.19551,44.655506,219.47002,107.899155,14.0,0.0,0
177.0584,200.0,49.594,0.0003977162,38.944992,63.820225,266.52606,161.53871,22.0,3.0,0
188.03395,204.0,138.02081,0.007926177,49.62659,49.36144,217.32849,275.1957,2.0,5.0,0
166.90228,200.0,120.576256,0.0100151785,59.81072,50.751457,268.65125,57.99353,18.0,0.0,0
333.6501,200.0,151.79369,0.01540682,70.970894,33.87408,258.38568,69.08396,2.0,4.0,0
259.25677,200.0,109.51825,0.0035022039,26.346643,34.900917,150.44365,109.229965,11.0,0.0,0
339.97156,200.0,52.648,0.0020154326,77.496056,39.383266,215.56828,65.80022,12.0,5.0,0
128.85942,200.0,71.88789,0.01462543,63.431225,61.322296,70.036575,80.83578,9.0,2.0,0
210.23988,200.0,61.27418,0.00010399537,33.457176,37.101837,254.72476,204.05725,5.0,1.0,0
196.02187,200.0,100.49846,0.016356597,60.64891,83.6585,87.88451,179.31827,7.0,6.0,0
210.65688,200.0,56.418964,0.0017152522,49.49899,30.830984,168.52736,107.11828,14.0,2.0,0
174.26245,500.0,93.25419,0.025514685,37.600143,36.94405,377.37766,220.17702,14.0,4.0,0
100.265335,200.0,118.19978,0.014415433,60.551178,43.89549,241.24675,355.2094,20.0,6.0,0
442.9826,200.0,98.5538,0.027857382,87.41688,99.48237,412.34616,362.31046,10.0,4.0,1
291.01422,200.0,88.6064,0.00459124,19.675442,66.64189,295.03033,118.796394,20.0,1.0,0
258.9995,201.0,80.62336,0.017618014,44.188873,61.313404,103.79636,90.80039,6.0,5.0,0
198.73401,400.0,106.636375,0.007624938,42.689888,43.97632,229.44658,65.753716,16.0,4.0,0
31.257652,200.0,75.781815,0.0003406298,37.569717,23.427109,349.2689,237.22484,3.0,0.0,0
538.0554,200.0,173.73177,0.07519015,69.840706,66.37562,9337.127,9401.006,4.0,0.0,1
145.65028,200.0,88.68509,0.0028996784,29.046677,46.3923,223.02983,115.40278,5.0,6.0,0
251.00432,200.0,100.14587,0.019122753,57.23715,72.00652,266.30838,253.43185,19.0,4.0,0
302.15143,200.0,113.767006,0.01500987,55.605835,49.115242,206.27414,153.67549,9.0,2.0,0
135.98969,200.0,116.91644,0.0020415306,7.687792,46.896236,410.23212,24.234043,18.0,1.0,0
225.49492,200.0,77.86435,0.008616928,26.856874,49.784527,257.9893,148.99396,18.0,5.0,0
374.87747,200.0,125.04452,0.01891006,47.17696,11.021307,182.32384,142.00392,1.0,2.0,0
300.0279,301.0,70.53975,0.0034384823,37.660515,45.452675,269.4884,146.77919,1.0,3.0,0
309.84702,200.0,109.602036,0.0072130016,71.351906,39.21229,79.57209,100.41962,21.0,1.0,0
205.1942,200.0,90.27094,0.0056585865,59.229706,71.36486,150.9912,233.59059,13.0,1.0,0
226.442,200.0,76.15681,0.023025664,12.794656,71.89342,309.75452,106.02609,17.0,2.0,0
190.12689,200.0,133.0788,0.00052459666,25.30157,59.071884,59.811962,20.940367,20.0,5.0,0
149.91913,200.0,64.46009,0.004930571,64.59515,53.272476,272.99353,187.91019,21.0,6.0,0
221.4078,200.0,12.796779,0.018005531,63.965733,31.706535,366.55026,62.12775,19.0,2.0,0
89.98535,200.0,101.10507,0.002401156,44.944195,65.82706,305.6697,121.44471,16.0,6.0,0
311.13367,200.0,103.89782,0.005523912,39.424225,37.373802,326.57983,253.33173,5.0,0.0,0
158.57845,200.0,41.201233,0.0064396355,52.139458,57.988758,278.0559,239.0091,5.0,3.0,0
184.68195,302.0,53.640892,0.01625787,34.9781,46.39975,218.17487,107.34839,6.0,3.0,0
434.04953,500.0,113.834656,0.01172289,32.664734,56.033142,315.7234,109.37588,6.0,4.0,0
354.14325,201.0,112.778145,0.0059713502,32.44234,56.211025,267.05392,255.1346,13.0,5.0,0
146.44681,200.0,90.276726,0.00021901041,54.81306,48.207767,329.6748,151.50609,0.0,1.0,0
151.05847,200.0,122.828156,0.00039367468,47.142532,45.50441,201.57549,188.70325,0.0,5.0,0
348.16513,201.0,76.73399,0.006047341,36.117332,37.390076,147.7724,119.68645,20.0,2.0,0
112.15793,200.0,75.59372,0.0053740283,43.44262,54.548923,346.61963,196.06268,16.0,4.0,0
160.79263,200.0,122.4289,0.00023473786,59.363754,53.580956,248.26106,148.37402,11.0,0.0,0
117.651794,400.0,61.055496,0.03124546,62.403706,80.34916,428.61884,111.461685,18.0,0.0,0
52.367435,404.0,118.128654,0.0019065851,50.05955,39.157787,101.677315,151.29166,11.0,4.0,0
539.1761,200.0,84.23286,0.007831184,54.921597,60.552776,198.42844,141.02953,2.0,0.0,0
218.80553,200.0,101.991455,0.0049020527,23.626637,69.644554,264.3444,155.22331,21.0,6.0,0
251.83064,200.0,132.9691,0.01152304,31.757353,64.56922,166.39096,55.086216,17.0,6.0,0
399.5015,201.0,80.61256,0.0023513362,29.301186,60.314865,127.52903,136.3088,7.0,3.0,0
95.29923,200.0,124.31821,0.0149570815,52.737286,56.591045,408.16336,250.32831,18.0,2.0,0
197.62157,200.0,139.67375,0.001297394,42.95835,80.5065,167.08482,70.09167,4.0,2.0,0
92.542244,200.0,80.43873,0.010256404,36.81007,64.16496,414.82947,109.97254,13.0,5.0,0
145.33992,201.0,119.16773,0.0003619387,44.6695,36.982277,180.42342,0.0,1.0,2.0,0
51.83004,201.0,87.68913,0.006350414,35.169067,49.85366,274.52386,52.00145,15.0,0.0,0
183.39081,200.0,80.3112,0.023049071,60.33805,39.57626,183.53813,190.25511,6.0,2.0,0
111.96189,200.0,82.5583,0.01596696,20.929562,43.01864,217.97813,116.91964,15.0,6.0,0
197.72772,200.0,142.78398,0.023455119,52.43189,49.64156,337.0801,232.09201,11.0,2.0,0
210.07285,200.0,75.15798,0.008408685,41.440105,61.24919,20.644705,122.678276,4.0,4.0,0
88.46196,200.0,143.1735,0.021752385,39.972523,68.79155,226.72272,156.63896,19.0,5.0,0
226.14264,200.0,53.58328,0.01498573,11.959359,44.107525,196.35173,296.94968,10.0,4.0,0
113.35862,200.0,81.42781,0.0055137235,63.705734,18.846565,269.10938,119.90293,12.0,0.0,0
224.42076,200.0,95.60179,0.0027528426,47.230057,32.703117,197.85501,103.39244,19.0,3.0,0
6630.021,500.0,67.29709,0.14647609,66.10592,52.0618,272.41312,286.79913,9.0,6.0,1
155.52084,200.0,7.20323,0.010707751,33.5865,38.19779,374.96902,107.61031,16.0,2.0,0
70.465034,200.0,64.8662,0.0055546826,77.56241,46.3435,219.15843,128.15923,22.0,0.0,0
170.34326,200.0,102.851654,0.01379191,20.339798,21.706697,407.97693,123.9548,6.0,2.0,0
314.024,200.0,105.7237,0.00031272945,33.209152,59.230804,231.1036,82.602356,6.0,5.0,0
166.78679,200.0,121.75291,0.016220855,52.839684,69.23136,191.6195,192.39128,7.0,6.0,0
282.89963,200.0,139.3578,0.0028808904,18.74947,53.417652,24.651577,195.40472,16.0,2.0,0
278.6233,200.0,102.10297,0.009089299,43.1577,75.35214,303.40057,197.41182,1.0,1.0,0
162.56964,200.0,107.45419,0.0029169985,32.66363,41.24656,175.6868,168.94699,3.0,2.0,0
206.60861,200.0,131.2688,0.014125033,49.055103,32.27688,390.4862,155.34209,0.0,3.0,0
98.85769,200.0,106.985275,0.010652777,38.457863,42.675106,337.60965,174.98764,22.0,5.0,0
121.26165,200.0,97.48029,0.0015939521,56.814655,67.88057,374.18073,27.534723,11.0,3.0,0
530.0764,200.0,136.61992,0.06606705,55.39987,66.096954,8592.304,8466.241,1.0,0.0,1
199.65337,200.0,90.62024,0.0073901303,37.008373,51.05443,424.96964,113.53672,15.0,3.0,0
233.60063,200.0,100.51713,0.0029788706,60.455956,86.57823,223.8024,105.23415,21.0,3.0,0
298.64346,201.0,95.1725,0.0006119247,53.541786,62.09426,122.34095,56.3013,5.0,0.0,0
420.31497,200.0,121.36933,0.0013220181,26.32853,37.54365,360.53635,161.42218,9.0,5.0,0
88.17356,200.0,112.001526,0.00794314,42.712387,64.79781,379.73068,131.06207,17.0,1.0,0
240.62386,200.0,85.20843,0.011701659,67.99843,34.775906,350.2802,315.2737,0.0,4.0,0
210.46585,200.0,68.35043,0.0007942212,44.074917,31.501698,320.66284,64.95796,11.0,5.0,0
159.83604,200.0,124.11845,0.038659953,22.259222,66.9297,362.93353,213.55984,7.0,1.0,0
270.9618,200.0,50.38085,0.0036412647,64.900986,63.551952,289.81543,211.92302,20.0,5.0,0
308.44196,200.0,93.54792,0.0017195226,29.548777,38.122993,227.27267,143.28658,20.0,1.0,0
133.59059,200.0,113.40877,0.023663776,22.392689,57.900764,130.75153,230.25935,20.0,5.0,0
229.06647,204.0,64.787994,0.0061838864,41.7347,40.77742,274.3027,160.12593,17.0,0.0,0
163.45695,200.0,102.358376,0.0010249184,45.469624,77.38838,301.37552,108.65199,11.0,5.0,0
245.81091,200.0,107.82951,0.004344085,40.062073,44.70781,269.81564,50.8278,9.0,1.0,0
170.17148,200.0,103.789635,0.004232947,7.6916127,53.372086,303.88458,229.62578,12.0,6.0,0
203.10976,200.0,126.30121,0.004749333,36.91459,54.135616,128.79733,0.0,19.0,6.0,0
130.77597,200.0,111.210526,0.0050202864,60.045143,45.595062,509.09143,312.20825,12.0,0.0,0
51.031425,200.0,132.95148,0.005622258,48.606823,49.448696,366.7787,172.4271,20.0,0.0,0
83.43665,200.0,108.46491,0.011768573,38.60313,58.169388,357.9816,151.24513,4.0,2.0,0
102.61451,200.0,107.739876,0.005509482,24.170778,75.48823,85.25552,89.4922,6.0,2.0,0
256.81516,201.0,83.92022,0.0045749443,42.442886,37.151318,104.38243,85.16974,2.0,1.0,0
177.54738,200.0,112.89309,0.004700575,48.688343,60.559776,178.92648,63.694893,20.0,0.0,0
338.81232,200.0,94.59504,0.016076213,37.730125,39.446064,186.07063,241.38354,6.0,3.0,0
180.54903,200.0,85.169495,0.0006359802,15.736541,55.231266,145.05449,189.53642,22.0,1.0,0
59.04444,200.0,116.95592,0.0076877577,43.214848,55.252457,227.35912,137.1542,9.0,4.0,0
117.89808,200.0,76.073265,0.011895567,56.035152,45.62425,242.49063,117.40491,9.0,3.0,0
176.85078,200.0,90.12867,0.014963718,71.82409,62.986073,329.08597,354.45215,16.0,2.0,0
245.04933,200.0,125.775185,0.0036090447,58.84271,81.848206,298.75412,82.56906,12.0,3.0,0
92.73462,204.0,106.04899,0.0019340327,28.488771,51.148,331.27518,0.0,21.0,0.0,0
195.95625,200.0,74.40322,0.0057170703,29.850082,39.954548,233.64748,187.24013,20.0,1.0,0
109.2844,200.0,46.71191,0.004691591,46.26048,27.665007,187.59044,51.416996,4.0,0.0,0
345.26285,201.0,128.59024,0.010514599,37.63244,40.67579,59.501907,204.54845,9.0,6.0,0
294.7575,200.0,58.85122,0.008230353,20.01731,34.60234,429.42126,221.09499,1.0,5.0,0
166.3493,200.0,51.66239,0.012486598,8.967291,29.122553,295.7855,146.78163,19.0,2.0,0
240.53589,200.0,88.13549,0.011976938,36.35244,62.564865,306.615,0.0,17.0,2.0,0
356.1401,200.0,78.42044,0.001082388,47.7877,91.09047,335.77896,173.37473,20.0,0.0,0
218.1015,200.0,83.70943,0.0042448994,21.168434,17.231892,86.37026,163.65697,2.0,5.0,0
149.82004,200.0,118.21382,0.00554089,72.82,42.938583,287.7027,90.64713,15.0,3.0,0
171.2025,200.0,106.44755,0.0009854155,38.196022,54.07438,296.58972,45.70334,3.0,4.0,0
319.55127,200.0,88.22162,0.02337843,47.487133,51.18601,91.43943,147.46658,12.0,1.0,0
196.40875,204.0,46.792797,0.0005796032,29.967703,54.70362,191.09113,150.59148,4.0,5.0,0
181.97318,200.0,121.77125,0.008953167,40.737682,53.17523,250.94302,286.48907,19.0,2.0,0
313.52005,200.0,102.49639,0.016187571,45.334843,55.879177,214.09053,169.11583,11.0,2.0,0
199.81839,200.0,111.01385,0.019638866,27.15306,33.61901,256.8829,362.3031,5.0,3.0,0
138.8881,200.0,100.18754,0.0116184745,48.245758,63.172596,273.9366,88.25469,1.0,0.0,0
9059.137,200.0,139.06071,0.219832,91.28907,77.829185,7277.8037,7358.373,15.0,5.0,1
116.21262,200.0,3.8996317,0.015630025,39.12265,42.241573,218.55147,117.22889,20.0,0.0,0
96.97353,200.0,80.85355,0.00014110163,1.6883005,35.975807,142.32802,136.42836,14.0,3.0,0
113.783936,200.0,75.314156,0.0063401978,21.89023,44.226753,140.07735,221.62593,4.0,6.0,0
162.11676,200.0,134.5211,0.004546877,27.28731,32.918324,233.30927,157.98837,18.0,0.0,0
262.77136,200.0,117.56072,0.006188605,31.861439,80.67494,350.7175,13.565686,11.0,0.0,0
181.26517,200.0,91.77612,0.0061437106,48.316357,68.45693,139.05515,152.86047,15.0,3.0,0
412.71832,200.0,91.06064,0.010365177,41.598904,34.4196,223.22517,239.94151,15.0,3.0,0
113.86284,302.0,132.86813,0.00031071148,36.400803,44.615147,87.51054,200.54636,6.0,1.0,0
133.85594,200.0,62.979996,0.029883599,63.699642,37.844242,271.1338,77.96061,15.0,0.0,0
256.05118,200.0,149.91664,0.014226571,15.426145,56.578045,182.63603,175.56197,9.0,1.0,0
305.8027,200.0,130.41524,0.023260713,25.510662,67.72744,153.24577,140.09421,0.0,0.0,0
117.45246,200.0,62.50668,0.011005608,52.9656,48.29655,281.08426,252.15019,3.0,0.0,0
131.21112,200.0,140.97612,0.013128386,50.9249,22.015034,229.01271,59.454105,14.0,1.0,0
236.1128,302.0,95.693275,0.013012458,43.099792,54.626247,84.03201,13.565012,5.0,5.0,0
150.2956,200.0,104.82087,0.0007366422,30.522814,41.33132,282.932,25.554739,0.0,0.0,0
67.00222,200.0,62.021206,0.0014930833,34.30662,40.972034,267.76285,154.05258,10.0,3.0,0
353.35547,302.0,99.26897,0.00076671166,23.762703,67.936356,152.54547,184.03969,19.0,3.0,0
98.38828,200.0,54.4146,0.0077992575,34.678196,54.77727,456.20047,22.587725,2.0,6.0,0
342.79703,200.0,103.33003,0.016409284,12.134049,48.123466,190.04842,150.80432,4.0,6.0,0
206.90627,200.0,94.14448,0.0036543126,51.61064,36.100716,281.4295,212.54428,3.0,0.0,0
125.2886,200.0,77.61483,0.002662453,39.311237,39.559834,255.98325,175.07227,11.0,2.0,0
133.5248,400.0,93.14983,0.040543508,31.5194,29.570013,168.71706,218.3719,22.0,3.0,0
279.59894,200.0,141.90723,0.014317575,22.42704,67.7827,266.16232,63.581917,3.0,5.0,0
248.56561,200.0,113.805275,0.0008404532,55.574596,54.39438,264.31686,102.71896,19.0,1.0,0
263.93546,200.0,140.21318,0.0034299593,68.92598,83.84865,233.34567,226.4818,7.0,1.0,0
179.62708,200.0,87.473854,0.0019857136,35.486755,14.187635,143.05707,44.798195,8.0,3.0,0
154.56926,200.0,32.556072,0.006112661,35.543278,45.2564,90.917046,0.0,11.0,3.0,0
147.57397,200.0,139.15245,0.007369624,19.854712,51.187748,261.61664,238.70538,20.0,5.0,0
136.42259,200.0,58.91693,7.716332e-05,75.073235,53.667534,471.08325,167.75964,6.0,5.0,0
132.2778,200.0,78.710495,0.0006248778,38.124485,48.17163,462.08975,129.88123,23.0,1.0,0
283.58347,200.0,78.24775,0.00028676994,80.77508,59.985695,293.482,87.53589,14.0,0.0,0
217.23889,200.0,73.52104,0.002080368,4.5242147,50.055107,126.19551,79.13907,22.0,0.0,0
189.68723,200.0,84.613495,0.0034069458,56.994133,22.011503,216.67828,132.2976,11.0,3.0,0
151.19312,200.0,55.467262,0.00040703238,46.16983,40.519962,331.66785,6.617579,4.0,6.0,0
245.18367,201.0,103.76645,0.035466406,33.058434,74.43408,310.53726,23.246279,20.0,2.0,0
189.48097,200.0,66.75439,0.006034138,23.781902,54.351685,83.321785,292.1436,4.0,0.0,0
139.48532,200.0,79.0221,0.012895096,41.128,42.954227,285.96744,225.75598,15.0,5.0,0
309.92407,204.0,96.569405,0.018411044,42.509212,35.55984,269.76315,239.54678,0.0,2.0,0
267.9349,200.0,62.07298,0.0018856185,29.003311,51.759132,229.2639,326.01047,13.0,6.0,0
434.3307,200.0,46.238518,0.0073789787,76.50354,48.237473,238.47556,224.76872,22.0,1.0,0
84.9335,200.0,105.63,0.019123247,38.985275,82.65257,280.79877,186.61034,16.0,4.0,0
148.37799,200.0,96.513596,0.007146222,41.111855,23.02407,245.9208,216.28651,20.0,5.0,0
168.82274,200.0,122.88199,0.0065222043,28.627668,79.705055,437.9391,100.522285,5.0,0.0,0
141.23474,200.0,38.096207,0.011676089,51.607277,78.91559,293.76193,214.12517,11.0,4.0,0
53.09888,200.0,20.261103,0.0045786933,48.899475,38.950462,53.273094,115.09462,0.0,2.0,0
196.08458,200.0,43.77298,0.013638517,61.190384,57.696136,120.196815,40.3948,1.0,5.0,0
285.53,200.0,74.65,0.00489491,35.78126,52.923702,193.7394,226.07106,15.0,2.0,0
322.7801,200.0,71.93798,0.0058784853,23.588083,76.807076,252.74557,38.561737,5.0,2.0,0
94.93907,301.0,88.00116,0.034875624,33.767555,78.825806,245.67496,61.441998,5.0,3.0,0
144.1664,200.0,60.98561,0.004045792,27.998543,26.253387,166.14122,19.860277,2.0,3.0,0
164.61082,201.0,66.03931,0.013461869,33.83799,41.263344,287.40707,195.37944,3.0,1.0,0
83.8689,200.0,94.59621,0.005064,25.593042,42.95053,233.28702,247.39293,1.0,3.0,0
896.9948,200.0,141.91194,0.023113787,61.867867,66.56739,9155.925,9918.861,16.0,4.0,1
200.2793,201.0,138.11159,0.0047351248,30.708738,46.262516,144.00368,176.31209,17.0,1.0,0
242.64818,200.0,125.64496,0.001495831,62.759876,9.941718,313.03812,103.97166,19.0,5.0,0
269.24545,200.0,81.50357,0.009184125,30.124367,42.66997,79.185295,162.21523,5.0,2.0,0
8562.985,504.0,136.49536,0.2497901,79.60549,77.56998,6880.435,7014.9077,10.0,1.0,1
146.69012,200.0,93.91347,0.0011627515,46.316418,38.808838,151.47968,35.26449,2.0,6.0,0
371.34,200.0,129.73213,0.00067166745,42.42287,83.45927,333.83752,125.05061,15.0,3.0,0
45.578163,200.0,92.500435,0.012531866,35.849842,67.16266,233.20323,197.52904,13.0,3.0,0
3932.429,504.0,88.25669,0.19994524,81.095116,82.87518,9570.754,6364.2754,14.0,6.0,1
159.51569,200.0,127.77391,0.008965009,48.896755,35.180542,270.89624,153.9787,19.0,0.0,0
119.81931,200.0,98.188065,0.0012326826,44.92693,63.173225,311.22507,143.8453,20.0,1.0,0
288.85168,200.0,84.08296,0.013358813,40.04718,64.165245,260.67932,93.694305,7.0,4.0,0
204.84982,200.0,120.6062,0.0014594567,12.145853,50.40439,201.9699,234.24698,0.0,5.0,0
108.504524,200.0,55.441143,0.0008644441,22.65671,56.281048,477.15344,170.12828,17.0,2.0,0
255.84306,200.0,100.76818,1.804808e-05,36.232334,30.864338,165.87158,219.6333,3.0,6.0,0
350.07666,201.0,77.332054,0.0102376705,32.588947,59.234303,399.81265,207.71097,14.0,1.0,0
249.60315,200.0,167.99469,0.0073723095,41.16954,32.78202,267.5146,178.97734,14.0,5.0,0
250.57758,302.0,103.07889,0.0024075282,45.33029,40.34959,319.48016,161.99843,15.0,4.0,0
128.40877,200.0,37.690796,0.004641883,38.485447,6.4252048,292.04666,146.70625,9.0,2.0,0
152.58513,200.0,78.136856,0.002220251,30.834047,56.74791,388.54022,211.18677,23.0,2.0,0
136.1851,302.0,124.22289,0.0004076566,45.809803,47.282005,279.274,201.16582,6.0,2.0,0
245.84998,200.0,27.156458,0.014120373,0.0,77.81626,324.64804,231.11632,7.0,4.0,0
107.682915,200.0,84.57726,0.021635165,50.774586,59.384808,0.0,95.98261,22.0,0.0,0
426.19357,200.0,102.92287,0.00071095786,30.608246,34.233494,166.7037,184.58842,1.0,5.0,0
232.41028,400.0,128.97697,0.009583451,60.45558,38.504658,450.4977,173.80978,22.0,2.0,0
159.17094,200.0,96.83986,0.021040011,71.38449,55.38345,151.86789,74.11118,6.0,3.0,0
197.64735,200.0,98.54402,0.0110286,43.506042,61.500534,176.8641,76.45196,0.0,2.0,0
269.55704,200.0,105.72506,0.005261617,27.140032,52.126434,238.50642,341.2949,18.0,6.0,0
163.06421,200.0,123.409706,0.010849333,29.99336,44.893986,445.51053,121.96779,19.0,4.0,0
108.432976,200.0,62.824844,0.00878615,51.85852,46.355637,111.3801,93.13361,9.0,1.0,0
137.60863,200.0,38.484062,0.012139437,52.11661,72.99212,77.611404,37.417522,8.0,0.0,0
137.34555,201.0,108.030624,0.02822324,31.37873,44.74628,344.32144,122.61495,5.0,5.0,0
234.70338,200.0,100.53476,0.01297813,67.564644,29.735046,212.17348,292.9781,7.0,1.0,0
296.25012,200.0,103.51971,0.005576283,28.467684,34.76705,280.48056,123.72603,19.0,2.0,0
342.35916,200.0,99.36159,0.010042072,33.309162,37.88331,368.0019,127.51662,18.0,0.0,0
308.09155,200.0,78.200264,0.0015331815,30.98073,48.08767,291.09973,220.80588,0.0,5.0,0
203.96758,200.0,59.247124,0.01704039,39.28003,69.54394,63.88479,283.90125,1.0,6.0,0
261.14813,200.0,175.1295,0.00064373395,24.621525,27.85814,423.84293,174.73862,4.0,5.0,0
161.6059,302.0,132.01094,0.0076285484,38.367146,47.933746,342.15024,239.13948,18.0,3.0,0
7249.5024,503.0,139.10663,0.29461747,62.82946,55.75823,355.5666,249.18056,14.0,6.0,1
145.17165,200.0,78.67496,0.0052092257,23.79305,20.161774,178.57564,158.61588,14.0,0.0,0
198.05374,200.0,101.32068,0.002690148,45.922234,74.172325,129.92136,154.91832,1.0,1.0,0
164.4719,200.0,96.77546,0.002227397,59.16883,30.859688,253.14546,197.10187,19.0,2.0,0
100.9017,200.0,36.911263,0.03185048,46.639427,43.917946,202.27486,65.994484,1.0,5.0,0
351.136,200.0,93.082,0.03170952,46.922283,22.61306,382.0584,206.76991,21.0,2.0,0
973.56537,200.0,189.08958,0.056517076,62.763527,62.834244,9901.019,9940.676,12.0,6.0,1
58.649128,200.0,10.087797,0.034917206,49.214043,60.87261,321.68134,99.345474,17.0,1.0,0
114.45507,301.0,91.638535,0.0015341504,37.761715,40.390736,258.9448,165.52501,6.0,4.0,0
243.85193,200.0,58.303726,0.012051255,22.064867,34.677387,177.7662,194.93579,4.0,2.0,0
387.24045,200.0,26.277992,0.010389609,49.020557,42.71727,257.03302,216.40213,0.0,2.0,0
144.58716,200.0,106.63076,0.0057714805,31.043795,55.3553,157.84576,17.210089,5.0,6.0,0
95.91591,200.0,70.54928,0.008798044,36.9496,30.565285,336.18167,195.96521,11.0,6.0,0
130.2241,200.0,95.01548,0.004359527,44.11365,80.63098,437.45273,143.42032,18.0,6.0,0
413.6551,200.0,28.072458,0.0014858168,34.257896,44.618168,145.11055,69.41862,4.0,4.0,0
141.88431,200.0,77.59029,0.0065054046,49.219555,30.317429,238.09889,274.97647,15.0,3.0,0
181.71097,200.0,126.29486,0.00050839415,62.9188,47.435524,418.5448,236.8439,16.0,6.0,0
52.91207,200.0,123.51046,0.0033436136,40.225014,57.281837,313.98212,142.79622,6.0,1.0,0
190.47806,200.0,93.465225,0.009297316,51.49687,47.0122,444.1061,50.406536,21.0,0.0,0
164.67274,302.0,100.90735,0.024885463,20.966154,48.488647,240.9356,133.33229,7.0,2.0,0
239.29224,200.0,137.48256,0.010801806,26.443806,60.52248,232.30127,205.23354,14.0,3.0,0
1577.2919,503.0,63.536823,0.1262964,36.888496,63.227386,336.24118,109.842255,21.0,1.0,1
256.4847,200.0,101.4672,0.02323183,19.9909,49.73506,154.11682,125.77533,8.0,6.0,0
206.81613,200.0,104.552475,0.004532264,42.18158,52.564262,218.62212,173.47566,1.0,3.0,0
796.4655,200.0,189.58842,0.010977342,80.162575,90.383484,471.65204,394.61856,2.0,1.0,1
127.36273,200.0,86.9927,0.005635585,42.069637,69.713936,117.6585,84.16818,23.0,1.0,0
118.079834,200.0,131.05367,0.022648541,69.79053,57.26059,42.42769,137.37856,22.0,5.0,0
276.17673,200.0,105.426506,0.012023083,64.94062,52.893684,253.07892,226.78757,5.0,3.0,0
90.33072,200.0,127.884056,0.01026178,34.55311,57.750015,227.3539,128.56299,4.0,1.0,0
29.71628,200.0,13.427493,0.026576119,38.916954,61.988323,203.73894,269.10272,13.0,0.0,0
276.85358,200.0,116.35013,0.00061134197,31.63867,38.156063,225.09798,158.78404,10.0,3.0,0
84.47901,200.0,128.36415,0.019003784,35.290348,43.99267,515.44324,102.70481,0.0,6.0,0
170.25974,200.0,151.22144,0.004507863,31.008001,49.79509,439.99463,108.765564,9.0,4.0,0
2792.6306,500.0,62.462555,0.101146504,45.42684,62.64971,375.78726,202.27274,4.0,0.0,1
274.57498,200.0,69.04905,0.016855985,35.238216,39.99453,146.1313,204.94685,14.0,0.0,0
194.89926,200.0,110.86165,0.009961591,33.394848,46.474968,240.368,127.93388,8.0,1.0,0
207.41504,200.0,104.322784,0.009412002,63.834476,55.286625,38.654854,257.71548,12.0,3.0,0
359.9895,200.0,128.6125,0.0064825146,61.654285,60.23043,394.05197,117.51122,5.0,1.0,0
145.26624,200.0,109.98768,0.0025804928,56.171818,35.447994,239.8556,294.45233,23.0,0.0,0
538.77386,200.0,178.06905,0.029449597,92.304405,85.72064,465.8296,336.4223,19.0,4.0,1
121.54556,200.0,102.240074,0.011213279,6.515978,51.16541,185.01303,132.4575,2.0,3.0,0
139.64984,200.0,125.50699,0.0009522092,33.89925,42.731358,338.8593,70.80075,13.0,1.0,0
4554.961,503.0,62.496517,0.123246945,82.758224,89.33906,9148.468,5758.1753,16.0,5.0,1
88.89283,200.0,93.29241,0.0004340995,48.71747,52.976803,365.8038,227.90875,15.0,2.0,0
270.12558,200.0,118.34565,0.014332903,27.237432,62.182648,274.73044,172.50269,1.0,5.0,0
222.69113,404.0,35.36849,0.0053505483,47.798897,49.237545,385.48596,161.14323,23.0,6.0,0
132.01988,200.0,132.11053,0.007022483,52.19256,36.389893,128.58937,149.76138,11.0,0.0,0
208.54431,200.0,121.47647,0.015029333,42.873146,41.103565,264.00116,99.50333,8.0,3.0,0
178.63881,200.0,120.17649,0.0067112837,15.557707,48.810818,398.68835,211.78009,11.0,1.0,0
84.965065,200.0,93.12156,0.0027299565,29.427814,74.00509,125.02121,149.59557,16.0,3.0,0
404.0524,200.0,73.244225,0.014536791,17.592789,40.750683,259.70554,200.94197,2.0,3.0,0
714.24475,200.0,117.32335,0.029443735,86.539215,93.31902,470.29108,219.29323,12.0,4.0,1
358.46136,200.0,81.61894,0.0034811168,15.051705,57.177937,530.9137,211.15555,3.0,6.0,0
267.50854,200.0,152.55466,0.004818791,37.607765,59.852352,141.33678,194.5893,19.0,0.0,0
1139.3445,200.0,117.15037,0.045788113,62.44243,62.41556,9493.615,9896.618,1.0,6.0,1
243.42397,200.0,129.002,0.016606491,44.017887,27.405188,315.4315,160.85927,6.0,4.0,0
200.48192,200.0,84.2392,0.080264755,45.64464,54.496616,282.5279,224.22748,9.0,0.0,0
98.07189,200.0,95.71351,0.0035421231,26.20279,50.967297,81.08471,188.76117,19.0,4.0,0
146.5882,200.0,98.88585,0.003441261,45.233677,57.405277,110.506325,258.13828,5.0,4.0,0
204.02457,200.0,83.48165,0.014972946,33.909172,64.29298,286.87976,58.402874,17.0,1.0,0
135.85036,200.0,53.08777,0.005158257,14.725675,44.596672,142.02191,172.06207,12.0,6.0,0
198.92412,201.0,115.49756,0.008034672,12.191296,62.460533,273.07373,197.36226,10.0,0.0,0
194.16101,200.0,73.76354,0.003903986,45.514465,39.951828,414.6878,172.16034,1.0,2.0,0
167.56326,200.0,86.86462,0.01651481,44.034664,22.832779,105.39448,238.58507,8.0,1.0,0
31.17521,200.0,105.475395,0.02686633,34.2945,50.566616,247.37752,162.92809,22.0,2.0,0
201.42236,200.0,64.1255,0.0029263764,66.27666,67.12931,121.26758,182.80862,7.0,3.0,0
3318.488,502.0,76.22467,0.13108943,32.37737,65.1437,237.56885,262.9677,2.0,5.0,1
163.59752,200.0,63.9746,0.011104097,48.965626,60.91998,46.11943,150.12126,11.0,3.0,0
171.17154,200.0,147.31224,0.0070102103,27.282162,47.912235,203.94658,223.56355,23.0,3.0,0
249.94435,200.0,111.69596,0.002311165,46.413387,44.99217,240.68636,111.90891,20.0,2.0,0
184.26025,200.0,141.36575,0.0010551295,17.212933,71.24074,124.53076,249.10982,19.0,5.0,0
200.86078,200.0,102.842834,0.0035093406,28.080204,68.52363,273.43414,345.9379,11.0,3.0,0
521.9783,200.0,143.08862,0.012172572,91.92987,94.03048,300.28036,267.9824,21.0,2.0,1
702.75543,200.0,157.75099,0.017775541,91.06731,97.11261,458.84143,367.4342,18.0,0.0,1
124.79305,400.0,157.60185,0.038679983,29.007645,45.18236,161.5807,180.38998,19.0,6.0,0
8799.607,503.0,66.21405,0.14499848,85.10454,75.40525,5604.357,5132.8877,9.0,0.0,1
327.86105,200.0,77.763176,0.010919503,45.90291,63.88393,0.0,235.30135,5.0,3.0,0
317.11734,200.0,106.01247,0.017818805,30.80954,60.970818,377.5571,13.6630945,4.0,1.0,0
56.25284,200.0,52.889526,0.0067646476,36.954178,0.0,183.07576,179.14946,0.0,6.0,0
356.902,400.0,97.96607,0.0015260596,39.811825,45.582325,221.37213,224.28238,3.0,5.0,0
183.84038,200.0,69.801094,0.0018564172,36.173843,66.41804,404.33643,139.09094,9.0,2.0,0
355.74142,200.0,72.48408,0.0038108586,46.679222,63.429703,404.66025,98.69566,18.0,6.0,0
149.48389,301.0,74.31456,0.0071729072,37.107143,60.432953,209.54633,195.09378,3.0,2.0,0
253.27803,404.0,110.631294,0.009661742,41.203465,37.032005,378.10294,154.8672,23.0,6.0,0
243.87889,200.0,75.483894,0.0029936058,41.904556,32.783813,309.7228,134.99066,10.0,3.0,0
488.29468,200.0,84.88319,0.0007657592,16.960758,19.261164,335.20795,152.5822,15.0,0.0,0
387.14026,200.0,123.39656,0.0072244233,32.15808,11.593133,247.79922,88.33785,8.0,1.0,0
99.531845,200.0,90.18654,0.017353032,46.511993,72.86289,123.52225,169.06912,11.0,6.0,0
215.45477,200.0,74.538826,0.009893663,82.31223,70.272125,312.84097,118.68064,15.0,1.0,0
197.49976,200.0,113.33806,0.011749729,39.506874,45.626644,91.2555,134.6864,3.0,5.0,0
116.67777,200.0,80.60521,0.0073801083,33.53459,34.1394,391.02185,43.28609,19.0,6.0,0
686.3921,200.0,147.40718,0.022310099,83.17703,98.02428,492.45355,166.49783,8.0,4.0,1
120.056,200.0,120.84322,0.0035775758,47.73617,17.03049,389.95435,24.40539,6.0,6.0,0
408.52243,200.0,63.40556,0.0058606155,56.98002,66.88917,176.48846,247.6851,19.0,6.0,0
255.55736,200.0,61.299976,0.010769204,41.648273,55.888725,150.83832,85.66546,15.0,1.0,0
199.2928,200.0,86.509476,0.0011631345,61.28313,43.736958,353.96127,108.20122,9.0,3.0,0
325.87555,200.0,84.8601,0.008920028,37.1604,64.24371,195.85216,144.9334,17.0,6.0,0
94.66306,200.0,61.44096,0.02295093,49.441628,64.743805,302.25055,105.942055,19.0,5.0,0
121.46134,200.0,74.208496,0.012858316,63.219906,36.99107,269.968,16.64983,6.0,3.0,0
512.0889,200.0,172.81543,0.022395143,93.87728,95.52545,261.2055,191.99088,22.0,1.0,1
225.18588,200.0,117.84523,0.005738981,28.071926,52.314793,310.82858,32.650467,12.0,3.0,0
174.5262,200.0,30.357452,0.0022009325,57.144554,33.618702,285.49207,75.29885,15.0,4.0,0
287.09464,200.0,88.07652,0.0013863865,57.08398,78.22016,360.54456,187.21513,3.0,6.0,0
190.40971,200.0,117.49635,0.017990492,60.849155,48.35664,238.90175,183.24034,12.0,6.0,0
99.02264,200.0,128.97495,0.0039485935,60.244484,44.62403,230.56897,218.83192,7.0,6.0,0
243.78966,200.0,135.01741,0.03331548,59.988102,54.89479,94.94826,132.03882,17.0,6.0,0
173.29984,302.0,122.26826,0.0046924273,36.545624,32.0464,418.7097,154.7629,16.0,0.0,0
178.32582,200.0,103.377014,0.0012073283,20.505028,43.895176,161.43372,209.11847,16.0,2.0,0
124.702896,200.0,111.09984,0.022649925,8.534584,55.41529,261.42487,139.87045,0.0,1.0,0
233.82616,200.0,110.754105,0.0043041534,38.698517,59.04543,326.29776,0.0,13.0,5.0,0
5188.4653,502.0,60.49302,0.14790271,39.00321,66.35172,215.91707,199.25717,6.0,1.0,1
7728.0474,200.0,111.02048,0.16711281,82.34228,92.60374,7558.586,5812.3403,14.0,2.0,1
302.59735,200.0,60.650024,0.004427786,54.580795,39.070877,290.80652,217.8962,9.0,2.0,0
158.82039,204.0,71.8697,0.004070488,20.279484,38.01966,294.08487,27.560503,18.0,0.0,0
188.11351,200.0,138.14424,0.011638367,55.59518,34.063675,222.90765,150.36496,5.0,4.0,0
205.435,200.0,131.8456,0.00051591283,57.77369,40.245735,312.95697,308.30865,13.0,2.0,0
131.95128,200.0,114.46688,0.001883647,37.542675,35.346592,380.61063,134.83058,4.0,3.0,0
130.86967,200.0,150.415,0.0016288155,46.58135,47.536457,148.05852,79.3848,18.0,1.0,0
732.5661,200.0,107.87388,0.012724808,88.8445,97.08481,499.86325,207.04056,22.0,4.0,1
190.40915,302.0,71.89497,0.0059724897,36.068813,54.137302,191.68521,213.92235,10.0,5.0,0
83.1595,200.0,96.90977,0.011752627,23.92608,44.09572,318.89587,269.71338,11.0,1.0,0
201.70844,200.0,87.88726,0.0067982147,19.943224,34.348454,275.59314,149.00148,10.0,1.0,0
200.54828,200.0,82.71965,0.009375391,18.209068,63.71146,299.2053,276.7281,18.0,3.0,0
176.05792,200.0,144.79724,0.017796516,42.605915,37.231113,259.77786,135.38872,0.0,5.0,0
196.855,200.0,81.277145,0.0037144553,25.641611,52.308014,481.86996,135.32213,20.0,5.0,0
143.4963,200.0,73.313774,0.014107311,46.401398,74.43849,461.13196,143.68242,19.0,4.0,0
137.97426,200.0,46.93224,0.012034598,47.81243,33.22518,201.10942,99.88692,14.0,2.0,0
195.65399,200.0,81.78861,0.004914002,53.807053,37.208233,296.1532,111.37627,19.0,4.0,0
167.83345,200.0,178.29848,0.0022433999,27.796703,65.80031,298.88272,35.234608,2.0,5.0,0
323.47665,200.0,107.941536,0.031973593,52.557888,62.524223,35.676052,305.11218,21.0,5.0,0
213.97769,200.0,133.66096,0.016106905,34.659107,43.456333,326.05624,2.8096397,8.0,2.0,0
186.9388,200.0,89.96671,0.011495213,47.19641,29.926485,61.988632,364.77072,6.0,5.0,0
483.3841,200.0,107.340164,0.0008028108,27.248793,20.091015,319.2966,108.027275,20.0,1.0,0
286.45258,200.0,103.32733,0.009510358,23.638042,38.513012,157.48296,60.827675,13.0,6.0,0
250.9575,200.0,82.89663,0.0059614396,33.477757,36.72317,325.79944,280.57462,19.0,4.0,0
138.53468,200.0,103.658714,0.026242223,39.645557,34.691475,363.24796,88.91232,23.0,5.0,0
95.654465,200.0,148.57967,0.0016383769,29.467772,48.510654,275.11404,0.0,20.0,0.0,0
177.12767,200.0,105.75297,0.0028311755,44.784107,27.940052,185.00664,147.22165,9.0,1.0,0
257.22504,201.0,84.43569,0.009834322,26.166178,41.39897,277.80365,186.08029,17.0,6.0,0
26.633448,200.0,114.02974,0.01324227,21.262213,26.332798,198.12578,36.999126,16.0,0.0,0
259.99432,301.0,68.785446,0.008169354,40.96535,41.440395,200.65129,258.90927,23.0,0.0,0
214.34453,200.0,96.6436,0.0019434374,51.317204,43.543056,146.86351,109.03929,17.0,3.0,0
119.043175,200.0,80.77732,0.0106943315,43.534954,78.169556,303.9788,114.09055,7.0,2.0,0
136.04868,200.0,147.88123,0.00094276614,38.837784,78.685814,179.93729,107.719086,17.0,0.0,0
155.8274,200.0,117.985115,0.008129577,23.48834,39.57579,438.05814,272.45032,23.0,1.0,0
777.5879,200.0,98.47553,0.023497593,95.8897,90.28269,269.58676,160.53127,5.0,5.0,1
305.8334,200.0,123.27532,0.016007949,44.28585,65.83813,306.0341,192.26447,2.0,6.0,0
51.839596,200.0,112.1766,0.014114211,44.25494,37.30159,169.98395,223.85861,20.0,4.0,0
245.50247,200.0,118.57952,0.005802557,40.396244,51.41505,94.96583,0.0,6.0,1.0,0
302.009,200.0,99.98743,0.004474896,57.024727,44.662766,146.5382,170.5889,22.0,2.0,0
1958.3942,503.0,95.61592,0.12596337,68.57781,60.94908,242.66444,137.91037,2.0,1.0,1
325.21088,500.0,75.74834,0.018714294,35.606766,63.156128,313.51193,178.08664,0.0,5.0,0
118.09519,200.0,126.70436,0.003436349,52.22734,70.3733,240.24925,0.0,16.0,1.0,0
142.67003,200.0,127.13303,0.0008440337,21.937557,38.095165,279.90738,30.737669,7.0,2.0,0
219.37488,200.0,86.91792,0.00424648,30.546305,26.751877,143.87495,213.95018,16.0,3.0,0
357.08826,200.0,170.93997,0.031464122,93.44837,90.58175,345.22897,337.03827,3.0,5.0,1
141.48131,200.0,65.58791,0.033035252,46.201855,64.63144,229.44016,181.38074,5.0,3.0,0
329.99445,200.0,124.86626,0.01574713,48.60066,51.19369,225.49947,113.02218,21.0,1.0,0
167.95276,200.0,73.10879,0.027155038,25.060505,64.3465,313.2707,321.77646,17.0,5.0,0
186.76259,200.0,146.031,0.009035816,35.260162,66.270355,179.0357,54.12047,23.0,0.0,0
495.57947,200.0,133.86908,0.0015972131,26.483206,35.10182,385.26215,69.89346,4.0,2.0,0
249.55885,200.0,102.61805,0.013585781,44.6963,48.2038,302.4082,51.417442,21.0,4.0,0
115.8314,200.0,153.72568,0.0077721393,39.7634,40.965374,288.85916,57.889217,21.0,3.0,0
218.71191,200.0,94.637856,0.000974455,51.21783,15.728476,374.36792,173.98123,12.0,2.0,0
247.80617,200.0,88.0013,0.0073791114,39.38457,51.04606,218.06654,225.48009,22.0,6.0,0
237.65443,200.0,125.56402,0.007926931,47.915054,50.359535,403.3985,253.5912,9.0,2.0,0
92.33131,200.0,128.14328,0.002174798,55.219,36.095543,48.058517,83.86953,1.0,2.0,0
312.21335,200.0,82.9915,0.0033383064,49.170628,48.504646,215.38542,137.00702,16.0,3.0,0
141.71109,200.0,89.929695,0.009474851,30.54638,59.7428,279.44318,127.235794,1.0,2.0,0
254.13759,200.0,67.67143,0.008449639,36.5877,58.892384,367.22702,219.65439,12.0,3.0,0
220.51884,400.0,118.57057,0.019906852,36.20255,27.469078,254.87103,28.56124,5.0,0.0,0
4960.668,500.0,122.65975,0.2631845,58.12547,55.42802,339.35138,118.99569,20.0,0.0,1
243.99059,200.0,81.825745,0.0016216319,53.665085,40.302753,190.52896,154.96912,13.0,6.0,0
309.3616,200.0,89.18544,0.012895926,42.346878,51.965473,307.3605,169.54718,9.0,5.0,0
114.50834,200.0,104.817314,0.023216948,45.760735,60.159264,244.87901,92.32559,12.0,6.0,0
457.03406,200.0,60.070362,0.03172352,42.573578,40.580574,80.52532,77.4585,13.0,3.0,0
179.73831,201.0,96.36346,0.00059370225,73.71782,36.024452,132.57042,117.07257,4.0,4.0,0
116.1014,200.0,103.802155,0.015179902,51.661255,47.014244,158.87085,40.646023,1.0,1.0,0
164.26503,200.0,128.89397,0.02771934,38.152237,38.414295,451.52002,149.186,8.0,6.0,0
124.52953,200.0,100.78842,0.0043654116,40.973736,32.5058,241.06642,132.34697,16.0,4.0,0
145.03923,200.0,117.287,0.015543362,40.190445,54.856678,175.12312,213.5476,10.0,1.0,0
90.55422,200.0,166.32878,0.0056945807,42.266434,44.317627,211.21295,178.95477,7.0,2.0,0
156.42642,200.0,106.13476,0.008093582,16.23161,47.431686,482.8968,135.72282,20.0,4.0,0
116.46604,200.0,84.36108,0.010679662,37.970722,66.33778,214.92453,138.14601,22.0,6.0,0
198.65996,200.0,63.076103,0.0027420947,35.7325,51.509357,352.8578,223.40726,22.0,4.0,0
297.45917,200.0,67.9339,0.009326341,32.662235,43.565224,185.03949,149.11574,11.0,1.0,0
7015.3027,504.0,125.891014,0.10511363,55.511284,45.37789,346.24066,240.58891,8.0,2.0,1
89.649025,200.0,40.0514,0.016854469,38.485744,39.205727,253.81557,82.96772,14.0,3.0,0
142.93474,200.0,73.635735,0.009813541,56.83306,38.75955,418.10352,178.75792,23.0,0.0,0
223.8895,302.0,105.5049,0.03262101,47.706913,40.586285,246.77763,145.01743,5.0,6.0,0
180.48466,200.0,77.35081,0.00043277352,45.366867,36.823368,30.958769,165.4606,7.0,0.0,0
235.70502,200.0,69.6286,0.004520689,56.723827,62.739136,190.16777,177.37297,10.0,0.0,0
195.78305,201.0,81.94637,0.022768646,7.415462,36.80548,0.0,39.73266,18.0,3.0,0
155.50597,200.0,37.541378,0.0009427923,45.85519,54.266403,109.587555,93.42517,13.0,3.0,0
241.11703,200.0,134.139,0.005666298,39.92202,33.76811,386.93695,124.07651,10.0,5.0,0
177.19604,200.0,99.509926,0.0003824985,16.843214,47.830715,177.85207,215.66803,16.0,0.0,0
87.33343,200.0,97.81754,0.0057577207,61.52681,24.290995,62.856842,170.73172,1.0,4.0,0
325.90347,200.0,90.646065,0.0067406567,35.942474,29.393574,256.75043,76.06972,8.0,5.0,0
213.29555,200.0,94.02965,0.0016984215,7.0905824,57.58723,216.96733,101.300255,3.0,5.0,0
308.46997,301.0,147.87804,0.021497766,17.394712,56.30195,119.75193,49.51928,4.0,3.0,0
303.76352,200.0,66.89203,0.00211077,41.35807,36.792587,178.58615,183.32263,22.0,0.0,0
125.468636,200.0,80.99956,0.0011191211,24.599287,37.09786,256.8378,179.2183,15.0,6.0,0
536.932,301.0,88.98589,0.026145685,62.76897,29.810291,68.264946,86.36531,18.0,5.0,0
330.13855,200.0,64.18086,0.010226146,53.73932,26.365837,203.1043,5.0147653,9.0,2.0,0
139.52222,200.0,46.39127,0.02854213,8.333575,53.102448,85.611015,99.967316,6.0,5.0,0
213.31953,200.0,65.64933,0.0056098723,43.33459,55.469112,168.90886,244.37035,8.0,1.0,0
100.80624,200.0,47.69934,0.00826155,7.2349057,56.167534,86.09214,112.25363,1.0,1.0,0
204.4961,200.0,109.06028,0.0063428096,11.688284,90.66916,149.86945,245.77937,15.0,5.0,0
179.06163,200.0,126.24973,0.03909207,18.001635,38.55447,181.74857,60.333134,13.0,2.0,0
347.17136,200.0,104.18613,0.028986216,24.417355,32.6053,443.30066,225.55801,11.0,0.0,0
138.33534,201.0,144.3008,0.0096909,63.452778,47.060947,180.40411,233.41531,18.0,5.0,0
323.5804,200.0,121.20707,0.0026973702,39.207153,80.04799,172.62718,34.94103,11.0,2.0,0
204.03574,200.0,79.64083,0.0011967082,37.159714,46.73726,268.32422,148.5427,22.0,1.0,0
172.82352,200.0,74.80112,0.005283874,27.433739,7.3346076,304.69296,132.15962,19.0,2.0,0
242.0365,302.0,42.114708,0.03264676,62.897133,65.130005,221.94727,92.30158,22.0,4.0,0
165.32416,200.0,108.38618,0.008623024,21.458212,49.569183,113.936356,148.99231,0.0,6.0,0
146.49052,200.0,90.90397,0.013031459,29.486954,27.640114,329.31268,136.37852,19.0,5.0,0
193.47797,200.0,106.908035,0.00525526,41.925903,86.26919,537.64954,165.52303,18.0,5.0,0
176.11758,200.0,95.78408,0.010075446,32.144405,70.443665,347.94366,129.57938,8.0,4.0,0
552.525,200.0,77.86697,0.033988263,46.060043,47.186863,240.376,65.58451,2.0,0.0,0
190.90373,200.0,133.22066,0.021871466,38.0193,32.995655,305.80246,199.93086,7.0,5.0,0
157.37819,500.0,60.516403,0.024284778,64.66953,42.569588,392.13773,65.21857,2.0,0.0,0
315.41327,200.0,104.88885,0.022014074,32.54635,53.91283,273.70523,208.13234,18.0,4.0,0
112.233185,201.0,113.00707,0.00102373,67.67238,65.40459,185.49571,162.18628,9.0,5.0,0
96.709595,200.0,96.73732,0.0045828703,46.74476,49.875397,358.12384,122.77891,13.0,0.0,0
163.69652,200.0,76.12465,0.007909185,15.948476,51.513897,372.43246,277.50497,19.0,0.0,0
268.5512,500.0,105.20397,0.008255458,68.46904,43.68886,185.37201,248.46487,12.0,2.0,0
201.69073,200.0,168.75877,0.00057671266,42.832855,71.263336,149.59193,173.72203,1.0,4.0,0
332.56113,200.0,90.11344,0.037442867,61.98631,52.596615,352.62198,121.97649,22.0,0.0,0
88.53645,200.0,71.55684,0.01786118,51.06661,50.083374,290.47147,106.53627,5.0,0.0,0
278.2281,200.0,64.653435,0.011253167,39.989674,51.04332,225.7308,30.079332,7.0,4.0,0
138.52394,200.0,159.26373,0.0071081906,33.44129,83.661125,292.47644,132.68884,19.0,4.0,0
135.93869,200.0,39.12443,0.0021471828,45.1549,56.274513,116.47002,73.04254,10.0,6.0,0
124.8873,200.0,81.60109,0.0040810844,50.619255,39.118378,246.41502,165.16895,11.0,6.0,0
173.17644,200.0,120.25645,0.0036239347,46.044064,57.14115,213.8146,165.12428,6.0,0.0,0
187.79242,200.0,107.30322,0.0031266701,44.13115,63.127842,188.53004,44.538128,18.0,3.0,0
199.80995,200.0,120.14433,0.0040542367,43.080635,38.08775,0.0,39.14985,12.0,4.0,0
413.3376,200.0,100.23408,0.015867664,82.64528,96.505,289.2819,348.12903,1.0,3.0,1
153.61014,200.0,134.95906,0.00031967898,29.67429,74.69929,181.75153,5.1157136,0.0,2.0,0
259.40085,200.0,83.942116,0.0036225412,47.155113,47.285072,225.23325,182.37718,6.0,0.0,0
307.88123,200.0,85.93584,0.00413207,35.510513,51.529453,106.59039,82.48645,6.0,1.0,0
239.66092,200.0,86.487434,0.045301855,33.452072,48.10479,308.70288,133.47108,5.0,4.0,0
103.477135,200.0,64.90994,0.025787644,45.00174,58.922077,61.51517,155.74648,3.0,6.0,0
135.9891,200.0,107.49025,0.0115759615,45.976,51.363594,384.14633,244.30641,22.0,6.0,0
325.22922,200.0,100.41006,0.007738475,47.685177,45.131706,245.78285,9.987887,5.0,0.0,0
183.21408,200.0,62.53935,0.001337681,52.502594,59.062855,228.56477,150.60251,9.0,5.0,0
271.7853,200.0,75.619156,0.006282697,38.986042,38.34934,366.37115,168.15828,21.0,2.0,0
135.84608,200.0,87.489334,0.004572326,41.135494,24.263573,168.52077,65.18281,6.0,1.0,0
226.63371,200.0,144.08032,0.010968994,51.747334,43.2932,194.06656,74.68455,6.0,0.0,0
213.77711,200.0,102.58283,0.0016905223,54.16874,46.12446,212.45496,132.23055,2.0,2.0,0
1426.6809,200.0,146.87935,0.05668252,58.71391,65.22449,9199.63,8871.097,14.0,6.0,1
185.8798,200.0,81.77114,0.030367594,35.920963,77.06325,335.25092,221.5529,20.0,5.0,0
188.33582,200.0,84.50159,0.001461317,34.56853,48.050617,402.74493,110.52415,7.0,6.0,0
178.44128,200.0,101.51342,0.0016752363,36.26339,66.89916,229.04272,197.05066,11.0,3.0,0
363.24936,200.0,119.67152,0.005199679,53.550648,28.455008,229.31612,12.703704,6.0,5.0,0
5885.742,504.0,60.161816,0.23611417,55.255077,53.47832,318.99402,209.30817,11.0,0.0,1
121.96415,200.0,94.30495,0.0053516426,54.492783,38.050465,272.82413,172.10268,9.0,6.0,0
66.151596,200.0,91.35009,0.0035062956,63.280716,42.503754,245.03896,197.30862,3.0,1.0,0
310.3509,201.0,111.57973,0.0027628993,46.39717,69.06648,35.95308,191.04236,11.0,1.0,0
160.63899,200.0,61.10685,0.008547102,40.665943,53.830135,170.42897,233.6835,6.0,5.0,0
225.10007,201.0,166.23787,0.014996829,68.83583,65.21515,361.16983,203.72726,14.0,3.0,0
232.86638,200.0,105.089935,0.005281396,43.95774,52.959953,379.18295,206.79124,20.0,1.0,0
293.33478,200.0,70.37487,0.00191548,48.762238,72.60059,93.220474,69.25076,17.0,5.0,0
223.05415,200.0,112.830925,0.04746672,29.849262,26.804817,403.07324,87.41213,15.0,3.0,0
151.721,201.0,88.62451,0.004352678,45.72961,55.568512,106.010284,19.85971,14.0,5.0,0
84.03926,200.0,196.46123,0.025757108,8.077988,61.582306,361.0456,10.505992,8.0,2.0,0
114.47626,200.0,52.091316,0.0024937398,32.73961,43.14938,267.38043,163.12872,5.0,5.0,0
238.25073,200.0,102.941666,0.005588379,27.38538,38.625305,61.16518,126.34861,15.0,0.0,0
167.40422,200.0,89.96059,0.0030117203,46.766083,77.21594,384.2671,131.65562,4.0,1.0,0
122.86811,200.0,125.6322,0.0050865286,60.378307,45.635105,228.60902,127.101204,12.0,6.0,0
370.97125,200.0,86.56626,0.016824361,52.83755,57.31469,271.4727,194.13861,0.0,3.0,0
89.548546,200.0,91.05868,0.0070981937,34.191105,26.2268,296.6666,89.5829,8.0,0.0,0
180.86311,200.0,111.82767,0.0044622845,48.18679,79.42836,264.4412,116.48903,16.0,2.0,0
198.0748,200.0,74.17769,0.00425102,33.224403,37.571434,342.7003,178.03806,1.0,5.0,0
9138.321,500.0,133.55563,0.20884512,54.742813,64.157394,300.5648,288.4461,1.0,2.0,1
117.15969,200.0,51.451984,0.0012252129,42.638283,52.235672,290.83182,114.10351,22.0,2.0,0
241.86786,200.0,61.433346,0.010606926,50.36865,21.910852,184.7164,190.64235,22.0,1.0,0
137.23268,200.0,116.470665,0.0004074782,11.009255,31.741966,356.13748,151.92078,22.0,3.0,0
169.86618,200.0,39.219296,0.00012231559,29.597095,66.163124,262.5753,122.19871,16.0,0.0,0
162.07043,200.0,82.681366,0.0041068164,46.854694,29.292952,402.64078,28.55087,23.0,1.0,0
344.26135,200.0,115.513145,0.004872743,26.325535,0.0,32.23815,57.20822,0.0,1.0,0
296.76422,200.0,82.441795,0.007500764,27.225445,35.308292,264.32336,204.57976,8.0,2.0,0
394.01508,200.0,111.25605,0.010412189,53.767567,97.25527,424.0253,71.23805,14.0,2.0,0
258.63913,201.0,91.3048,0.0039708177,54.498646,63.147667,257.1445,225.53671,0.0,2.0,0
122.03396,200.0,123.52207,0.014088943,39.89798,50.596672,381.85724,95.214,10.0,1.0,0
72.9325,200.0,116.13661,0.0043276967,34.650394,39.02996,110.463806,48.09202,14.0,0.0,0
299.6016,200.0,132.10475,0.0072210035,40.99161,79.73302,146.65613,242.02257,14.0,0.0,0
705.61194,200.0,113.82036,0.035190515,66.824265,63.963924,9653.896,9352.5,8.0,2.0,1
158.03777,200.0,117.98463,0.0004810989,55.91053,51.91087,428.0687,109.702354,6.0,3.0,0
212.94975,400.0,137.061,0.004221889,28.282091,66.992256,278.2912,193.0936,17.0,5.0,0
291.92642,200.0,75.47518,0.0025263405,50.68085,51.421494,257.87076,134.23576,13.0,3.0,0
468.0567,200.0,109.76575,0.024263464,80.98499,87.93769,300.70087,322.5723,2.0,1.0,1
273.25778,200.0,112.04226,0.021722686,39.474022,87.07206,372.79758,184.08339,19.0,2.0,0
444.24667,204.0,109.99366,0.01601667,35.331295,54.06243,328.68616,175.8704,6.0,4.0,0
602.4571,200.0,85.155815,0.0011222597,27.088013,45.190765,192.6893,238.72385,2.0,2.0,0
287.95358,200.0,84.17008,0.009783912,32.470306,45.27753,114.08243,45.72966,15.0,2.0,0
301.65228,200.0,78.72426,0.03125381,31.712507,46.14276,278.36072,139.72443,11.0,2.0,0
236.7512,200.0,92.130615,0.0072136316,30.473667,56.11766,323.83145,170.70355,16.0,0.0,0
124.49834,200.0,118.227325,0.013754056,49.57378,51.205063,283.73352,138.80429,7.0,2.0,0
250.19601,200.0,102.51678,0.026644954,59.48123,60.907272,282.02292,106.33416,13.0,0.0,0
168.73676,200.0,77.00642,0.009022901,60.007336,41.573643,204.6969,41.528065,16.0,1.0,0
290.67026,200.0,66.122246,0.011581673,46.219963,57.06995,288.2928,159.48212,20.0,1.0,0
97.42583,201.0,120.32239,0.003937879,40.383587,19.900572,113.56121,30.21537,19.0,6.0,0
1177.9282,504.0,131.79994,0.19976765,33.17878,61.144764,222.61055,247.27956,7.0,3.0,1
232.21295,200.0,79.08716,0.015375201,36.765385,54.68287,344.96463,141.34073,17.0,1.0,0
970.616,200.0,194.07397,0.04208726,56.58973,66.79958,9846.466,8723.624,16.0,0.0,1
83.45835,200.0,80.6765,0.004505343,46.13958,45.176758,204.834,268.22882,21.0,4.0,0
128.07466,200.0,94.12492,0.0010281728,27.806637,54.746216,205.51851,168.66302,9.0,4.0,0
154.86423,200.0,134.7196,0.024842184,17.774847,25.189598,411.27286,131.57744,11.0,5.0,0
215.98878,200.0,132.24223,0.003395598,39.94836,59.33291,38.97531,280.32175,14.0,5.0,0
253.62926,200.0,113.96853,0.008644362,61.347004,38.10597,233.51744,39.005726,18.0,0.0,0
3063.5786,504.0,111.32211,0.20937507,87.48206,77.56914,5804.24,5484.8145,13.0,2.0,1
273.0596,200.0,127.20037,0.007828263,38.991848,51.127274,397.2577,193.55507,23.0,3.0,0
114.18124,204.0,84.01464,0.0030678473,28.964035,32.63831,68.3011,296.38156,14.0,5.0,0
248.79402,201.0,72.287636,0.0024012702,48.972897,72.81732,224.37077,86.40427,10.0,3.0,0
5778.271,502.0,81.95621,0.11750527,57.124847,49.280056,288.34448,233.90645,1.0,6.0,1
286.60016,200.0,110.09553,0.016822217,33.118183,59.815937,62.779854,15.01144,0.0,6.0,0
249.01888,200.0,125.81089,0.008101164,35.905468,64.35907,359.58035,70.36032,23.0,2.0,0
171.71101,200.0,77.77998,0.017486589,17.415533,52.76298,151.26376,168.1497,4.0,0.0,0
172.49132,201.0,116.02537,0.0016770287,15.356195,49.544613,238.81856,123.587296,20.0,2.0,0
86.21513,200.0,52.05243,0.0014744323,28.668768,54.622208,218.81165,228.31424,5.0,5.0,0
113.65588,201.0,82.49228,0.0013169756,41.10585,59.64264,194.90903,61.131584,14.0,2.0,0
196.08119,200.0,119.64745,0.05635977,29.169613,32.945282,91.95601,133.68951,17.0,5.0,0
4238.048,503.0,122.34513,0.27767867,76.399574,82.63126,7666.892,7246.19,5.0,1.0,1
105.93248,200.0,95.01001,0.0021708603,52.339436,66.891785,475.9514,85.0884,10.0,3.0,0
133.00446,200.0,98.78224,0.010054507,56.522736,66.60943,292.13617,161.51076,10.0,3.0,0
229.67249,400.0,125.292076,0.00878012,67.10372,50.239536,232.14124,33.32388,11.0,3.0,0
293.25894,200.0,130.6409,0.0085558295,32.694447,56.505985,187.43092,114.78498,9.0,1.0,0
250.80344,200.0,116.355286,0.0061299736,61.262947,41.32421,137.75273,157.00629,12.0,0.0,0
162.82478,200.0,154.47873,0.0081990585,37.176254,66.106766,176.28992,79.772064,3.0,4.0,0
250.99422,200.0,85.23841,0.007901987,56.512115,56.280254,391.29636,161.34634,3.0,6.0,0
308.94626,200.0,96.61504,0.0067196954,19.129253,79.804634,235.45477,147.07455,9.0,0.0,0
146.38411,200.0,74.98304,0.005844308,42.41556,69.8802,251.61641,16.303553,16.0,0.0,0
98.07911,200.0,123.84556,0.013539902,35.97762,39.833626,94.69265,154.44218,16.0,2.0,0
171.25288,200.0,67.74012,0.0016445158,26.240381,38.57982,204.20035,151.95824,23.0,2.0,0
371.75934,200.0,66.703926,0.0017885619,35.792023,53.60932,73.41946,146.8929,9.0,0.0,0
224.75465,200.0,125.951035,0.004648557,22.573664,48.940678,235.71136,79.039154,3.0,6.0,0
165.18526,200.0,82.945915,0.0031634502,19.696281,59.109043,339.66663,90.24104,9.0,4.0,0
308.5507,200.0,122.9571,0.0051571475,31.660004,62.957253,443.85858,77.659,1.0,2.0,0
111.92935,200.0,127.83441,0.0015047205,37.358265,26.798697,147.3992,197.4807,17.0,4.0,0
69.731834,200.0,150.42357,0.023651863,26.304943,32.85278,303.58673,396.04608,14.0,4.0,0
130.13818,200.0,88.57445,0.0041840156,34.542606,38.64951,111.59507,226.87157,20.0,5.0,0
248.22508,400.0,98.05701,0.0058439197,26.41661,37.81207,252.22163,117.31465,5.0,0.0,0
191.83063,200.0,87.065346,0.0056033228,36.785664,58.751614,294.56583,78.031044,12.0,0.0,0
237.41614,200.0,120.77954,0.009680368,58.17883,36.844124,301.51895,210.99657,2.0,6.0,0
184.63892,200.0,90.64887,0.016024614,29.397184,67.13019,285.42038,202.81767,23.0,4.0,0
127.988846,200.0,133.83656,0.0029875448,54.717953,48.69413,423.08685,187.37952,8.0,0.0,0
544.65924,200.0,50.894768,0.024970539,42.36629,58.6413,193.58174,98.101746,23.0,1.0,0
162.12315,200.0,134.17871,0.0015001565,35.33805,42.550144,190.13054,142.38745,23.0,3.0,0
144.56133,200.0,106.1856,0.029468566,22.744684,53.37083,304.91223,113.900215,2.0,5.0,0
212.21637,200.0,80.33792,0.0009401277,50.591312,41.04338,308.58875,75.198425,8.0,0.0,0
214.95119,200.0,80.551575,0.009770706,56.17381,47.89744,410.7816,218.60771,3.0,0.0,0
339.72882,200.0,108.7792,0.018831158,49.27504,46.198925,378.4305,324.85132,21.0,3.0,0
122.58485,200.0,76.28714,0.009129882,47.323742,63.70105,171.03593,208.9679,4.0,0.0,0
212.5123,200.0,91.70963,0.0006614395,39.136246,80.20171,315.39658,172.09184,23.0,0.0,0
54.126366,200.0,103.45464,0.0130112525,18.454214,32.77214,202.91304,236.71773,15.0,1.0,0
111.41616,200.0,173.15198,0.00053972,45.374622,40.59366,293.38464,234.9087,16.0,0.0,0
191.96854,200.0,82.84285,0.017370444,61.28177,74.06406,278.51578,272.1666,10.0,6.0,0
250.01654,200.0,63.54366,0.0039533186,42.36859,78.72363,148.57237,120.8313,17.0,6.0,0
120.637794,302.0,106.63637,0.017270364,54.57548,34.0898,374.49963,152.2393,13.0,4.0,0
144.31596,200.0,121.32908,0.010724126,28.289022,39.278473,292.0832,183.01427,20.0,2.0,0
9246.046,504.0,142.96794,0.17351633,90.504105,94.11365,8600.437,5740.522,15.0,0.0,1
186.71327,200.0,99.01907,0.0009862054,48.331482,43.253017,392.2609,148.91101,20.0,5.0,0
197.54556,200.0,121.81508,0.0020830475,45.867786,56.223686,93.23355,333.2876,14.0,2.0,0
78.56871,200.0,116.20409,0.011401058,41.160618,30.033533,244.7485,154.42834,10.0,6.0,0
42.968437,200.0,66.50681,0.011528351,27.999205,54.26413,175.68607,151.18697,16.0,2.0,0
104.95779,200.0,109.58387,0.010246583,51.291653,36.215275,263.69852,110.05349,9.0,5.0,0
232.48888,200.0,50.130203,0.006207158,39.000984,52.10696,257.6543,205.89053,20.0,6.0,0
213.34883,200.0,108.37355,0.002967364,33.367588,24.121183,229.06596,99.17016,9.0,1.0,0
768.6009,200.0,175.8306,0.011117843,80.879135,97.35949,369.25314,290.53403,2.0,4.0,1
203.85,200.0,76.8144,0.0034893763,37.310658,68.62818,237.23668,158.30223,16.0,6.0,0
89.979256,200.0,105.038765,0.002347343,32.375988,38.68232,274.79016,191.72925,14.0,4.0,0
312.33597,200.0,70.92642,0.00056553894,12.574569,65.757996,253.54584,130.83867,13.0,0.0,0
106.646774,200.0,112.3866,0.0012903884,26.168957,21.838552,92.802826,80.65588,3.0,1.0,0
205.75809,200.0,111.928505,0.0068344804,47.3005,41.195896,240.35217,138.61957,7.0,6.0,0
178.05107,400.0,79.03321,0.005309146,40.89631,39.912163,380.86456,175.55022,15.0,3.0,0
200.57593,200.0,82.38829,0.011310878,66.50727,27.313862,311.29285,293.7345,6.0,1.0,0
147.81926,200.0,108.9243,0.0043283724,43.042263,35.188324,171.63504,82.81839,10.0,0.0,0
155.06343,200.0,130.29628,0.0047682878,44.431465,41.685375,178.45949,28.787281,4.0,1.0,0
199.26376,200.0,103.38096,0.004727093,42.988796,60.11503,463.34705,133.97159,22.0,4.0,0
317.93152,200.0,93.689644,0.046264984,94.81678,96.22391,374.1149,220.49568,13.0,6.0,1
257.34818,200.0,128.17859,0.0013823481,35.76908,73.30534,153.32626,40.545048,18.0,4.0,0
191.11504,200.0,58.39101,0.003830741,41.205544,64.68063,348.79553,115.181404,5.0,4.0,0
192.40901,200.0,107.246704,0.0010001612,27.47764,53.07032,220.1169,127.04177,12.0,6.0,0
206.66216,204.0,208.07245,0.007867205,27.193607,31.391596,288.9944,240.06563,17.0,0.0,0
180.67915,200.0,97.43333,0.0051255226,25.621725,38.3317,190.18768,351.80417,23.0,3.0,0
157.52681,200.0,97.11171,0.020924818,67.617744,38.69547,238.61273,133.32335,8.0,2.0,0
167.6122,200.0,90.53817,0.0022106592,22.931187,31.191826,269.98804,182.23824,5.0,0.0,0
159.14983,200.0,107.4536,0.0029742422,39.381367,37.853134,410.10553,32.417587,4.0,2.0,0
390.02658,200.0,104.40711,0.0059124054,50.65424,48.265545,172.58664,40.79962,6.0,3.0,0
110.67401,200.0,103.496155,0.0016597877,12.052438,73.35151,0.0,175.16682,4.0,6.0,0
6810.3994,503.0,56.323242,0.25036025,71.52943,93.033195,5060.5317,7491.5405,8.0,5.0,1
123.67727,200.0,122.74082,0.0027394784,56.093742,48.417034,142.54881,179.22287,17.0,2.0,0
204.24107,200.0,103.34833,0.0052707028,21.06665,34.95879,354.35107,227.60211,21.0,6.0,0
206.69244,200.0,151.21663,0.0004665688,28.374807,42.076286,388.8547,65.46671,19.0,5.0,0
238.4897,200.0,137.05167,0.010575284,52.346554,41.3858,313.04855,35.298424,9.0,1.0,0
52.66799,400.0,77.44547,0.016507568,46.262154,59.677135,265.92245,160.5492,16.0,2.0,0
204.49057,200.0,122.47597,0.0068974085,66.20739,33.775116,239.17075,323.76996,9.0,6.0,0
183.63155,200.0,105.56378,0.012944848,54.35678,58.25928,174.51833,177.37164,23.0,4.0,0
302.67712,200.0,167.01166,0.0108355135,61.258877,64.12441,316.71143,251.77228,13.0,0.0,0
137.71472,200.0,126.5675,0.020750763,29.350481,66.122604,268.589,155.26004,5.0,4.0,0
197.75717,302.0,96.59285,0.01744004,31.931341,19.3897,271.23114,221.01614,16.0,0.0,0
184.53743,200.0,137.30211,0.013221171,30.602243,53.99885,287.67383,132.8053,12.0,4.0,0
177.99129,200.0,117.4501,0.000639479,42.87356,67.44324,318.5018,83.11875,17.0,5.0,0
273.39017,200.0,97.12238,0.000102716716,29.519989,41.946827,181.61995,166.21956,15.0,3.0,0
229.5187,200.0,120.24014,0.005138479,27.253435,54.354115,77.084724,153.22722,2.0,4.0,0
92.20297,200.0,130.24333,0.0046726363,20.204704,27.481813,300.07764,191.56152,8.0,0.0,0
163.82706,200.0,133.48611,0.038177732,29.42605,52.937202,110.43369,95.11138,13.0,5.0,0
4352.4175,503.0,98.45722,0.21660706,67.046844,65.153915,209.99992,251.31422,11.0,5.0,1
366.5882,200.0,119.66456,0.016929371,24.964512,41.799564,205.10028,119.27399,12.0,2.0,0
168.2194,200.0,70.91384,0.005199806,58.692688,43.313133,375.29987,22.738003,12.0,5.0,0
109.039856,200.0,119.76954,0.0044676224,43.711437,44.8158,280.11383,219.71788,17.0,0.0,0
105.0789,200.0,94.169266,0.012883185,38.671745,37.796143,142.00128,202.79616,14.0,0.0,0
236.76349,200.0,41.62565,0.0066507957,56.563503,39.829422,175.15652,220.88014,21.0,2.0,0
175.35635,200.0,67.84041,0.01632768,48.40242,26.338118,219.58215,178.18692,13.0,5.0,0
244.55428,200.0,112.82909,0.03807848,28.311636,50.047344,322.1065,295.6293,12.0,6.0,0
406.63297,200.0,82.66354,0.005773128,30.20043,46.422115,370.04874,26.641418,13.0,6.0,0
247.28769,200.0,47.7932,0.006577235,9.994261,26.961985,193.08807,218.5473,10.0,4.0,0
202.92989,200.0,94.166855,0.012354407,35.570168,61.473904,399.87872,169.37697,3.0,5.0,0
73.17027,200.0,128.8178,0.028324964,17.463247,15.331902,183.10591,134.1157,22.0,4.0,0
348.45956,200.0,71.65528,0.039076515,45.637066,74.24831,314.8177,107.31195,16.0,0.0,0
281.73834,200.0,118.35846,0.006984003,40.32705,58.911034,313.96414,152.06021,15.0,3.0,0
338.14774,200.0,89.50963,0.010912865,59.42964,54.344948,285.27365,179.14352,7.0,5.0,0
73.14283,200.0,79.1452,0.0010513056,24.13344,31.190144,424.12363,104.78568,8.0,2.0,0
230.43416,302.0,69.9272,0.0069912076,44.532383,66.93793,201.18031,196.21568,0.0,0.0,0
123.27448,302.0,98.968544,0.015364634,15.661108,36.482193,257.54526,45.305714,11.0,3.0,0
197.24684,302.0,72.065216,0.0057155075,59.36948,42.34462,162.76454,104.89801,6.0,5.0,0
237.08372,404.0,26.393333,0.013953023,64.301605,60.015846,97.80147,175.78986,8.0,4.0,0
185.30664,200.0,92.53634,0.0052711335,53.805206,42.105762,238.33434,106.21358,10.0,0.0,0
244.85179,200.0,55.212326,0.0137072755,28.345747,52.72838,179.42142,166.93842,0.0,0.0,0
170.28024,200.0,172.81203,0.015769213,65.0157,62.945538,308.20914,72.804924,0.0,0.0,0
181.90782,201.0,173.18002,0.036214232,44.541428,36.0045,414.61383,180.04396,16.0,2.0,0
189.345,200.0,50.722355,0.013279873,56.301826,52.4487,481.75476,167.60556,9.0,1.0,0
182.38962,200.0,72.156044,0.02227658,42.537037,13.455354,459.76627,155.55753,3.0,5.0,0
203.75824,301.0,85.16636,0.0055893147,15.351671,67.512726,458.1684,166.55104,22.0,5.0,0
203.89941,200.0,82.376724,0.014094096,52.360542,61.66295,283.92758,217.73703,2.0,0.0,0
410.56046,200.0,139.34714,0.013169458,11.695812,67.47617,289.72165,183.1973,12.0,2.0,0
188.53983,200.0,111.31224,0.022227043,11.922251,28.356842,273.45825,193.21266,16.0,4.0,0
121.360695,200.0,136.58504,0.00023299179,27.167683,39.356205,150.24681,118.99784,0.0,4.0,0
186.23143,200.0,126.28738,0.007662883,32.17126,80.714836,270.97595,149.0384,6.0,0.0,0
159.78702,200.0,110.10624,0.0012483059,38.49862,52.919247,412.74692,96.88701,7.0,2.0,0
192.21132,301.0,107.63368,0.0057609854,44.814373,40.186623,452.26993,130.23804,19.0,0.0,0
198.81648,200.0,72.98408,0.005568624,50.460445,42.081387,171.83853,163.18503,23.0,5.0,0
250.65665,200.0,61.264584,0.0030110262,38.182827,56.765133,343.67667,195.58638,15.0,2.0,0
216.66943,200.0,131.5245,0.0023879986,41.96297,49.054253,164.53976,255.29092,16.0,5.0,0
170.53326,200.0,43.078682,0.012588941,38.634117,64.9593,188.91788,128.2263,17.0,0.0,0
164.04607,200.0,76.54032,0.004223467,63.86547,51.91352,175.88538,85.602615,14.0,5.0,0
216.0919,200.0,133.08733,0.023347544,39.75725,65.75654,257.8115,136.30908,7.0,5.0,0
133.31949,200.0,143.81245,0.00136203,43.200474,52.17247,178.80309,184.09541,23.0,5.0,0
145.49008,200.0,24.765219,0.007754346,55.681778,60.8264,343.73337,145.6522,17.0,2.0,0
203.58989,200.0,94.63426,0.003787253,34.84158,41.52177,249.21808,159.2666,16.0,4.0,0
370.55728,200.0,48.100067,0.015565418,19.175028,47.47938,149.81767,150.53351,3.0,0.0,0
245.09116,200.0,72.13711,0.0009522609,37.996742,64.891335,376.38553,116.48488,19.0,1.0,0
111.30297,200.0,89.46159,0.00040338692,47.317314,40.322445,131.50755,90.67919,7.0,5.0,0
183.82747,200.0,80.90022,0.0007496736,43.152042,27.674068,336.65097,165.07893,14.0,5.0,0
102.60856,200.0,110.95808,0.0049929405,6.5635834,37.074493,304.79166,156.58292,12.0,3.0,0
54.621593,302.0,79.47827,0.0016471929,5.3443403,33.751858,248.33163,62.632523,19.0,5.0,0
122.39357,200.0,78.978264,0.008782986,39.297485,43.01903,361.63092,253.14015,7.0,0.0,0
136.57002,200.0,82.6491,0.008234579,28.822573,46.82268,248.9806,113.62353,15.0,1.0,0
105.488594,200.0,82.06152,0.0005282715,34.12567,53.119762,292.82205,221.21677,8.0,4.0,0
158.24673,200.0,68.36773,0.0083500715,25.392921,43.977745,214.36894,101.822685,15.0,2.0,0
158.64523,200.0,38.185184,0.011490024,21.26529,54.68549,211.42026,190.16039,13.0,2.0,0
262.8156,200.0,63.020123,0.0048605795,46.824432,42.366253,244.00029,138.08522,9.0,2.0,0
143.72992,200.0,95.9558,0.002717971,29.13176,81.38061,246.79207,219.1598,23.0,1.0,0
100.46293,200.0,75.58207,0.0042203525,43.888573,41.823677,236.92389,210.60918,22.0,0.0,0
176.7238,200.0,108.382225,0.02900497,19.695814,38.802113,326.4314,46.53987,3.0,5.0,0
138.92928,200.0,100.06377,0.00784742,49.45256,42.196793,301.40536,164.90733,3.0,6.0,0
197.9564,200.0,121.00987,0.025142092,30.445587,53.684464,142.87975,82.56152,16.0,6.0,0
6942.2227,500.0,138.56053,0.13134125,51.93811,63.31984,359.0672,233.25984,17.0,3.0,1
62.25209,204.0,139.42143,0.00027581782,45.741825,42.53222,121.45465,245.21126,3.0,0.0,0
191.09848,200.0,85.803665,0.03168119,35.528645,36.70233,478.79712,37.410233,16.0,3.0,0
290.75552,200.0,89.73918,0.011371539,39.127834,44.156948,290.0192,276.37363,20.0,3.0,0
205.20944,404.0,112.83555,0.039689027,44.810295,44.30276,276.6085,163.23595,16.0,2.0,0
135.06418,200.0,112.82366,0.001945089,15.100702,44.151,154.11885,87.077385,23.0,4.0,0
195.95477,400.0,118.34241,0.0072588096,45.862324,48.247948,339.2117,77.52941,9.0,4.0,0
232.43079,200.0,129.68814,0.016485611,75.89271,42.379593,262.4287,202.1912,16.0,0.0,0
122.668884,200.0,138.5512,0.024809338,49.878593,75.425606,167.97935,182.14694,1.0,6.0,0
100.041466,200.0,130.78427,0.0026028329,36.383118,33.78627,322.7197,284.21964,9.0,6.0,0
159.17879,200.0,63.56419,0.00832709,49.35538,59.104702,471.55402,237.22418,0.0,6.0,0
102.98547,200.0,84.69278,0.007557593,49.158405,72.609024,325.28983,195.70403,3.0,1.0,0
368.70157,200.0,97.2456,0.0038755967,27.515602,23.04278,418.4178,189.31894,0.0,6.0,0
111.742165,200.0,83.56576,0.006609325,37.14041,67.37227,329.58206,217.92685,23.0,1.0,0
91.55764,201.0,72.825134,0.00049957854,39.802452,59.553177,246.55669,168.1475,14.0,3.0,0
156.8583,200.0,103.03395,0.020285927,44.758488,52.146973,263.47244,304.14615,5.0,6.0,0
96.790474,200.0,126.29114,0.011296044,45.377556,78.89753,277.78568,134.28624,14.0,3.0,0
118.4671,200.0,91.97465,0.00882112,52.64631,24.347498,186.64998,198.42389,2.0,3.0,0
291.5777,200.0,112.16717,0.0034358262,48.543045,53.08507,303.55832,249.24118,1.0,4.0,0
167.77258,200.0,162.4843,0.00082606165,19.967957,46.97436,390.87674,33.3786,9.0,1.0,0
142.89966,200.0,75.40468,0.009399535,34.41122,30.831234,134.11475,129.06078,20.0,3.0,0
247.10677,200.0,102.69502,0.004140784,40.971565,38.664597,354.0993,147.90674,1.0,6.0,0
177.83917,200.0,121.18343,0.011723209,35.72978,77.49474,163.44234,196.7117,3.0,2.0,0
127.66838,200.0,82.90624,0.019878926,51.978672,43.38812,344.73834,269.9119,3.0,6.0,0
131.49362,200.0,44.45924,0.011314749,42.973324,42.888897,233.78589,320.14987,5.0,6.0,0
267.98206,200.0,92.65139,0.0049541607,28.68353,70.30623,261.5602,231.6718,1.0,3.0,0
388.82272,301.0,109.4934,0.018496025,48.519657,44.19151,290.97183,104.89993,9.0,3.0,0
127.0439,200.0,89.29125,0.004912565,38.71541,27.914528,229.97739,167.23268,21.0,1.0,0
137.50713,200.0,149.37996,0.0053854035,42.169777,43.67093,284.09192,261.50488,19.0,1.0,0
285.54578,200.0,147.08545,0.008291301,33.80647,57.103497,191.33644,0.0,2.0,1.0,0
125.69501,200.0,74.63767,0.00052986306,37.466797,81.73367,189.0151,98.275475,8.0,0.0,0
103.69093,200.0,102.9653,0.002470982,32.7983,51.363796,232.2684,97.81927,3.0,6.0,0
203.36926,200.0,93.40363,0.005402725,26.295134,48.784946,67.51615,158.63437,17.0,2.0,0
233.37534,204.0,63.36139,0.0031663186,27.934319,60.50028,242.85683,244.90778,22.0,5.0,0
72.372635,200.0,68.56603,0.017683752,19.231346,50.055298,393.93652,127.10662,5.0,1.0,0
195.24814,400.0,33.51638,0.013730225,24.16442,46.93867,319.6096,152.31282,2.0,0.0,0
230.06662,302.0,65.795166,0.0116045745,31.72127,57.23571,140.20538,83.26707,22.0,5.0,0
168.38597,200.0,80.05438,0.022231309,51.360123,50.779934,251.1519,368.158,18.0,2.0,0
188.32611,201.0,132.76718,0.007860951,46.633034,57.584755,114.31063,197.49368,20.0,2.0,0
286.50528,200.0,95.7928,0.007217084,56.28996,61.418144,226.6019,233.27669,6.0,2.0,0
176.00656,200.0,79.08296,0.0043491824,35.715973,48.92435,223.69003,164.7964,16.0,0.0,0
231.31721,200.0,69.55625,0.0016431805,38.0905,56.37012,206.30199,31.33931,7.0,6.0,0
222.80421,200.0,136.67633,0.014532713,51.87839,21.811594,188.21051,218.35304,18.0,4.0,0
223.67271,200.0,96.07885,0.014683378,50.207153,55.38808,348.21295,124.417336,19.0,1.0,0
125.5702,200.0,104.72138,0.012157824,52.740192,52.03951,211.96944,211.57918,13.0,1.0,0
172.14362,500.0,123.78295,0.00090354483,19.339167,56.797836,221.55707,144.36778,1.0,1.0,0
446.39545,200.0,29.503607,0.0015208012,39.344246,55.14615,197.56987,184.221,13.0,4.0,0
93.76762,200.0,152.03198,0.0016325233,31.202692,51.473156,291.70844,118.737335,12.0,1.0,0
98.35437,200.0,78.75171,0.0097852405,49.03956,69.53611,286.357,0.0,19.0,4.0,0
128.99109,200.0,101.68731,0.006561089,30.04474,43.19938,114.77555,99.04079,19.0,4.0,0
213.11981,200.0,160.55698,0.0044882307,57.13824,40.90527,155.80577,148.6494,4.0,6.0,0
302.06116,200.0,129.57698,0.001255117,14.064524,54.402412,130.3573,31.183228,5.0,1.0,0
125.98747,200.0,160.32823,0.0020565123,40.71346,50.96703,197.66832,55.767025,17.0,2.0,0
225.9389,200.0,65.102806,0.0017712318,35.525913,55.237694,177.32095,233.82878,4.0,5.0,0
1080.7349,504.0,92.374,0.10044198,43.070164,61.56831,249.14539,108.4058,9.0,4.0,1
213.9257,201.0,58.5496,0.011316572,19.913523,44.67655,249.60893,177.86586,17.0,4.0,0
68.557724,200.0,23.724428,0.009440431,25.073158,53.298504,200.61063,119.2194,12.0,2.0,0
104.09945,200.0,152.62129,0.017742705,50.93234,61.522575,266.76648,41.42553,11.0,4.0,0
306.6251,200.0,91.38084,0.0010170174,11.10452,70.1328,167.12926,283.82007,16.0,6.0,0
141.4933,200.0,109.09547,0.0009074243,50.934605,49.357914,0.0,46.183792,17.0,3.0,0
304.8959,201.0,92.32769,0.010705669,60.16795,70.95063,268.54517,220.61856,1.0,3.0,0
157.3456,200.0,166.4856,0.003555255,43.177372,61.03615,173.78604,143.86441,20.0,3.0,0
135.38937,200.0,131.88092,0.020548671,61.80396,41.634644,273.8529,181.5064,15.0,5.0,0
242.0724,200.0,112.22958,0.0012360895,39.92202,43.132084,246.46373,49.26395,23.0,1.0,0
372.12146,200.0,86.41906,0.009627543,37.171566,45.266323,268.68442,143.67072,15.0,5.0,0
117.66262,200.0,68.30984,0.0094359955,53.588673,58.58993,231.93509,50.815,9.0,3.0,0
101.03542,200.0,81.09416,0.0029661194,35.433243,34.166042,172.59383,252.10329,17.0,5.0,0
66.70408,200.0,98.17778,0.0063663037,50.029163,68.46494,352.50577,179.80597,0.0,0.0,0
217.16641,200.0,138.43233,0.008281829,35.104782,54.87663,133.18135,178.04434,7.0,3.0,0
242.89476,400.0,124.03456,0.0027506673,39.6547,43.94437,368.80734,223.01605,20.0,1.0,0
5736.3203,504.0,56.54611,0.13175946,89.01755,86.90875,6035.93,8577.3545,18.0,5.0,1
97.2944,200.0,35.876537,0.006958609,16.228262,38.7582,266.48178,29.347015,14.0,6.0,0
212.79802,204.0,85.33176,0.021083983,26.173113,41.268677,340.26645,163.40062,8.0,4.0,0
222.90366,200.0,101.8747,0.0128809875,56.91471,29.04548,191.76146,134.6668,8.0,5.0,0
299.41748,201.0,81.550545,0.008190537,44.494465,41.32505,529.18317,124.7828,18.0,5.0,0
105.66897,400.0,95.99021,0.0007346267,55.468006,48.566277,296.56155,261.12393,5.0,6.0,0
133.12924,200.0,96.40883,0.0024286346,28.672342,49.594692,25.48202,114.05543,19.0,5.0,0
234.17035,200.0,93.084114,0.00944123,30.24014,57.53232,220.52635,213.50629,18.0,2.0,0
71.3402,200.0,87.27961,0.016636584,24.154312,55.18727,372.2117,57.521427,2.0,5.0,0
168.94942,200.0,54.36706,0.00953017,37.646015,46.544655,157.21094,48.658432,20.0,2.0,0
115.008804,200.0,122.631065,0.0025849396,40.243446,53.81236,391.47058,106.08908,10.0,6.0,0
152.88246,200.0,90.54883,0.010905855,20.228823,40.08075,383.91293,251.77034,11.0,4.0,0
250.64395,201.0,102.76523,0.010654795,32.908268,76.442215,375.6022,256.15082,8.0,1.0,0
693.5338,200.0,164.20998,0.031963106,52.699055,66.38084,9682.439,9313.506,6.0,2.0,1
439.7808,200.0,133.05025,0.00045723768,28.272034,30.666557,272.72324,254.92322,13.0,0.0,0
354.9249,200.0,101.13476,0.008204116,52.551846,18.892567,273.8032,292.48517,7.0,1.0,0
333.11823,200.0,133.97867,0.00023421124,54.343407,57.57951,251.14943,266.80753,8.0,0.0,0
54.87487,204.0,46.78075,0.0014455232,34.632427,53.3787,280.84955,235.88162,17.0,6.0,0
353.51947,200.0,106.77694,0.010106067,22.540222,54.43023,166.61928,196.77873,16.0,6.0,0
194.00421,200.0,70.036095,0.004412567,18.773256,61.250595,218.96931,116.80245,1.0,5.0,0
338.5289,200.0,165.20448,0.02351772,34.403637,50.585808,241.75757,146.1353,9.0,4.0,0
298.14908,200.0,98.0877,0.011642937,32.7494,55.531223,121.52308,52.02723,14.0,3.0,0
267.61685,400.0,122.82621,0.0066291625,22.437164,40.735813,322.06165,100.4098,5.0,1.0,0
183.23784,200.0,99.96809,0.00720498,21.310728,41.755096,337.92578,196.60574,14.0,0.0,0
369.46866,204.0,136.7176,0.0003042479,17.33792,61.614292,68.825615,132.71208,14.0,3.0,0
101.805786,404.0,149.75777,0.0030989419,26.689215,43.212875,306.8326,194.00186,23.0,3.0,0
137.3571,200.0,100.77599,0.010871211,30.208048,52.186913,354.86703,155.04193,2.0,5.0,0
112.97008,500.0,68.05241,0.006586576,71.59598,63.810276,300.13214,49.883167,15.0,3.0,0
160.30962,200.0,164.1619,0.02026901,59.80125,47.587288,149.19978,139.95142,22.0,6.0,0
43.99729,200.0,140.15106,0.0122880405,3.3376582,43.82681,185.10762,300.55896,3.0,5.0,0
243.31584,200.0,90.62748,0.014908244,80.06991,36.222607,302.58847,74.338486,16.0,6.0,0
171.64865,200.0,85.93466,0.009376415,57.227352,50.054245,263.204,244.40892,9.0,2.0,0
300.0833,200.0,81.96517,0.0010865664,28.433355,36.666637,280.79865,228.34157,8.0,6.0,0
105.573814,302.0,101.87657,0.010020385,30.15984,76.71542,163.06581,123.035774,3.0,0.0,0
227.88673,200.0,110.71923,0.009598415,66.25413,33.16745,555.0461,57.85335,6.0,1.0,0
289.03784,200.0,93.06761,0.0019764102,52.73907,39.479156,199.83981,205.9025,21.0,4.0,0
211.69174,200.0,102.886185,0.018847713,32.187386,42.802124,37.210617,158.89168,14.0,5.0,0
308.14288,200.0,68.798965,0.0009275624,64.45324,51.978645,212.48193,249.56602,3.0,0.0,0
254.25542,200.0,133.66449,0.030529015,41.229336,56.733086,133.38084,120.292915,1.0,2.0,0
85.534,200.0,78.40281,0.009833456,50.66121,35.763382,239.31454,79.621445,10.0,0.0,0
128.68214,200.0,96.07899,0.008540262,45.21559,61.119095,83.150116,268.65808,21.0,4.0,0
490.11127,200.0,112.176216,0.0014601073,33.77496,44.286285,104.46245,231.95363,4.0,3.0,0
218.68475,200.0,39.421436,0.011438044,26.781672,60.282166,250.5993,168.25275,4.0,1.0,0
129.45929,200.0,107.094864,0.010663644,34.788605,52.503597,154.91103,91.986145,13.0,5.0,0
124.6212,200.0,73.53678,0.0033673064,45.845898,62.41618,170.50726,118.44606,11.0,0.0,0
186.93,301.0,99.21111,0.001604857,46.32204,60.86144,310.2968,251.49239,22.0,0.0,0
125.77463,400.0,109.932274,0.0062537817,18.187399,49.036373,157.48206,102.97835,14.0,2.0,0
226.9304,200.0,70.94174,0.00065276853,55.370625,29.431595,288.0479,134.27257,0.0,1.0,0
153.15947,200.0,126.857056,0.008709042,74.085594,48.519688,308.88467,78.19127,6.0,0.0,0
227.37355,201.0,94.54991,0.007108078,34.45329,40.703785,224.80357,150.66765,4.0,2.0,0
132.46956,200.0,71.88579,0.009478308,42.008682,39.135433,395.59976,285.32428,2.0,2.0,0
196.91618,200.0,90.31186,0.000120493336,19.459867,54.86355,74.081955,157.97063,23.0,5.0,0
271.45813,200.0,49.089405,0.03258756,37.943382,38.927822,220.65329,195.97954,5.0,4.0,0
246.799,200.0,104.017235,0.0043743616,31.442863,53.337257,195.69814,14.479028,11.0,4.0,0
535.6292,204.0,123.66471,0.0049635,19.259132,28.347744,138.49948,165.09161,0.0,0.0,0
121.80443,200.0,114.78773,0.0021859717,37.19736,45.82097,387.18478,47.203762,19.0,5.0,0
368.88406,200.0,101.83048,0.00028236423,31.852808,84.50313,193.16838,0.0,4.0,3.0,0
153.8828,200.0,94.8988,0.010406881,56.71567,45.758987,139.71257,149.79553,2.0,0.0,0
9628.171,503.0,101.790306,0.21572329,36.351715,43.099148,301.8223,279.73376,1.0,6.0,1
139.79054,200.0,85.27348,0.02291161,36.402637,44.739384,242.28821,96.25827,14.0,4.0,0
306.0132,200.0,116.92351,0.015374135,49.407578,54.648525,320.3202,0.0,10.0,4.0,0
152.92584,200.0,45.998295,0.016402457,41.10923,51.294693,263.165,66.462326,13.0,2.0,0
218.76862,200.0,103.82631,0.0017242213,34.375668,42.602875,273.7674,104.82871,20.0,5.0,0
100.43458,200.0,74.56797,0.00018676778,32.619976,53.71181,109.30342,131.99446,4.0,6.0,0
303.51953,200.0,57.351013,0.0124379955,11.6956215,47.199978,297.33994,145.36043,8.0,0.0,0
184.49857,200.0,69.91667,0.023500973,73.826225,68.916145,312.2052,126.480064,15.0,1.0,0
151.98283,200.0,60.29967,0.0008819423,2.064573,49.92209,258.38626,148.91513,15.0,5.0,0
251.83664,201.0,166.09737,0.011946414,18.90903,39.948154,296.4691,113.085236,16.0,6.0,0
160.11832,200.0,80.93328,0.00086182955,47.555553,20.569065,424.3838,287.98517,4.0,6.0,0
113.07344,204.0,74.96411,0.0019442928,33.37184,53.239426,352.6104,126.68357,21.0,6.0,0
72.96603,200.0,61.33774,0.0037881432,77.66855,58.242756,364.53418,134.18105,6.0,1.0,0
156.07056,200.0,112.498634,0.015100847,50.732788,64.60138,178.00688,84.448715,7.0,1.0,0
345.53094,200.0,44.01947,0.0036993257,33.70143,34.87148,437.3102,135.83769,8.0,6.0,0
219.61708,200.0,46.85682,0.023860104,33.8283,44.271893,212.4714,222.56584,0.0,3.0,0
105.220566,200.0,56.062923,0.0019196046,82.25361,46.665512,362.04758,150.81102,11.0,6.0,0
128.21207,200.0,63.381996,0.0008698926,50.695415,23.710957,240.42717,169.65332,17.0,0.0,0
230.95384,301.0,102.60942,0.0169179,33.47464,44.162807,481.82684,79.44485,14.0,5.0,0
306.3083,200.0,76.69896,0.0075045926,30.247213,60.53459,282.29166,72.52313,16.0,5.0,0
76.41471,200.0,71.912186,0.018860856,48.368492,43.2296,303.14264,185.81335,10.0,3.0,0
266.4367,200.0,62.908497,0.007030938,43.244278,62.947533,179.56944,26.99626,10.0,4.0,0
78.3122,200.0,111.633606,0.013735677,44.932365,39.096165,241.21527,0.0,10.0,0.0,0
275.27075,200.0,114.37682,0.005683751,61.355774,56.196167,353.0118,130.13152,13.0,6.0,0
338.2824,200.0,47.003063,0.014763225,27.803286,58.581535,247.65135,20.622974,17.0,5.0,0
65.0144,200.0,130.92542,0.0067203664,59.186787,54.20825,143.09673,255.41422,8.0,6.0,0
252.52165,200.0,88.93697,0.0062536513,67.756165,36.063503,143.36734,188.4483,23.0,1.0,0
230.55739,200.0,104.70496,0.0077284887,46.417217,45.68768,277.14877,218.63722,23.0,0.0,0
199.32559,200.0,41.47909,0.017919803,14.324517,66.29824,202.61443,145.8795,18.0,6.0,0
108.411285,200.0,90.54369,0.0134491455,61.20442,40.264763,104.76948,156.53938,7.0,4.0,0
135.83334,500.0,126.059715,0.0026501957,80.44881,54.78297,337.66684,134.67793,23.0,3.0,0
244.7184,200.0,72.22708,0.0074027027,16.195,37.936134,419.5341,126.989685,8.0,0.0,0
193.49496,200.0,106.90702,0.009155272,56.445858,48.546146,217.33714,175.8588,12.0,4.0,0
193.65247,200.0,85.02128,0.002381015,20.750029,50.37373,632.9782,194.36098,12.0,1.0,0
239.02339,301.0,130.03845,0.012666711,40.602547,82.97005,179.5709,86.0261,15.0,5.0,0
401.90604,200.0,137.60602,0.00074479065,44.90548,40.52729,80.22802,15.240336,23.0,1.0,0
175.75038,200.0,41.24604,0.0013763227,25.657354,19.195732,214.61647,145.55614,22.0,4.0,0
204.24591,200.0,119.71402,0.00036520362,49.769505,53.71787,207.32938,161.67543,16.0,4.0,0
130.22702,200.0,96.4939,0.0011504376,38.350662,54.200397,182.18657,0.0,4.0,0.0,0
65.5809,200.0,85.57959,0.0041747834,43.7127,47.62821,285.24734,26.189734,23.0,6.0,0
104.813805,200.0,93.15061,0.0025325578,37.395134,49.178112,237.35721,265.67203,22.0,5.0,0
112.01184,200.0,39.07651,0.007217528,46.607315,57.811977,48.972286,24.06157,7.0,6.0,0
144.8312,400.0,87.57385,0.010748879,53.39434,40.23964,191.44351,209.23476,21.0,3.0,0
184.54066,200.0,116.58936,0.007029492,22.55874,40.54549,348.8735,59.677143,4.0,3.0,0
229.30054,200.0,69.31097,0.009348181,55.77596,50.593304,183.62544,118.08833,14.0,0.0,0
360.00253,200.0,126.82747,0.0040300027,32.732998,34.36336,27.033316,211.61855,21.0,4.0,0
7716.292,504.0,89.7102,0.23426875,56.943222,43.82012,306.60626,265.61285,22.0,3.0,1
225.11276,200.0,91.269226,0.01042031,63.825768,38.486694,295.9024,0.0,1.0,1.0,0
180.68056,200.0,125.18682,0.0054409327,50.962505,54.06719,243.45938,240.66264,15.0,2.0,0
203.44528,302.0,111.73048,0.023337185,57.85305,57.1219,284.04883,312.17358,2.0,2.0,0
217.08418,200.0,128.81683,0.01006153,70.82947,37.914726,295.73972,116.534195,11.0,3.0,0
123.34988,201.0,75.75215,0.011471026,33.623745,82.34991,340.8776,102.54073,10.0,6.0,0
125.23162,200.0,81.34313,0.008371861,47.463314,38.59185,223.02489,14.434144,5.0,3.0,0
158.16966,200.0,84.89326,0.02140017,50.103462,61.63195,308.727,94.04915,15.0,0.0,0
146.58002,200.0,113.9736,0.0005921801,28.3848,61.375004,299.3707,374.3136,17.0,3.0,0
275.1971,200.0,73.44017,0.0077809826,16.976276,17.268494,339.06125,241.89024,6.0,0.0,0
207.3048,301.0,83.155174,0.008384101,45.825047,33.796913,286.1513,209.64178,10.0,1.0,0
200.13582,200.0,137.70175,0.04810085,21.106314,28.744133,247.53175,104.31886,19.0,3.0,0
161.80525,200.0,104.82255,0.0038498621,35.449734,35.604126,397.56985,215.99217,1.0,2.0,0
461.38232,200.0,107.386246,0.00839201,40.11948,66.322426,204.70477,120.18257,4.0,1.0,0
240.03252,200.0,66.52211,0.007642571,63.566616,44.577526,253.84233,244.72112,5.0,0.0,0
310.3349,200.0,120.57733,0.0042077284,57.849247,37.102493,236.62057,290.6599,1.0,1.0,0
193.03477,200.0,134.28879,0.0141057605,46.6428,44.2671,281.2575,220.69075,1.0,6.0,0
142.02887,200.0,130.46262,0.027748222,46.844543,39.17226,104.88625,295.77124,5.0,2.0,0
256.25287,200.0,132.4813,0.007912693,45.147247,60.79698,228.98038,63.23521,10.0,4.0,0
199.61183,201.0,109.0284,0.02472014,48.330475,44.87514,180.33333,148.43507,12.0,2.0,0
181.23114,200.0,120.49188,0.0013351382,23.972939,43.71327,386.30832,96.9138,12.0,1.0,0
145.28656,200.0,76.871376,0.013207153,38.201855,43.86421,228.36487,182.39536,18.0,2.0,0
159.92822,200.0,102.29149,0.0006474342,57.37174,54.270283,394.05856,159.99857,17.0,1.0,0
148.05891,200.0,102.52194,0.020469686,49.168285,65.12948,281.87973,107.06953,9.0,2.0,0
104.99646,200.0,121.153015,0.024192827,28.60904,56.167145,158.92447,210.09799,23.0,6.0,0
207.2476,200.0,93.24186,0.00017978596,47.47272,30.797165,0.0,103.342575,10.0,0.0,0
235.3778,201.0,114.95918,0.0009766831,17.080872,34.610687,354.2083,246.82286,0.0,6.0,0
164.87773,200.0,146.25507,0.01005259,38.30011,61.67349,306.02295,1.7952609,20.0,4.0,0
290.84976,201.0,69.84677,0.008479714,43.972687,47.451027,177.69168,26.13411,12.0,2.0,0
33.12011,201.0,91.3007,0.0067064087,18.211899,46.34087,221.54211,262.71674,9.0,2.0,0
136.16666,200.0,80.652565,0.004040608,28.04849,49.3657,188.90729,186.62558,23.0,2.0,0
184.14948,200.0,70.9993,0.0034275942,52.76635,54.056908,330.88507,221.82079,12.0,2.0,0
282.96014,200.0,76.011955,0.008786086,30.350231,49.389748,263.36884,203.55672,0.0,3.0,0
164.30443,200.0,120.94371,0.005352032,79.03198,61.959328,158.55815,155.81262,12.0,1.0,0
433.10303,204.0,57.757324,0.01654538,52.655178,48.77223,293.478,187.73051,8.0,1.0,0
501.72284,200.0,105.28792,0.013300714,21.90931,49.3593,268.38184,45.309555,9.0,0.0,0
320.03122,200.0,76.7291,0.02138566,44.210808,54.486,207.12079,239.89832,11.0,5.0,0
226.65578,200.0,57.998222,0.0050246073,57.856445,82.89335,89.92466,85.56012,12.0,5.0,0
139.27202,400.0,46.110508,0.028255172,54.76568,40.10959,306.41803,252.08208,2.0,1.0,0
85.834946,400.0,141.55713,0.00083151646,8.129043,69.5933,276.93573,214.44481,2.0,3.0,0
151.47714,200.0,82.77933,0.0051401365,44.499035,48.93625,434.68765,125.310265,3.0,6.0,0
118.79984,200.0,39.23382,0.009304976,22.796871,52.444714,217.53915,189.51645,4.0,3.0,0
248.0898,200.0,28.45766,0.010350405,39.207485,42.861725,180.80568,157.34998,11.0,2.0,0
177.8886,200.0,151.17154,0.008500114,48.415154,42.096275,247.61821,286.60654,6.0,6.0,0
170.79704,400.0,143.09705,0.0005725433,36.974285,61.74027,261.9738,61.470894,3.0,5.0,0
54.63087,200.0,117.028656,0.012997321,49.63929,81.76091,288.09222,156.17126,11.0,3.0,0
4615.3438,200.0,77.508606,0.24239895,98.802925,98.59467,9520.323,5285.394,3.0,0.0,1
271.09637,200.0,78.629585,0.01820233,30.373585,63.365784,279.71945,172.71884,2.0,2.0,0
360.33905,200.0,92.45952,0.0027503606,44.08491,35.262703,259.16144,0.0,4.0,2.0,0
119.49628,400.0,41.685856,0.0034751326,51.258434,20.642324,350.6509,292.9968,2.0,3.0,0
121.83929,200.0,118.81724,0.0014606348,32.91518,37.46319,160.70995,77.8849,11.0,6.0,0
179.15236,200.0,71.61015,0.0018610645,20.316751,45.13576,452.45877,89.02095,21.0,6.0,0
271.085,500.0,93.76114,0.008746591,17.6633,70.33927,130.16159,80.50634,14.0,2.0,0
133.65456,200.0,94.31016,0.012750019,42.2819,56.560574,213.59933,199.4872,15.0,0.0,0
271.29343,301.0,103.644485,0.031235762,50.362324,48.964367,271.39194,197.0618,20.0,4.0,0
237.0381,200.0,79.52967,0.006369112,44.199738,87.07779,333.66125,147.22118,12.0,0.0,0
137.55676,200.0,87.69489,0.009975978,46.103115,68.25219,376.55286,188.92204,3.0,0.0,0
371.81052,200.0,98.3493,0.00068016886,36.310314,31.637138,221.61223,133.84854,2.0,6.0,0
287.41928,200.0,56.839287,0.029614396,29.057392,60.476086,495.30258,7.2500987,7.0,4.0,0
217.03528,200.0,85.15996,0.032876022,51.224102,49.465466,241.7608,151.58629,12.0,5.0,0
153.55252,200.0,120.08411,0.0067902305,27.965126,51.528645,270.82425,272.38306,19.0,4.0,0
100.14268,200.0,113.98814,0.0026584808,19.419563,42.401886,237.70122,132.29115,22.0,6.0,0
133.8046,200.0,126.87865,0.024829952,49.863945,27.354504,234.83775,148.01831,18.0,2.0,0
248.23718,200.0,148.95973,0.026652656,27.005316,60.883312,262.99265,126.445206,2.0,6.0,0
140.48592,302.0,54.825417,0.020598792,44.482502,60.989243,209.46968,106.19097,21.0,5.0,0
450.36334,200.0,54.379192,0.0041415263,45.731003,75.22018,221.60895,41.676407,10.0,1.0,0
602.5127,200.0,119.684456,0.09770591,53.49754,71.07498,8254.346,9836.84,8.0,5.0,1
217.41888,200.0,111.952324,0.016942522,22.656532,34.226837,152.53404,260.2008,10.0,2.0,0
131.63943,200.0,78.2313,0.010451215,58.029896,61.04219,346.41684,170.6253,13.0,3.0,0
168.6667,200.0,60.93992,0.008125416,43.717026,32.546642,477.25555,117.89772,21.0,5.0,0
254.69005,200.0,60.55163,0.019942814,52.707157,45.565933,57.272327,101.4593,1.0,3.0,0
191.16637,200.0,135.46706,0.003959567,44.063164,44.135845,321.48187,57.212463,17.0,3.0,0
58.284348,200.0,122.74922,0.0031495367,37.383186,36.98235,88.36147,32.66876,8.0,5.0,0
243.851,200.0,181.19409,0.013426395,44.541798,36.237453,535.9294,197.72594,6.0,2.0,0
532.1696,200.0,108.959915,0.076130524,67.67068,73.17379,9197.122,8138.389,7.0,6.0,1
530.382,200.0,85.89502,0.0031396898,10.937612,43.307365,302.0411,51.70539,10.0,4.0,0
227.80956,200.0,112.07035,0.0018872651,38.624084,51.049778,414.91843,237.76039,14.0,6.0,0
105.11443,200.0,105.35326,0.0484377,36.633488,54.924698,56.082314,137.44476,7.0,1.0,0
396.4094,500.0,41.967007,0.002855576,56.59362,18.207476,285.00885,151.24118,11.0,4.0,0
283.89047,301.0,142.86174,0.009060956,19.661777,66.43814,278.68927,168.39304,22.0,0.0,0
120.483185,200.0,113.604294,0.0008882259,41.44468,45.81545,295.10657,110.48524,3.0,5.0,0
192.72305,200.0,134.00044,0.0064790794,63.434555,59.32881,431.9416,196.19925,19.0,5.0,0
163.69894,200.0,98.17393,0.009663342,50.73129,60.67509,134.6749,76.282036,13.0,1.0,0
164.74283,200.0,69.912735,0.02060468,38.403267,56.604397,489.04816,154.07799,14.0,1.0,0
129.58505,200.0,121.790085,0.0038513134,25.165161,34.518326,432.07086,116.48355,1.0,1.0,0
552.5054,200.0,121.78631,0.0016761809,61.977318,56.48749,144.64708,95.770874,3.0,4.0,0
85.63893,200.0,133.26942,0.0020689075,26.52527,53.568176,271.44135,70.50913,14.0,6.0,0
221.94669,200.0,150.33366,0.0010643468,63.542686,30.864191,338.7069,96.43651,19.0,3.0,0
158.54308,200.0,88.30414,0.0024685834,35.276943,47.430458,314.59766,208.68991,8.0,2.0,0
266.93283,200.0,160.2862,0.00030142587,51.872593,47.878338,295.56003,264.33118,3.0,3.0,0
189.96635,200.0,121.20591,0.023691183,44.742016,62.10112,260.9106,132.43661,16.0,6.0,0
131.78218,200.0,31.606306,0.011262703,32.870445,80.48696,261.88104,117.718895,0.0,1.0,0
227.27612,200.0,88.80345,0.005765198,52.853474,50.531296,280.91974,212.33035,10.0,2.0,0
1079.3306,200.0,171.65198,0.03581297,61.936928,79.85227,8550.093,8990.535,14.0,3.0,1
178.54886,200.0,73.57273,0.0075261523,50.501736,63.190895,406.0685,183.46729,3.0,3.0,0
23.313961,200.0,105.57008,0.0030034727,58.065723,44.43826,34.26072,107.65578,15.0,6.0,0
201.19511,200.0,78.85701,0.00131999,40.535492,65.06731,427.04816,214.56364,9.0,2.0,0
184.2992,200.0,99.62706,0.0035320672,29.08459,72.58092,379.18063,172.51294,5.0,6.0,0
139.688,200.0,134.49823,0.0062163766,38.6843,58.727726,210.23506,122.714195,10.0,3.0,0
160.7733,200.0,120.979294,0.008244062,30.555664,59.9603,415.78925,249.79466,3.0,2.0,0
310.32764,200.0,131.17271,0.014162638,64.55213,63.907093,194.45045,199.18448,13.0,0.0,0
735.3445,200.0,163.09679,0.033183824,84.875336,95.1694,343.76193,226.71443,0.0,5.0,1
157.56865,200.0,119.62415,0.018306302,57.976704,45.285637,249.6243,96.44587,7.0,4.0,0
149.09631,200.0,44.572075,0.017073974,30.538298,28.471933,142.79774,195.84729,3.0,6.0,0
135.02667,200.0,66.9427,0.008480076,65.72248,66.7787,435.62354,286.12326,12.0,1.0,0
185.34686,200.0,125.1367,0.009445773,38.393585,82.491875,355.1523,88.12473,4.0,0.0,0
140.24394,200.0,96.064514,0.0041892678,44.52419,42.305077,350.73535,138.32457,10.0,6.0,0
75.90188,200.0,112.19029,0.0033697076,36.372437,35.86874,227.13364,126.03447,14.0,0.0,0
8146.752,200.0,91.25727,0.2628346,84.72877,84.61709,6458.1924,8554.238,11.0,5.0,1
196.49483,200.0,145.30988,0.0014434799,22.0277,45.58551,269.5799,83.07632,9.0,0.0,0
271.86356,200.0,102.31576,0.016436711,27.49262,54.828552,179.07729,123.73246,10.0,4.0,0
105.99977,200.0,72.93457,0.009862976,70.47721,54.982277,372.28247,142.35052,0.0,2.0,0
224.58691,200.0,148.38914,0.030064201,34.778996,42.119247,356.97797,174.8311,21.0,5.0,0
144.68367,200.0,90.211205,0.019549709,38.37263,66.771164,345.07724,170.77446,13.0,4.0,0
194.65584,200.0,182.01671,0.008757724,44.327717,48.109127,190.91359,214.77725,14.0,4.0,0
208.6101,200.0,52.23603,0.020086985,29.04207,44.623413,27.913754,0.0,22.0,5.0,0
108.16754,200.0,65.712906,0.016339805,40.009106,58.947998,535.3145,229.60522,6.0,5.0,0
102.02704,200.0,150.65222,0.000112237954,30.563343,69.0838,264.57278,113.44496,6.0,0.0,0
140.34688,200.0,91.29884,0.010804224,39.930244,46.260975,189.87349,151.86777,18.0,4.0,0
494.93918,200.0,101.70342,0.01305328,90.620186,98.6178,398.6319,152.34122,14.0,2.0,1
130.09895,200.0,147.72348,0.009092601,44.240242,18.896973,141.4571,194.1356,9.0,1.0,0
161.17891,200.0,79.37433,0.0009423981,22.690174,28.602009,226.99255,137.3245,20.0,0.0,0
184.6976,200.0,51.63453,0.011373725,31.204926,41.37411,233.16814,155.09355,16.0,4.0,0
161.93481,200.0,102.105934,0.004272232,47.457268,60.041676,187.23079,227.60976,11.0,3.0,0
234.15479,200.0,108.1845,0.009785213,43.503513,47.914505,156.98561,157.00961,6.0,6.0,0
377.55154,302.0,117.61228,0.011209524,30.76109,58.997997,249.58559,118.7016,0.0,0.0,0
81.157394,200.0,131.53757,0.02463436,36.066193,57.34148,164.07227,98.836525,12.0,4.0,0
99.59621,400.0,99.19131,0.0008026919,39.431793,38.503704,232.48827,179.08633,1.0,4.0,0
164.87079,200.0,115.58393,0.013899302,49.35689,49.891037,217.16164,150.85721,14.0,2.0,0
204.06564,200.0,123.28708,0.01703197,39.892967,59.486805,192.65932,222.2545,0.0,4.0,0
81.103935,200.0,79.07459,0.01715442,36.8882,54.684982,371.58795,200.96341,20.0,4.0,0
234.1665,200.0,107.06657,0.0090314895,40.712738,40.044735,284.86438,72.88314,19.0,5.0,0
135.2158,200.0,119.95767,0.0049509304,32.88049,66.10098,484.8547,273.71973,16.0,4.0,0
275.02975,200.0,112.564804,0.008096109,28.822521,44.434536,335.37042,139.00876,18.0,2.0,0
3075.679,502.0,105.537224,0.28011438,60.498405,58.664875,317.0118,185.81711,19.0,1.0,1
198.59256,400.0,91.92114,0.02947526,14.120179,29.012848,151.81863,116.57761,15.0,3.0,0
354.8582,200.0,115.15453,0.0072239703,54.405685,65.7619,270.3201,255.23074,21.0,5.0,0
458.37445,200.0,121.5118,0.0044395328,43.36604,60.19511,388.37695,86.78293,20.0,5.0,0
110.68533,200.0,87.81513,0.0046997047,69.921585,38.215652,310.70728,179.45149,18.0,0.0,0
110.61323,200.0,179.17618,0.034481734,65.297424,60.0674,83.8767,35.719414,7.0,1.0,0
345.58066,200.0,94.529144,0.013723674,33.862778,41.914646,239.1261,179.21819,13.0,6.0,0
123.37207,200.0,107.75676,0.010483952,18.788954,39.178978,242.71524,0.0,10.0,6.0,0
189.45554,200.0,130.44691,0.031508643,37.18948,37.569366,415.22723,146.02986,5.0,1.0,0
217.02715,200.0,108.76758,0.0049463734,16.889168,38.50278,228.34758,206.66544,20.0,2.0,0
282.12204,200.0,48.142487,0.0056378013,40.60976,53.379246,377.27197,123.05761,14.0,0.0,0
168.05064,200.0,57.915512,0.017101206,62.628918,67.69594,304.54547,174.90244,16.0,1.0,0
109.367584,200.0,97.80455,0.008002639,44.06753,43.690205,236.62021,117.09635,20.0,3.0,0
202.84802,200.0,145.6601,0.037311155,29.379322,45.0662,329.19986,147.85794,10.0,1.0,0
112.2236,200.0,139.8158,0.007072424,43.981003,45.5992,224.25354,101.11922,15.0,6.0,0
179.57164,201.0,73.66764,0.0043933596,47.959473,50.114162,103.68148,173.35904,2.0,6.0,0
250.27104,200.0,88.364365,0.0055385306,31.007458,63.716427,107.94935,213.1278,10.0,2.0,0
157.4842,500.0,94.740944,0.023508532,42.20186,49.426464,18.481194,89.578896,0.0,5.0,0
237.66801,200.0,77.03326,0.0016082292,16.920416,48.751194,265.7292,133.64372,14.0,1.0,0
189.96983,200.0,52.149033,0.011064939,37.107918,38.98981,432.80627,114.8349,23.0,1.0,0
151.76152,200.0,135.13509,0.0031273004,30.855928,64.72652,283.6349,171.3775,14.0,2.0,0
261.1977,200.0,111.76167,0.025437504,50.410088,55.67122,203.65291,170.91568,2.0,3.0,0
190.22485,200.0,89.20154,0.0058871442,79.06541,57.994293,366.64267,282.06116,23.0,2.0,0
177.66054,200.0,56.576008,0.0067945006,62.199142,64.224655,183.4972,188.40773,3.0,3.0,0
210.28069,200.0,161.4348,0.024401737,34.454433,57.55008,223.80309,156.57195,23.0,3.0,0
169.31946,200.0,39.091747,0.00254826,63.988197,60.517036,196.69722,326.1861,13.0,3.0,0
112.804245,200.0,97.50335,0.029887464,39.94576,69.20482,150.00786,133.64783,6.0,5.0,0
238.92398,200.0,106.36509,0.011276972,42.82949,63.21849,433.61508,194.70615,22.0,5.0,0
207.73077,200.0,71.6378,0.0011441935,59.76567,55.205788,448.93463,112.33947,3.0,4.0,0
222.67381,200.0,91.8875,0.0008103418,35.126774,58.642838,226.57362,152.60158,15.0,0.0,0
103.19823,200.0,53.01204,0.0058276644,29.428164,40.088867,264.04785,207.18456,20.0,0.0,0
139.04019,200.0,81.60454,0.0032170608,37.97649,79.932945,240.51761,84.227715,14.0,0.0,0
228.54,200.0,84.41397,0.022679087,26.277018,64.07197,350.0724,214.89307,10.0,5.0,0
451.89932,200.0,94.665665,0.0048939968,36.642498,32.736275,149.88805,153.44025,12.0,3.0,0
253.80756,200.0,111.91625,0.0024588637,42.896004,38.330208,310.95508,227.3523,16.0,4.0,0
192.62265,200.0,155.61449,0.0052771056,37.180225,44.27888,296.30014,158.11261,19.0,0.0,0
191.42554,200.0,103.202194,0.0016734658,34.25131,62.805916,287.77234,232.94118,18.0,2.0,0
273.68918,200.0,16.924704,0.002819145,17.271185,51.18799,288.50592,236.11377,16.0,4.0,0
167.4262,200.0,131.34091,0.008698968,27.484493,58.264923,354.8828,158.13669,3.0,3.0,0
324.81473,200.0,53.588413,0.00042517696,57.71139,56.513645,194.2184,119.806755,3.0,5.0,0
118.191154,200.0,91.34958,0.0011972685,40.148445,48.253918,210.88492,292.46658,6.0,3.0,0
173.31776,200.0,65.935356,0.0128534185,45.061153,64.68108,63.761127,151.8175,14.0,3.0,0
159.5275,200.0,87.9256,0.0017549029,32.858788,33.23074,350.41568,94.270676,5.0,0.0,0
127.96055,200.0,28.103516,0.021670058,50.466858,23.284859,270.09995,79.734505,12.0,3.0,0
138.44888,200.0,103.802345,0.00092880276,34.26219,46.047237,322.11942,237.44864,5.0,0.0,0
317.6144,200.0,100.05074,2.1046262e-05,38.637295,68.91435,119.27903,114.31137,23.0,4.0,0
164.78477,200.0,83.99902,0.011893571,31.151127,79.64657,374.75085,124.10215,18.0,4.0,0
137.50862,200.0,159.5493,0.018466873,41.640945,16.158255,300.07635,186.76111,0.0,0.0,0
239.64922,400.0,79.550476,0.008295467,38.00293,63.264954,125.37187,191.56503,16.0,3.0,0
449.85263,200.0,76.20691,0.0023625717,30.727688,60.264538,417.363,196.37619,11.0,5.0,0
129.71356,200.0,84.72566,0.00681032,48.342743,59.23245,489.6777,104.26031,18.0,0.0,0
215.16269,302.0,48.746758,0.0021515968,33.69268,33.900784,118.89436,158.61671,0.0,6.0,0
273.35013,200.0,130.31598,0.011590063,25.501932,46.194103,133.76065,260.22104,18.0,3.0,0
271.7119,200.0,84.88683,0.02182555,50.4256,37.80757,451.08566,78.08911,7.0,2.0,0
2924.1074,502.0,115.93675,0.24997114,67.05133,43.751923,253.71924,207.98076,10.0,1.0,1
241.66737,200.0,58.6769,0.016179735,20.823418,43.32757,374.20834,152.44281,1.0,2.0,0
207.44461,200.0,135.7302,0.020000787,22.676716,69.06327,369.5978,113.900024,9.0,6.0,0
141.84721,200.0,87.23328,0.01892807,50.05203,56.749138,325.48068,181.64757,0.0,5.0,0
314.03638,200.0,97.5391,0.0022872172,19.482256,40.225704,269.0649,35.063496,23.0,5.0,0
147.3257,200.0,143.75629,0.012671458,40.227192,27.70514,188.20604,139.95262,15.0,0.0,0
113.85533,301.0,128.18408,0.009852133,67.71287,76.12394,163.62035,151.92786,11.0,0.0,0
3767.6218,504.0,136.51294,0.25460017,69.631386,47.709854,398.64017,134.70915,10.0,0.0,1
110.15603,200.0,68.207466,0.009350435,32.438637,48.62495,213.08951,149.11745,16.0,0.0,0
187.3036,200.0,134.91562,0.007358038,34.862385,44.71796,225.0573,88.18082,0.0,5.0,0
206.26564,200.0,75.000465,0.008694705,41.540894,26.47054,282.84534,223.52225,6.0,2.0,0
148.92502,200.0,62.06634,0.00095459376,55.625385,57.024925,267.66428,157.9914,0.0,0.0,0
244.40427,201.0,125.86857,0.0024535488,41.37916,52.80195,311.78445,191.7504,0.0,6.0,0
113.14,200.0,102.89962,0.00947601,49.973038,49.28516,369.68976,232.51044,19.0,0.0,0
411.23315,200.0,86.623665,0.013268494,24.796106,49.371517,207.18597,302.61417,23.0,1.0,0
390.43674,200.0,92.72168,0.046431974,82.0489,91.98765,329.4313,382.13242,0.0,5.0,1
173.01898,201.0,83.439476,0.028911607,29.008148,45.046085,297.5157,68.876076,13.0,0.0,0
136.80458,200.0,117.945045,0.011182578,14.20114,38.477524,91.3838,135.53412,19.0,4.0,0
368.33502,200.0,121.699524,0.012268108,42.559082,31.751692,230.80893,160.33408,20.0,4.0,0
144.91753,200.0,53.938713,0.004916368,18.490198,27.709429,160.114,179.7287,6.0,5.0,0
217.22864,200.0,65.968285,0.003942931,24.80577,35.135773,282.34732,139.6773,8.0,6.0,0
779.0365,200.0,141.1475,0.013703842,92.76643,89.731255,363.05655,314.94833,10.0,6.0,1
322.70303,200.0,78.58569,0.0059190025,58.333504,34.04688,519.3532,225.12903,12.0,2.0,0
164.56866,200.0,118.65741,0.004930593,65.05187,38.75611,363.60092,107.28691,15.0,1.0,0
205.81844,200.0,105.85684,0.0080007585,52.307182,39.16503,433.02484,139.18274,1.0,5.0,0
228.77884,200.0,70.76407,0.03882518,55.426853,51.08164,188.2646,260.64716,3.0,4.0,0
108.72745,200.0,85.92638,0.00019973535,37.133446,40.94637,258.792,112.03807,4.0,0.0,0
158.71692,200.0,115.88121,0.0058559002,53.59433,23.799416,307.5992,237.2739,11.0,3.0,0
252.38783,200.0,83.43176,0.0068462566,38.859177,56.97975,374.96793,140.68146,13.0,0.0,0
130.08937,200.0,104.77431,0.005486415,26.502525,43.327457,367.61337,180.95839,11.0,4.0,0
306.84476,200.0,54.833046,0.0022300668,41.776897,39.767006,168.87665,102.59262,9.0,4.0,0
165.2706,200.0,129.26799,0.008827713,15.259515,35.444992,237.95343,124.22794,14.0,4.0,0
113.04296,200.0,123.31566,0.0037767747,52.505497,70.05977,168.7923,130.1002,13.0,0.0,0
366.37473,200.0,124.37305,0.005872299,30.459888,30.083645,280.02133,120.531136,15.0,5.0,0
434.84717,200.0,129.74841,0.008036964,50.271275,61.578186,121.132744,183.25697,12.0,1.0,0
221.58594,200.0,139.56284,0.0033024473,57.20665,53.60196,362.2247,160.12027,17.0,5.0,0
180.44156,200.0,83.722725,0.00089524954,84.1663,35.46278,101.05632,187.9997,14.0,4.0,0
158.21861,200.0,163.99379,0.0034734407,0.0,43.333523,218.94633,135.1378,10.0,5.0,0
172.41396,200.0,118.454895,0.0009645097,44.602833,47.762356,64.32131,45.966053,15.0,4.0,0
4582.298,504.0,121.48438,0.11773433,36.640427,43.815685,337.26395,136.459,13.0,0.0,1
204.01422,200.0,98.35875,0.0014888174,35.238503,26.662882,450.27405,102.241295,5.0,1.0,0
400.11316,200.0,40.05053,0.0037471773,40.93325,41.61915,207.30707,52.584812,0.0,6.0,0
373.92914,200.0,116.47724,0.0051724273,44.94731,53.918728,338.36334,124.383575,8.0,1.0,0
163.28133,301.0,94.45599,0.025830092,54.38856,20.667627,248.14923,130.17105,0.0,4.0,0
174.4683,201.0,114.72525,0.013242832,46.62541,65.68265,242.70143,265.95847,18.0,4.0,0
250.46318,200.0,82.68336,0.015030758,27.39334,36.21265,291.93134,182.82974,14.0,4.0,0
89.59106,200.0,106.2468,0.027461134,20.94063,56.706783,33.344254,92.14707,10.0,3.0,0
111.99464,404.0,141.0806,0.0008831783,42.528664,38.020847,75.80986,97.575195,5.0,2.0,0
115.74352,200.0,67.22415,0.025556576,49.003307,64.69198,236.34866,220.48796,21.0,1.0,0
273.65695,200.0,92.15359,0.0006351106,58.21316,65.18151,195.89638,170.07272,11.0,2.0,0
168.22723,200.0,72.542816,0.007918039,28.931223,61.404423,237.62622,219.0985,13.0,3.0,0
214.46921,302.0,62.314598,0.0094610145,27.345804,57.73635,413.59387,181.33041,5.0,1.0,0
157.25209,200.0,78.73268,0.002007437,41.82767,46.969883,281.40784,129.1581,8.0,3.0,0
121.316444,200.0,82.70227,0.006718502,55.466934,44.741673,286.7486,200.17456,11.0,2.0,0
303.91293,200.0,78.73526,0.007907796,48.08191,52.070087,223.91374,126.6335,5.0,0.0,0
92.272,200.0,66.05048,0.0041183033,40.285152,88.98614,92.546616,88.74675,11.0,5.0,0
304.7464,200.0,61.14932,0.0107390955,49.13805,14.980273,199.22736,288.16412,19.0,3.0,0
144.97319,200.0,115.41678,0.0056458684,23.85924,50.25159,141.9998,252.04301,0.0,4.0,0
183.7505,200.0,105.29517,0.008547061,37.337666,53.1214,368.44656,61.96746,11.0,3.0,0
99.3476,200.0,123.145256,0.02690578,27.496597,68.07408,104.6544,116.51926,22.0,4.0,0
280.12476,200.0,139.80481,0.0070142346,25.744413,71.7542,148.87389,128.92274,21.0,2.0,0
298.4664,200.0,114.20721,0.0022925406,34.153347,42.00507,201.97014,128.32745,22.0,2.0,0
237.677,200.0,96.873795,0.0020139057,45.856476,58.61881,142.41406,190.1946,18.0,5.0,0
154.23282,200.0,109.06968,0.014150124,34.089256,17.72919,104.16581,44.12113,6.0,0.0,0
1396.466,200.0,198.41933,0.06622086,67.44873,75.493225,9569.2705,9310.612,11.0,1.0,1
165.00908,200.0,98.42425,0.0031560084,65.8218,63.98579,470.25778,126.04196,0.0,3.0,0
251.39552,200.0,65.73986,0.0005644396,43.450806,46.991306,135.09526,163.65605,6.0,0.0,0
111.47336,200.0,91.85404,0.0032856532,47.862335,68.10144,212.35995,270.87106,8.0,3.0,0
251.47289,200.0,81.25908,0.001005005,44.15008,22.409607,411.87933,169.7494,5.0,2.0,0
189.39035,200.0,103.42101,0.0009897759,49.854095,46.521526,183.70209,212.36911,19.0,6.0,0
161.69853,200.0,104.670555,0.005295955,20.50439,59.80777,131.2369,194.48607,9.0,2.0,0
173.74872,200.0,83.553925,0.005673186,45.553753,37.66357,154.65755,235.80304,9.0,0.0,0
78.489815,200.0,113.75495,0.008044501,42.53546,42.387608,241.55937,170.73167,1.0,5.0,0
120.69724,200.0,43.952385,0.0004284917,34.53084,46.996216,302.66534,121.46263,15.0,0.0,0
229.03821,200.0,54.84297,0.003674769,66.12503,36.555187,365.19644,253.57834,12.0,6.0,0
169.33197,200.0,70.048874,0.01375923,39.08499,27.404379,291.46472,230.18114,6.0,2.0,0
1121.6749,200.0,131.98424,0.09320403,69.80251,78.76401,9683.358,9438.212,3.0,5.0,1
158.26129,200.0,68.78168,0.008992586,49.006866,55.801037,226.96802,106.954735,3.0,5.0,0
440.4168,200.0,184.31401,0.043162957,83.98624,91.028534,268.60852,359.6626,2.0,4.0,1
228.39389,200.0,163.9595,0.004878271,55.856976,42.912266,285.04184,82.52058,11.0,3.0,0
179.21286,201.0,69.768715,0.017110158,50.475227,32.344025,266.49112,142.69743,13.0,0.0,0
168.77338,200.0,103.79738,0.004556142,47.474056,69.26116,385.95865,10.0951395,20.0,2.0,0
262.25824,200.0,104.84065,0.0021022032,60.629776,71.21713,375.8767,200.02483,2.0,2.0,0
171.9784,200.0,103.853775,0.024189264,35.52411,56.900627,164.04831,134.75351,13.0,2.0,0
140.56993,400.0,96.27135,0.0024301265,72.68917,29.390486,225.90306,83.91653,16.0,6.0,0
228.2852,201.0,47.16549,0.002329421,29.588888,86.838486,330.6961,203.26529,14.0,3.0,0
459.65335,200.0,56.69761,0.0040565943,34.56928,31.086771,0.0,120.679535,23.0,6.0,0
58.190353,200.0,174.48033,0.00042152448,56.9042,69.81995,167.68515,133.98459,20.0,0.0,0
169.37654,200.0,56.390984,0.012986216,43.272358,8.156483,174.15535,142.00703,8.0,1.0,0
129.25775,200.0,73.826996,0.0020724111,37.539692,91.94713,373.53632,0.0,19.0,4.0,0
143.4091,200.0,127.14466,0.009648093,4.2271676,47.822994,307.29962,106.03738,2.0,1.0,0
136.71715,200.0,115.99906,0.010354111,36.60137,38.33545,334.07407,116.865944,10.0,3.0,0
192.23593,200.0,94.37786,0.016437054,37.70374,62.05579,259.7134,83.05011,12.0,5.0,0
220.7683,200.0,84.98941,0.01169621,69.70418,48.830437,225.15686,106.02361,23.0,1.0,0
119.138824,200.0,92.50169,0.008699973,59.73835,28.80648,364.45526,123.127625,2.0,1.0,0
119.60962,200.0,63.070053,0.003626222,40.2366,56.920322,11.60211,211.19583,7.0,5.0,0
201.32706,200.0,124.91713,0.03588678,39.93606,55.569897,190.7308,131.85359,8.0,3.0,0
143.33809,200.0,103.041695,0.015629917,57.958275,47.696854,242.35617,10.390581,13.0,1.0,0
263.66306,200.0,71.77273,0.021535834,58.572517,62.21727,248.2216,208.91544,6.0,3.0,0
111.74614,200.0,115.36975,0.0037380508,49.489857,61.71332,253.18459,172.13747,22.0,5.0,0
275.5388,200.0,70.80362,0.00029498298,56.438026,50.424774,263.72232,184.06516,6.0,1.0,0
212.74364,200.0,91.830826,0.0030907104,34.25142,42.089207,188.61049,66.989174,8.0,0.0,0
182.24988,200.0,64.15805,0.0092304675,31.211378,37.58228,256.16824,0.0,7.0,0.0,0
261.61502,200.0,72.88449,0.003570567,35.558975,41.596024,200.7045,264.44864,13.0,3.0,0
239.99808,400.0,94.205734,0.0027700996,38.26377,65.22801,284.91562,166.83636,5.0,1.0,0
496.4798,200.0,113.22655,0.0024642507,42.10563,91.044556,211.92381,81.87502,13.0,2.0,0
478.44647,200.0,109.848015,0.010626273,43.646416,45.97906,364.85428,187.86859,8.0,3.0,0
230.60864,200.0,81.042046,0.0037027367,19.343786,42.758675,464.49872,240.3115,9.0,0.0,0
171.5793,200.0,132.9875,0.006036691,55.142315,41.967297,345.32425,33.16652,15.0,2.0,0
113.22775,200.0,145.33978,0.00036870947,56.59723,19.872883,325.79364,379.77463,6.0,6.0,0
325.66168,200.0,43.236595,0.008365415,46.31975,52.673794,337.14642,142.86234,1.0,5.0,0
336.08643,200.0,88.70186,0.005395879,44.08857,30.512604,152.42688,62.102753,20.0,0.0,0
121.05322,200.0,144.18169,0.011270299,48.708466,62.48771,235.87076,99.689995,17.0,2.0,0
124.238304,200.0,123.01132,0.0061281254,54.943035,38.117226,100.27321,74.00847,8.0,0.0,0
286.44583,200.0,103.936844,0.0059407623,22.92224,41.649216,369.7834,91.57204,1.0,3.0,0
180.42047,200.0,47.35691,0.0073258756,43.96618,23.263117,302.52872,138.39455,5.0,6.0,0
222.60016,200.0,102.168144,0.015111534,43.55256,55.32002,297.17468,310.02808,8.0,2.0,0
330.58517,200.0,64.74601,0.007822777,49.20794,57.08911,107.61438,116.8249,18.0,4.0,0
9290.57,504.0,52.662884,0.18546811,35.367634,70.21641,308.02884,166.30148,10.0,0.0,1
326.16397,201.0,88.493034,0.010910439,23.395134,69.04226,184.91023,100.21438,5.0,1.0,0
184.57593,200.0,100.52673,0.0039681625,38.853703,66.342636,174.90141,308.4485,10.0,6.0,0
193.25888,200.0,107.34355,0.013250186,30.681984,42.78606,334.8935,201.84554,19.0,0.0,0
241.46176,200.0,84.82855,0.008263322,59.632565,37.022133,197.48103,100.12939,8.0,2.0,0
193.88127,200.0,88.735825,0.008503557,56.39158,30.697344,35.214752,77.301704,18.0,1.0,0
465.51056,200.0,144.76909,0.019099535,81.2262,95.14221,387.367,174.56544,19.0,3.0,1
30.361183,200.0,79.31208,0.011253172,37.07138,52.805115,234.79492,52.253857,16.0,3.0,0
161.68224,200.0,74.80847,0.012839745,41.375164,45.490234,179.22568,200.43204,17.0,0.0,0
127.64279,200.0,66.43369,0.0014598492,23.479183,50.496048,138.89908,115.55966,3.0,2.0,0
318.18768,200.0,78.976326,0.003446775,35.158234,66.888954,205.13268,161.56172,0.0,4.0,0
307.32352,200.0,106.502205,0.0010589156,58.795418,60.61283,266.66974,76.269905,21.0,5.0,0
390.4815,200.0,95.4483,0.0021843861,48.47111,34.38572,234.2574,133.80684,21.0,6.0,0
135.31255,200.0,77.932884,0.003610874,54.423473,69.655205,473.50482,271.4005,18.0,5.0,0
181.16457,200.0,7.5820384,0.001422994,31.830454,33.086376,281.73584,165.74396,23.0,0.0,0
239.98854,200.0,121.91232,0.0050240876,77.32403,54.483414,341.23282,237.17923,4.0,2.0,0
157.72179,200.0,115.30463,0.009393523,51.90875,56.867325,137.75836,165.88255,8.0,3.0,0
207.71155,200.0,89.199554,0.0027041612,28.744747,38.441463,210.89679,74.94976,0.0,4.0,0
317.4077,200.0,58.29714,0.01811972,42.694405,68.101364,215.60298,61.341404,11.0,2.0,0
108.23151,200.0,82.87904,0.007397613,44.459053,45.658443,131.8927,171.80858,13.0,6.0,0
147.89487,200.0,136.39801,0.0030426409,66.00316,47.494545,191.85938,124.788704,4.0,1.0,0
93.59098,200.0,153.58871,0.021582678,27.566353,43.35379,125.726944,24.287455,7.0,3.0,0
344.65155,200.0,73.44693,0.007991611,21.405762,33.98551,391.6768,152.50374,18.0,5.0,0
291.77585,200.0,138.44833,0.0031618814,20.843422,34.45559,154.6315,132.4553,20.0,6.0,0
188.42384,200.0,135.47325,0.050268453,21.06571,47.553593,190.98276,73.32647,7.0,0.0,0
643.45447,200.0,147.08968,0.096901655,52.52701,65.77379,8965.134,9931.415,7.0,0.0,1
331.59344,200.0,122.220215,0.00025778086,37.733406,58.82431,257.26093,256.8202,11.0,2.0,0
137.64687,200.0,78.16114,0.021708852,46.580112,43.277916,213.3527,316.6467,3.0,4.0,0
151.71239,200.0,96.103165,0.03747962,62.4221,50.84791,205.26999,215.4555,18.0,4.0,0
180.53883,200.0,127.39988,0.0031888552,25.380278,37.35373,302.9656,174.66374,10.0,6.0,0
193.69724,200.0,110.42466,0.0044900733,53.63873,57.471012,212.1905,311.10196,3.0,6.0,0
153.70908,200.0,86.736305,0.0047231684,7.7822933,55.989437,505.3496,166.9226,19.0,6.0,0
194.85176,200.0,88.38238,0.0042100106,73.72795,37.46988,245.72789,105.36035,14.0,0.0,0
148.54752,200.0,73.8717,0.005846251,44.260563,59.160343,226.1277,64.89049,13.0,4.0,0
255.71701,200.0,109.838875,0.008742505,13.862049,41.44514,269.1957,133.3314,6.0,3.0,0
101.17412,200.0,124.80504,0.0049292454,50.5261,50.100376,245.16786,7.217538,2.0,0.0,0
105.637695,200.0,119.36836,0.0011878982,61.092632,57.033012,281.58994,282.44315,5.0,0.0,0
131.26884,200.0,117.685234,0.021864422,53.797153,77.40669,231.17679,53.09363,6.0,0.0,0
296.41183,200.0,154.41019,0.010623077,85.82364,59.301758,135.02068,186.78452,20.0,3.0,0
181.66312,200.0,95.07037,0.003518352,27.868755,59.771152,172.42882,235.71635,0.0,2.0,0
217.24554,200.0,91.69359,0.0010264684,50.319984,49.764263,279.91095,78.333305,21.0,1.0,0
145.80058,200.0,75.68976,0.03131495,34.24004,37.77017,33.529274,81.7819,8.0,3.0,0
124.01664,200.0,34.76972,0.016663121,42.128113,35.960827,240.8501,68.361084,4.0,2.0,0
72.98717,200.0,59.75408,0.005285242,67.14593,77.28713,195.44969,64.078514,14.0,5.0,0
97.056564,200.0,132.4863,0.051008247,46.197853,47.625336,184.96623,115.459305,19.0,2.0,0
250.85732,200.0,165.10765,0.0057663545,56.305153,34.48894,243.73123,117.744,10.0,5.0,0
139.4095,200.0,123.9105,0.0048225233,41.199963,29.914099,215.5279,227.60898,11.0,1.0,0
264.3195,200.0,132.83185,0.009416936,62.91095,60.08482,258.6624,259.2577,6.0,5.0,0
228.319,200.0,125.97547,0.006697659,35.03854,65.488045,290.92505,51.34642,1.0,6.0,0
138.66411,200.0,70.517296,0.004856376,27.480396,47.432632,328.73322,178.73196,10.0,3.0,0
128.61136,200.0,56.668434,0.014995988,31.98824,30.771797,225.4333,184.57182,15.0,2.0,0
287.9616,200.0,110.088425,0.004016465,43.806305,42.07976,243.52184,187.45773,1.0,4.0,0
95.53106,200.0,113.71297,0.02290491,10.528765,43.691116,305.2053,0.0,4.0,1.0,0
361.55255,200.0,84.238106,0.0038941912,26.659779,67.81614,330.10123,22.69933,4.0,2.0,0
360.60104,400.0,124.06575,0.0035781027,31.967844,44.250637,249.99614,161.0582,15.0,6.0,0
410.55692,200.0,110.75674,0.0063727526,53.188503,22.772959,254.3815,76.27115,8.0,1.0,0
425.7203,200.0,127.09864,0.0051554656,25.489353,95.15614,271.54434,114.95295,5.0,1.0,0
150.70549,200.0,111.07745,0.0019276731,23.727978,71.83011,150.11966,45.342426,0.0,0.0,0
47.121624,201.0,89.9658,0.0072528105,24.07687,47.838997,164.16519,126.19906,0.0,5.0,0
293.5964,200.0,160.95853,0.033804927,45.303673,44.466106,322.78458,225.0458,0.0,3.0,0
295.45712,200.0,115.01282,0.00034606777,35.055782,49.059265,445.78528,99.64246,2.0,1.0,0
129.57935,200.0,140.38638,0.01556617,53.550163,66.63323,297.83905,85.28492,8.0,2.0,0
322.66534,200.0,103.074356,0.018526707,45.26901,32.518738,196.51418,86.92646,1.0,2.0,0
182.49411,200.0,42.619648,0.05755018,42.103817,52.593266,192.7003,89.34776,0.0,0.0,0
194.7672,200.0,79.70962,0.01977287,21.347496,25.408552,200.86665,73.30212,1.0,2.0,0
268.48712,200.0,24.921734,0.003694348,50.645794,41.19157,64.70196,199.78719,13.0,5.0,0
579.7213,200.0,128.24,0.020852335,80.79585,88.002655,404.17575,358.59653,2.0,5.0,1
202.60298,400.0,106.829185,0.002309538,9.560661,13.875106,110.190125,31.021093,2.0,3.0,0
362.14413,200.0,108.23002,0.04037979,99.5662,98.18572,343.1191,346.7002,9.0,5.0,1
149.4598,200.0,100.77645,0.0029361486,45.237503,40.490765,153.22826,229.58546,10.0,5.0,0
519.9727,400.0,71.92398,0.008077398,41.531265,40.034504,314.38235,230.95163,0.0,1.0,0
203.70343,200.0,95.129974,0.004146533,22.572197,53.835373,274.6017,188.49675,17.0,2.0,0
70.63841,200.0,64.191185,0.0098413685,44.311867,52.729305,287.85214,86.13012,22.0,1.0,0
183.6596,200.0,92.84111,0.0008597952,54.664204,51.09318,232.39957,279.47263,17.0,2.0,0
181.62894,200.0,125.39882,0.00227937,25.984278,62.7577,196.1153,160.90218,10.0,1.0,0
179.99829,200.0,123.74225,0.0004517891,40.359665,67.31267,207.16728,217.23724,10.0,2.0,0
308.92737,200.0,154.70149,0.006100957,49.59583,48.84807,140.3704,0.0,16.0,3.0,0
371.3375,200.0,92.732796,0.02353095,27.65167,50.71367,125.91818,292.67728,9.0,6.0,0
184.9508,200.0,110.70088,0.007700844,52.58752,50.372124,203.6258,256.854,8.0,3.0,0
76.6543,200.0,119.52807,0.0055633397,26.64586,70.21951,153.63808,166.86296,2.0,2.0,0
309.57516,400.0,172.732,0.016511882,40.83258,57.902508,319.34866,219.35965,0.0,3.0,0
109.76294,200.0,68.807556,0.0019141271,36.423923,61.066113,189.27516,250.25018,17.0,2.0,0
445.0971,200.0,143.73576,0.0021433404,59.02908,51.391006,138.19897,162.9702,1.0,4.0,0
151.28734,201.0,107.168335,0.0026648776,39.298225,56.207226,83.38778,149.00609,8.0,1.0,0
131.70227,204.0,107.11525,0.010971571,4.45083,60.646,279.158,175.84555,7.0,1.0,0
247.4207,200.0,126.56131,0.0010506233,45.351997,57.481686,66.563736,129.33585,17.0,5.0,0
56.45635,200.0,92.97221,0.007271041,41.762455,32.424477,436.36862,131.08035,0.0,2.0,0
233.70743,302.0,92.24306,0.0070323525,29.901148,36.61786,224.6089,277.51505,2.0,4.0,0
206.0332,200.0,106.17067,0.00044089634,54.79926,47.956932,223.09872,17.608261,5.0,0.0,0
157.31021,200.0,112.12636,0.0052425824,55.62428,39.252316,27.877443,388.4623,11.0,0.0,0
353.9068,200.0,59.634846,0.013821883,45.36931,37.96401,342.12048,62.314007,0.0,1.0,0
207.51292,200.0,119.755775,0.009460914,32.584793,46.922596,215.08952,137.01913,8.0,0.0,0
180.18477,400.0,128.32967,0.00990608,62.35886,68.28229,183.69743,196.4601,0.0,6.0,0
9509.524,200.0,118.19296,0.18619241,98.55217,86.0049,7355.5615,6951.495,4.0,3.0,1
151.58281,200.0,113.51243,0.034440506,52.89987,30.187336,233.56114,117.72264,17.0,6.0,0
123.09716,200.0,117.09821,0.0010538917,47.398575,37.40254,277.77652,125.41949,23.0,1.0,0
245.77644,200.0,103.76539,0.011514055,40.638737,67.733345,221.55945,245.45699,0.0,0.0,0
173.97415,200.0,50.815365,0.015171228,24.513159,49.46646,316.789,235.63074,12.0,1.0,0
115.37231,204.0,125.932175,0.001202133,45.961956,47.470795,225.9927,60.584923,21.0,6.0,0
265.7543,200.0,128.5993,0.023873102,46.270733,40.206314,168.27838,328.85083,6.0,2.0,0
260.46918,200.0,98.46965,0.00037941462,33.31849,55.826664,360.33084,192.88315,8.0,4.0,0
108.21496,200.0,112.47893,0.004701859,0.0,48.34537,199.42224,95.955345,13.0,0.0,0
167.94745,200.0,88.69255,0.0025709078,4.728955,65.36114,310.95047,185.81558,0.0,5.0,0
136.30257,204.0,104.619865,0.005793383,48.45078,56.610516,295.37433,99.611595,7.0,1.0,0
289.56467,200.0,90.51811,0.033974335,37.08877,51.9014,312.37814,145.91766,1.0,1.0,0
275.69064,200.0,105.31985,0.006268405,47.118557,47.74385,204.5566,219.66791,2.0,3.0,0
127.84041,201.0,89.520515,0.004111183,42.760174,64.19507,115.61123,262.28073,4.0,0.0,0
144.44005,301.0,128.54695,0.05169934,34.403355,61.056328,463.99374,111.56809,3.0,3.0,0
211.03098,200.0,75.372955,0.004091291,63.239258,46.07783,299.88156,252.54123,18.0,4.0,0
199.14066,200.0,62.54414,0.0072289673,20.870817,37.483856,406.02213,100.22695,3.0,1.0,0
331.2743,200.0,96.95868,0.005100631,56.117016,35.13714,274.46716,172.34302,2.0,6.0,0
281.16644,200.0,97.00862,0.0023285542,13.866129,42.22153,353.3102,201.24335,20.0,0.0,0
74.59464,200.0,140.76231,0.005975416,15.7479315,36.606358,319.25848,138.26375,22.0,0.0,0
82.46438,200.0,102.40855,0.016016223,54.959118,48.63798,413.59854,140.65509,14.0,3.0,0
373.17337,200.0,111.895996,0.004429192,32.632015,31.792196,441.22867,21.032722,10.0,3.0,0
271.3292,200.0,120.3875,0.004475461,40.440964,33.44058,137.51889,94.79075,6.0,2.0,0
107.037506,204.0,69.000305,0.0020309607,23.921642,70.761986,166.32265,164.42618,22.0,2.0,0
84.52574,200.0,23.483913,0.040399272,45.88726,55.133324,337.70178,191.04362,13.0,1.0,0
189.5012,200.0,102.67574,0.0004117282,19.50274,52.236996,346.06976,102.30366,9.0,6.0,0
71.76267,200.0,91.11565,0.002582784,69.12482,86.912186,293.00702,176.10121,20.0,3.0,0
306.22314,200.0,43.245686,0.0004467333,52.797134,40.08342,201.06706,163.65228,13.0,0.0,0
170.40038,200.0,117.522705,0.0017776648,26.851562,42.065533,344.27734,211.98921,3.0,1.0,0
82.177704,200.0,118.01299,0.0081447605,19.899063,45.093754,203.07822,205.10434,3.0,3.0,0
361.51526,200.0,136.93173,0.0047851815,57.861347,50.703243,350.08408,0.0,4.0,6.0,0
166.67007,200.0,62.43041,0.026968312,29.29884,41.05694,311.96548,93.276245,15.0,0.0,0
213.52304,302.0,114.63738,0.0015054682,51.810112,60.65344,158.4341,301.27014,6.0,2.0,0
89.122406,200.0,78.7256,0.005429201,52.641975,32.239746,356.9045,164.3206,3.0,1.0,0
190.60168,201.0,133.34068,0.0005072274,22.824656,26.07011,278.19788,100.22643,19.0,0.0,0
163.61417,200.0,101.24231,0.0147343,53.860973,76.56194,185.15186,210.29251,2.0,1.0,0
70.0025,200.0,124.86356,0.009312236,47.57332,34.005466,86.16671,35.012547,1.0,6.0,0
96.91953,200.0,116.89893,0.0006939716,26.844099,66.49296,147.76672,227.54713,10.0,2.0,0
87.669464,200.0,32.36927,0.0022702825,51.89246,42.615826,86.01436,221.57722,15.0,3.0,0
167.3067,200.0,133.71281,0.0058646235,33.2919,60.36753,156.77106,325.14972,22.0,4.0,0
241.54439,200.0,107.84445,9.2956194e-05,39.938908,74.68597,342.03986,72.20574,17.0,3.0,0
2426.5237,504.0,141.61629,0.26298624,80.59609,76.67069,9352.756,6639.2295,9.0,1.0,1
191.12572,200.0,130.4694,0.0044363597,53.176964,44.737865,358.6009,117.19882,6.0,6.0,0
447.58926,200.0,38.996456,0.035579182,42.194595,46.625694,274.40237,107.84345,9.0,5.0,0
391.22772,200.0,120.37036,0.019395182,39.912033,51.326626,239.34868,60.859707,5.0,0.0,0
155.251,201.0,157.99878,0.003391344,17.191103,33.768913,249.28171,86.70674,5.0,2.0,0
136.81529,200.0,90.59977,0.001177187,64.970924,56.48894,256.1074,50.25777,20.0,6.0,0
203.08395,200.0,97.86554,0.023438966,21.30307,40.331596,412.0255,0.0,4.0,3.0,0
249.37715,200.0,136.62575,0.010860174,46.541027,48.587337,497.8799,202.22313,2.0,1.0,0
177.02255,200.0,87.911804,0.002365228,54.58062,45.220623,210.51436,0.0,5.0,0.0,0
119.457726,201.0,45.790237,0.0009210373,49.768223,30.175104,140.8441,63.941265,2.0,1.0,0
337.81122,201.0,93.97217,0.013239954,4.5565267,62.04585,235.24908,218.36928,20.0,6.0,0
198.86725,200.0,104.80367,0.0005171831,45.26899,48.883327,255.53802,53.841175,3.0,1.0,0
184.06383,200.0,75.430046,0.0020841635,35.101048,46.667755,224.28679,111.886215,11.0,4.0,0
238.04446,200.0,51.57495,0.0054347957,45.5462,23.579922,74.66887,101.17021,21.0,0.0,0
134.73645,200.0,139.80086,0.0074957083,67.30426,64.087395,365.4796,139.75565,20.0,5.0,0
90.832016,200.0,65.0392,0.0025299941,25.137405,37.819187,430.8278,31.313286,23.0,3.0,0
129.83234,200.0,148.12834,0.014221352,61.75777,41.46909,253.40825,206.86577,14.0,3.0,0
7243.989,200.0,110.65922,0.11690886,76.122154,87.79319,5679.5415,7459.1475,12.0,3.0,1
89.17843,200.0,109.88203,0.015515534,49.23045,41.222797,300.05783,254.73582,12.0,1.0,0
233.7191,200.0,98.59412,0.0059584947,38.15456,39.94493,270.6359,103.270386,0.0,3.0,0
80.6119,200.0,88.60822,0.012676765,26.866518,60.590027,250.18613,100.396034,0.0,2.0,0
388.63208,200.0,98.863174,0.019168973,57.59747,27.46795,235.25215,130.46402,15.0,2.0,0
198.02338,200.0,81.85115,0.0020923344,35.161224,55.61529,311.43115,157.75902,14.0,4.0,0
297.69852,200.0,150.89355,0.0054005827,44.570026,79.29168,176.25208,151.89374,3.0,0.0,0
165.51904,200.0,81.54001,0.014754098,42.461906,59.182125,415.78375,130.28087,8.0,0.0,0
232.69266,200.0,99.42218,0.0028808042,47.70904,54.722893,266.48352,135.30132,9.0,4.0,0
388.63675,200.0,100.196434,0.025394838,61.04089,43.910828,311.4164,114.20814,15.0,1.0,0
160.50047,204.0,78.05194,0.0008169119,43.263428,68.912125,265.6804,166.23923,7.0,5.0,0
267.56903,200.0,126.25729,0.0021032793,28.308472,47.822594,241.6117,166.15605,2.0,2.0,0
235.38887,200.0,113.051186,0.0066795493,23.696438,39.84905,366.27448,56.520107,20.0,6.0,0
158.87244,200.0,75.690575,0.001906742,60.861027,36.739048,345.6182,100.83359,10.0,3.0,0
177.02469,200.0,88.48558,0.0014486106,44.93417,44.61069,126.14045,217.91794,13.0,6.0,0
312.8308,200.0,92.90281,0.0015018077,15.460683,45.323067,239.98929,170.98001,14.0,1.0,0
99.887405,200.0,98.24166,0.016483955,24.970778,70.21697,229.96391,447.02362,3.0,0.0,0
281.01486,201.0,100.8619,0.01499161,45.860554,41.186943,269.40054,82.68788,0.0,6.0,0
199.24422,200.0,131.83105,0.00019867162,37.946705,45.758636,293.0787,223.54367,5.0,2.0,0
185.72302,200.0,131.97896,0.005322896,0.0,44.99429,262.8294,150.14153,15.0,1.0,0
270.2491,200.0,71.89321,0.0037781755,56.42113,54.34472,228.4941,165.8684,21.0,4.0,0
122.7208,200.0,100.32926,0.014109659,60.92379,24.511383,375.28854,127.22792,18.0,0.0,0
141.09908,200.0,121.20129,0.004339581,36.7781,83.55169,48.374336,178.28697,11.0,4.0,0
129.40952,200.0,77.89993,0.016946785,39.28941,57.187668,242.01028,220.64404,18.0,0.0,0
185.4714,200.0,62.114723,0.0061697443,16.40446,26.061155,256.09677,146.57805,19.0,6.0,0
229.9413,200.0,97.81877,0.0066874726,54.86645,58.55636,259.65317,166.44,10.0,0.0,0
168.76671,200.0,115.66608,0.008986263,42.589893,54.352562,343.2599,41.576805,20.0,1.0,0
414.25366,200.0,89.2973,0.02291813,37.956516,59.85295,286.02966,160.19197,8.0,5.0,0
127.82831,200.0,86.95901,0.0007469698,52.396687,59.467472,388.43286,224.538,3.0,1.0,0
769.5606,200.0,172.36624,0.06263813,63.082344,62.232643,8779.36,9140.962,2.0,1.0,1
221.01631,200.0,124.25729,0.009232148,55.73821,64.75183,192.5194,257.58127,7.0,4.0,0
140.41086,301.0,56.755077,0.00076400896,42.260643,66.50172,269.92093,114.770515,5.0,2.0,0
256.5399,200.0,89.24197,0.0074253366,45.52186,39.551914,310.77426,191.91104,2.0,4.0,0
275.79526,200.0,114.44363,0.013210632,49.522194,19.669563,187.59328,224.30193,15.0,2.0,0
87.67393,200.0,165.85855,0.05494824,3.5470095,53.26371,16.771408,185.91199,8.0,5.0,0
227.55168,200.0,103.40882,0.0008062947,36.99654,55.82009,356.17993,176.43614,17.0,1.0,0
231.74924,200.0,174.55096,0.004648336,53.564087,50.228405,251.02637,231.00546,17.0,0.0,0
180.34737,200.0,105.732414,0.005862567,9.374691,71.85282,264.1172,139.32169,4.0,4.0,0
128.66829,200.0,144.14098,0.005796104,12.687006,62.064156,168.02197,195.66907,22.0,1.0,0
299.22232,200.0,122.97441,0.0036814075,33.2944,73.424545,119.8403,128.03944,23.0,2.0,0
189.27373,400.0,102.72712,0.00031687925,34.073315,48.20559,285.70758,170.5017,0.0,1.0,0
120.01156,200.0,111.52712,0.005570329,40.326572,52.397423,302.44366,129.61462,18.0,3.0,0
295.8579,200.0,134.92104,0.010689221,36.071114,58.827206,187.69212,144.39229,17.0,2.0,0
133.14323,200.0,134.70557,0.027750101,36.821774,51.050335,223.90422,280.4734,2.0,6.0,0
109.29496,200.0,98.99191,0.0010940683,15.687081,45.87755,149.45212,100.1165,23.0,5.0,0
230.65706,200.0,97.0937,0.008236279,50.282093,44.141655,453.17993,25.916142,4.0,1.0,0
99.59706,200.0,84.89503,0.005511259,29.055653,43.63823,284.3208,117.77623,22.0,1.0,0
305.6161,200.0,98.821106,0.017428512,52.288998,44.95635,247.56363,95.92618,17.0,4.0,0
93.2445,200.0,145.36147,0.0008513289,47.055763,38.97492,262.5151,168.17078,4.0,3.0,0
258.43478,200.0,55.86269,0.0040429486,32.78938,65.00057,235.74886,48.26141,22.0,3.0,0
144.72652,200.0,126.81788,0.013869177,38.748405,73.8678,231.25537,0.0,19.0,3.0,0
205.35829,200.0,95.973175,0.005132235,61.053154,63.69085,361.0581,223.48076,16.0,1.0,0
166.1245,200.0,66.72212,0.0016568563,62.966473,48.466,243.9989,77.64276,5.0,3.0,0
141.15059,400.0,122.522255,0.017078605,46.20638,52.218365,85.07762,159.40295,3.0,2.0,0
204.02571,200.0,59.05794,0.0013603182,60.484886,54.35155,231.72272,0.0,17.0,1.0,0
152.59239,200.0,91.334145,0.0071760905,65.14809,41.55988,489.80698,145.72858,18.0,1.0,0
326.26324,204.0,91.55109,0.015485381,48.175774,69.81419,236.44263,141.61377,3.0,1.0,0
85.25198,200.0,71.15754,0.0014463934,45.746136,46.971375,192.92804,113.61562,17.0,3.0,0
215.16739,200.0,75.059555,0.0004839675,32.47816,36.73969,225.2759,250.84567,10.0,3.0,0
263.6279,200.0,70.63273,0.039370954,51.609905,48.42964,153.78049,122.1356,7.0,0.0,0
342.26306,200.0,81.438156,0.047445577,45.800194,44.011383,436.25732,92.98201,1.0,1.0,0
262.07324,200.0,95.957886,0.0012300623,42.619183,24.959003,66.434616,136.85893,19.0,4.0,0
295.93588,200.0,104.46311,0.0010186023,38.811623,60.145622,344.06146,212.67972,23.0,3.0,0
161.66904,400.0,146.95497,0.0017668409,37.89281,39.002785,175.27106,255.46614,6.0,3.0,0
185.46184,200.0,111.71893,0.0074907555,19.012995,70.46207,300.10864,95.03054,5.0,3.0,0
199.07317,200.0,124.171455,0.006924843,52.477142,61.07123,443.72528,289.8424,7.0,2.0,0
135.7992,200.0,137.19084,0.0061096954,23.492418,30.826126,241.15178,21.589918,20.0,0.0,0
219.71857,200.0,44.841103,0.0021118661,42.235847,44.31162,176.5773,207.98085,10.0,6.0,0
232.17416,200.0,65.86617,0.0021973827,52.433575,46.15726,185.21475,111.10393,5.0,0.0,0
243.04926,200.0,26.071838,0.0039501754,45.599476,62.25012,262.1941,149.11638,19.0,6.0,0
138.8872,200.0,39.889477,0.0018767008,41.765625,43.474266,365.6046,195.12093,3.0,2.0,0
63.250603,200.0,51.747963,0.0020804065,35.38874,48.77589,153.9023,104.066124,18.0,5.0,0
241.9703,200.0,98.67672,0.006421516,46.083633,29.05828,237.27843,79.862274,23.0,2.0,0
154.41171,200.0,72.32361,0.015600002,33.208107,54.857735,252.28757,275.98984,8.0,5.0,0
80.18468,200.0,152.57286,0.0052125906,34.024044,55.606834,209.06105,84.59438,21.0,5.0,0
185.60597,200.0,131.11826,0.03299793,55.650414,67.93029,188.5591,192.29529,20.0,2.0,0
182.36201,201.0,58.883163,9.495604e-05,38.61746,54.79041,109.06187,0.0,9.0,4.0,0
369.07394,200.0,92.53261,0.0045234375,22.46207,43.880474,229.53279,141.61374,22.0,0.0,0
128.27696,200.0,85.94453,0.0002729285,17.969604,52.44326,430.85492,213.69777,3.0,1.0,0
108.063675,200.0,87.22847,0.0002298693,23.081234,72.3502,257.89752,161.85199,13.0,3.0,0
208.69392,200.0,122.62706,0.02745394,28.065428,37.739647,419.6254,166.85951,12.0,5.0,0
245.69266,200.0,112.45449,0.002201833,32.774384,51.96765,38.76386,134.39308,23.0,2.0,0
109.38706,201.0,86.97019,0.054289266,59.731827,65.813194,465.5932,97.8869,3.0,1.0,0
194.15059,200.0,137.68843,0.021818355,34.953953,71.10407,341.9787,247.33354,14.0,2.0,0
224.69093,200.0,83.4169,0.0036766941,23.352917,53.487003,185.31015,42.553474,3.0,3.0,0
175.43477,200.0,101.86758,0.011538979,31.101416,13.71633,195.0649,122.3837,15.0,3.0,0
239.09377,201.0,95.47417,0.006294252,9.786298,69.97079,274.19864,225.50235,10.0,6.0,0
530.8221,200.0,190.07957,0.020363135,51.001854,64.61911,273.77307,141.32784,3.0,1.0,0
89.35842,200.0,108.69145,0.012681854,55.32376,30.741724,135.81476,232.03735,8.0,1.0,0
253.51814,200.0,96.098236,0.0053740987,39.759842,41.76488,384.194,114.15344,21.0,0.0,0
230.64111,200.0,54.690105,0.01808557,40.274807,59.08488,267.69806,162.2751,5.0,1.0,0
150.646,200.0,86.07345,0.010742965,40.435207,62.01922,325.40616,0.0,22.0,3.0,0
250.62053,200.0,101.444664,0.007290464,66.610954,78.96128,123.72243,211.48509,20.0,0.0,0
175.55293,200.0,94.60213,0.02701626,35.01162,80.22807,380.8437,306.28998,14.0,1.0,0
190.89088,200.0,45.19269,0.014942695,39.44647,42.021652,244.73633,102.670525,3.0,1.0,0
124.07102,200.0,70.15799,0.008644892,49.83751,56.397808,122.647095,122.95741,19.0,6.0,0
588.4604,200.0,91.47685,0.035678923,98.36087,93.56501,335.24448,172.28676,1.0,1.0,1
123.28168,200.0,108.93691,0.0022250873,39.084904,54.28319,195.5718,178.6131,3.0,6.0,0
794.7625,200.0,141.56197,0.048453014,82.29177,95.09415,379.42764,315.1378,8.0,3.0,1
200.66359,200.0,60.17415,0.0043127276,34.064,61.035706,379.30908,104.232834,21.0,5.0,0
328.5868,200.0,108.62366,0.00022742762,33.476612,77.889534,289.47397,141.8492,17.0,1.0,0
144.96169,200.0,144.19574,0.009187299,60.526096,44.610374,181.774,123.539375,21.0,0.0,0
298.96918,200.0,110.33493,0.005936468,66.97986,26.296974,192.1384,86.81043,1.0,4.0,0
288.29233,404.0,110.6884,0.0035884916,31.397776,41.871223,330.3306,117.65083,20.0,5.0,0
201.94156,200.0,120.8672,0.007814607,62.406776,58.24523,281.67184,252.27185,13.0,5.0,0
250.0459,200.0,109.58685,0.016905094,44.84355,42.012245,487.6528,245.73338,18.0,1.0,0
123.53341,200.0,98.856606,0.013752706,48.085884,51.619873,192.309,130.56152,22.0,4.0,0
166.36006,200.0,73.27532,0.014361545,42.30278,38.455673,391.00842,163.2313,9.0,5.0,0
286.78094,200.0,32.807583,0.008531809,36.316803,57.90987,356.81476,337.22806,19.0,1.0,0
227.5537,200.0,111.371414,0.0052741324,44.69206,61.66947,192.7572,205.50021,0.0,4.0,0
296.22018,200.0,60.49692,0.0033948265,20.505754,45.412334,317.91788,63.268555,15.0,0.0,0
277.47968,200.0,153.64647,0.016243542,26.097023,45.193428,482.5886,203.33865,13.0,0.0,0
121.070694,200.0,100.855606,0.00709246,36.88376,60.08845,373.9861,263.50525,22.0,6.0,0
114.49055,302.0,140.56844,0.0034102607,26.83015,28.20996,334.0625,112.4661,20.0,2.0,0
155.29333,200.0,67.31834,0.001724793,42.81862,59.21541,306.47427,141.12001,9.0,4.0,0
205.05136,200.0,96.27086,0.011881852,45.984657,62.50242,220.20514,46.123524,23.0,3.0,0
280.1526,200.0,127.607765,0.004164381,43.10947,51.440193,264.1564,89.03167,19.0,0.0,0
155.35196,200.0,111.804855,0.007060971,27.555475,56.73386,290.31564,193.2035,20.0,0.0,0
184.30884,200.0,147.08098,0.039635073,39.626823,77.55064,345.8451,217.89136,2.0,6.0,0
167.73529,200.0,86.26141,0.009066709,46.65896,54.04473,277.2794,0.0,3.0,0.0,0
162.18715,200.0,96.33268,0.004694482,36.1685,28.45589,312.64328,152.25581,17.0,5.0,0
167.62119,200.0,57.145565,0.0014778068,44.622723,39.59016,245.45499,173.7667,13.0,5.0,0
63.12762,200.0,75.50519,0.015416351,27.275019,70.42907,358.09293,179.92995,10.0,6.0,0
108.893555,200.0,100.619095,0.0067300447,50.02491,53.614994,380.8971,237.49005,15.0,2.0,0
130.46431,200.0,79.1174,0.01062148,23.736866,46.1616,244.47964,26.157097,20.0,5.0,0
469.5468,200.0,90.06706,0.011915483,27.292599,25.675226,129.8896,199.99542,2.0,4.0,0
203.24614,400.0,78.22144,0.00957083,43.36389,32.82074,260.01678,129.54756,5.0,3.0,0
338.19766,200.0,79.46613,0.0081081055,35.476505,62.98297,198.58824,214.56377,0.0,4.0,0
223.0101,200.0,122.06609,0.04368748,21.432774,68.88223,96.92088,184.013,20.0,0.0,0
2984.5713,504.0,77.98376,0.29853216,36.124405,75.25661,324.76855,174.12274,14.0,6.0,1
217.49547,200.0,123.09046,0.007896291,60.315613,24.327005,193.28203,166.21011,11.0,6.0,0
112.37647,200.0,80.49103,0.0072944453,35.58783,50.27677,353.56775,209.73134,8.0,1.0,0
149.6305,200.0,165.09618,0.021391496,33.651585,37.12878,126.70222,31.64799,5.0,3.0,0
178.6229,200.0,136.22339,0.0053636394,15.816781,54.520737,248.63483,211.38625,18.0,2.0,0
314.30295,200.0,76.55953,0.022052893,47.521126,50.82518,158.90944,81.89403,11.0,6.0,0
150.03308,200.0,83.16878,0.005657391,13.14515,43.771248,217.423,145.23103,20.0,1.0,0
119.54372,200.0,91.07666,0.0029782804,21.372305,38.880997,213.34056,104.94464,13.0,1.0,0
188.7926,200.0,101.60544,0.001199759,44.44084,61.55399,232.1409,229.9644,3.0,6.0,0
188.31319,200.0,113.23402,0.0047202944,46.2247,68.20106,213.87997,197.39815,19.0,0.0,0
127.520134,200.0,144.68944,0.00023643729,37.695004,49.736458,218.2343,132.81229,14.0,3.0,0
146.90411,201.0,56.84089,0.0019191712,10.127221,41.431187,164.32278,159.04723,4.0,5.0,0
356.8309,200.0,97.47806,0.0005657846,42.458927,35.992714,417.12445,97.801445,17.0,6.0,0
109.33104,200.0,109.89547,0.008501798,36.145096,36.36372,273.8444,197.62578,21.0,3.0,0
322.29144,200.0,123.01271,0.0012872198,45.965294,36.893593,364.91083,117.904236,18.0,3.0,0
348.07794,200.0,71.91297,0.0013968396,52.614475,48.439262,199.75298,145.96051,14.0,3.0,0
117.95753,200.0,130.93391,0.0067825653,35.248245,60.264202,241.42715,249.03986,7.0,5.0,0
331.66345,200.0,93.02076,0.011041138,49.15223,53.544827,172.90562,226.46497,16.0,2.0,0
100.51412,200.0,106.30539,0.00045216954,46.201035,57.515038,342.73788,219.19284,23.0,0.0,0
299.55774,200.0,105.48546,0.014332253,16.456621,47.6906,154.5237,204.3999,0.0,2.0,0
119.15482,200.0,97.760376,0.013893036,54.39272,60.851223,468.60364,240.99698,4.0,4.0,0
255.59496,200.0,80.86254,0.009221928,17.389402,53.418133,231.63416,189.12717,23.0,5.0,0
119.84973,301.0,140.5231,0.018438421,37.637722,54.966873,358.8285,248.88737,22.0,5.0,0
72.80512,200.0,67.63992,0.00065785233,30.403887,14.3973465,156.62988,130.86261,12.0,1.0,0
257.92413,200.0,107.971214,0.0048675644,18.495882,50.540936,388.1455,170.47647,10.0,0.0,0
204.70139,201.0,95.0784,0.0061053694,18.575617,32.920624,297.1296,7.7780714,9.0,4.0,0
136.90878,200.0,92.895645,0.007379564,59.512207,36.339294,135.55536,237.09189,12.0,4.0,0
121.20618,500.0,114.2517,0.005993809,25.801733,51.212177,197.68105,237.8946,12.0,5.0,0
153.72469,200.0,143.46262,0.001540998,70.64106,56.851242,215.39006,97.06599,13.0,6.0,0
120.95174,200.0,128.09651,0.005223172,58.25677,56.716404,272.04688,122.67274,21.0,0.0,0
208.22784,200.0,153.85548,0.036107156,60.082447,41.075447,263.16867,157.63716,19.0,5.0,0
125.33164,404.0,107.34011,0.013807237,20.576778,69.42177,261.93997,249.95479,6.0,4.0,0
756.7138,200.0,72.96588,0.009776354,27.683857,48.03211,192.94,220.2334,5.0,0.0,0
235.58759,200.0,56.391808,0.00965273,36.4157,50.76751,129.02448,236.005,0.0,2.0,0
283.20947,200.0,114.59023,0.010336001,37.635227,20.540356,282.28983,54.365917,23.0,2.0,0
189.62074,200.0,82.85914,0.006475904,37.482338,32.71844,191.1369,105.46937,21.0,0.0,0
335.07257,201.0,154.30135,0.011258632,27.08553,36.888027,99.14992,26.466652,4.0,3.0,0
377.16327,200.0,106.03793,0.006031519,37.521835,44.273262,398.4876,196.66211,10.0,2.0,0
71.64207,200.0,128.85876,0.0067783273,47.653755,29.6339,140.54274,160.7596,12.0,2.0,0
175.23895,200.0,92.17552,0.004682781,0.0,27.164284,364.476,103.44169,5.0,5.0,0
443.2799,200.0,46.879227,5.283454e-05,65.03043,61.593594,360.47864,137.1483,23.0,1.0,0
153.37096,204.0,87.99135,0.02352702,21.481306,47.531643,224.78638,168.50885,6.0,6.0,0
271.55878,204.0,119.2765,0.0025629615,63.704876,75.17306,247.12906,238.22302,4.0,0.0,0
500.62875,200.0,83.61638,0.0023373805,52.49795,58.625694,146.35646,95.27326,8.0,5.0,0
179.97488,200.0,156.20721,0.004749558,16.4697,62.575825,174.01161,166.00891,7.0,2.0,0
369.11584,200.0,88.54131,0.0012868926,67.90254,64.521805,223.95268,165.49321,5.0,6.0,0
325.17596,200.0,94.49253,0.0027598725,57.98475,25.765026,177.91415,116.91679,9.0,2.0,0
102.24683,200.0,102.12227,0.0028242567,53.199394,64.30182,210.59863,79.96439,14.0,3.0,0
470.77646,200.0,146.16331,0.008958498,49.275017,76.1198,126.03064,0.0,23.0,3.0,0
333.91446,200.0,72.33327,0.009038534,28.062317,55.586052,58.517838,244.1202,10.0,6.0,0
740.0057,200.0,150.54689,0.020283246,91.20431,86.67339,316.81717,217.41264,17.0,3.0,1
212.67769,200.0,58.187214,0.0059057004,48.973625,38.496933,364.9806,160.01564,18.0,3.0,0
126.61461,200.0,76.14844,0.018846957,61.247852,43.723274,307.06958,191.0821,17.0,2.0,0
255.70082,302.0,102.551384,0.0017236836,20.898685,44.094517,90.720634,226.23878,8.0,0.0,0
366.23654,200.0,100.38832,0.0016102858,67.942696,28.522886,323.65054,161.82367,22.0,3.0,0
49.609917,200.0,103.17917,0.015974794,39.36964,57.77154,198.95721,146.30948,14.0,0.0,0
72.79306,200.0,55.293213,0.010912967,29.099602,56.596394,244.22243,186.25166,8.0,3.0,0
161.49763,200.0,93.93264,0.0025370363,45.593082,40.200386,344.2547,188.43849,11.0,3.0,0
182.11404,201.0,164.30098,0.0005966288,10.389711,80.01586,180.79861,173.42111,2.0,2.0,0
184.74815,200.0,122.75568,0.000528672,16.199709,47.841515,428.36026,73.79397,5.0,2.0,0
679.3716,200.0,191.57004,0.03762953,81.19532,86.97942,365.24207,328.36115,1.0,3.0,1
424.5622,200.0,11.751146,0.019549012,50.566227,55.252552,312.63458,84.83945,17.0,3.0,0
140.47626,200.0,59.787426,0.01933141,33.68815,58.92454,168.60922,241.11409,17.0,0.0,0
322.83212,200.0,90.63663,0.00074940326,50.702866,46.05529,355.76294,131.37833,18.0,2.0,0
93.39576,200.0,59.497112,0.01050505,53.36591,27.760855,244.97955,21.435415,19.0,4.0,0
135.0716,200.0,111.024,0.006585144,38.74598,57.867634,212.6519,141.31415,6.0,4.0,0
140.47461,200.0,123.6484,0.0022389411,16.480703,57.836933,91.36711,122.27433,12.0,0.0,0
317.20145,200.0,100.167595,0.020275364,37.82489,64.83819,324.90872,186.55055,12.0,5.0,0
182.52242,200.0,41.810596,0.0019241583,22.419561,43.382114,75.544685,135.4162,14.0,5.0,0
113.22251,200.0,89.0056,0.0035331277,49.498642,31.739038,463.76096,219.91609,18.0,2.0,0
333.38116,200.0,99.01485,0.012955311,75.69818,39.118313,269.02768,273.49622,8.0,3.0,0
261.84027,404.0,63.572895,0.00031224385,45.53291,36.278442,296.50546,115.042946,23.0,1.0,0
77.20882,200.0,149.068,0.05522653,14.685164,61.919975,277.063,53.66818,2.0,1.0,0
116.59139,200.0,88.025055,0.00924648,58.97235,59.406204,133.73148,43.079456,16.0,4.0,0
236.16365,200.0,70.064095,0.019617353,46.147003,40.597225,254.2161,139.12816,11.0,5.0,0
205.5185,200.0,65.753525,0.00061532453,74.40177,47.283703,344.67444,89.30825,17.0,5.0,0
43.323044,301.0,129.11812,0.011689405,29.33979,56.023594,210.12386,76.19323,9.0,3.0,0
205.17589,200.0,133.83809,0.026684668,56.80283,43.176113,302.9118,184.94234,10.0,5.0,0
149.84929,200.0,132.11748,0.004239892,43.383453,73.811165,281.2905,176.33452,21.0,0.0,0
135.36913,200.0,98.58128,0.011348344,73.494354,46.917862,343.45206,224.13496,3.0,6.0,0
155.59375,301.0,134.83278,0.003417775,34.289547,30.76798,298.8571,150.92516,2.0,2.0,0
192.59166,200.0,79.60456,0.007270073,69.67102,29.28293,314.1535,139.36592,10.0,2.0,0
130.94737,200.0,140.04623,0.002817489,48.757046,51.532608,273.20532,169.00276,1.0,4.0,0
73.26614,200.0,48.02316,0.0048300945,67.90186,82.30365,261.40454,73.67746,5.0,5.0,0
56.712673,200.0,76.58804,0.0015231743,27.555,36.012577,283.75815,129.5401,9.0,2.0,0
169.2262,200.0,86.79823,0.0054656668,53.559795,50.67767,120.002815,97.34614,12.0,5.0,0
212.99326,200.0,146.49893,0.034118984,41.129417,88.08892,199.47446,348.6093,22.0,1.0,0
167.00912,200.0,69.67365,0.0045113815,44.831562,24.043308,357.3168,232.49661,12.0,3.0,0
401.34778,200.0,129.61981,0.014558968,51.592793,55.331352,177.54738,130.002,0.0,4.0,0
163.40775,200.0,147.0651,0.016401568,38.368668,37.859005,205.60965,190.07272,11.0,6.0,0
230.6178,200.0,64.89439,0.0039217873,48.10107,66.726906,255.39294,224.84479,8.0,5.0,0
153.35498,200.0,93.71971,0.0095691,28.113539,66.13338,290.88336,13.935784,16.0,3.0,0
161.21367,200.0,116.56535,0.019507349,56.004566,53.136692,375.5686,211.41164,20.0,4.0,0
241.03973,200.0,103.81321,0.024760466,51.729076,31.697031,464.48987,51.386986,0.0,3.0,0
105.219284,200.0,91.403244,0.0030014573,33.665432,42.487144,365.3058,159.42914,3.0,0.0,0
66.261894,200.0,75.12609,0.004201968,63.963913,54.00346,154.04707,293.37152,13.0,6.0,0
134.16466,200.0,106.88394,0.027744593,20.554077,37.413597,353.32294,88.05871,17.0,4.0,0
244.78249,200.0,110.16541,0.015436201,30.756311,74.87054,326.49368,211.48409,17.0,3.0,0
264.05402,200.0,88.47727,0.011419822,36.113026,53.77897,332.30066,30.417961,23.0,4.0,0
234.30717,200.0,63.458145,0.004455309,55.124638,17.052166,319.1611,0.0,13.0,2.0,0
244.44466,200.0,113.54272,0.013348601,67.26662,55.891266,258.89597,116.622116,2.0,6.0,0
221.42763,200.0,100.76184,0.006749045,62.792194,53.96658,43.349957,340.68396,0.0,0.0,0
172.19174,200.0,128.61134,0.0011025901,66.92553,51.987957,358.25378,34.557274,5.0,5.0,0
163.3867,200.0,82.19801,0.016973298,34.1362,76.00582,347.52368,146.89513,0.0,0.0,0
349.60703,200.0,93.802536,0.0065328884,48.6859,17.633661,336.82843,61.570175,4.0,2.0,0
199.16068,500.0,93.22087,0.013713363,46.993298,79.13045,306.10977,163.34926,0.0,1.0,0
302.87793,200.0,90.49701,0.004941949,55.104145,41.772923,245.03717,164.42293,1.0,5.0,0
3679.3137,504.0,75.94317,0.17939243,86.64835,76.769196,8578.913,9390.809,8.0,4.0,1
309.41238,200.0,122.76141,0.021651616,66.84727,55.90312,124.5792,222.52214,19.0,4.0,0
263.1523,200.0,109.55989,0.0030243709,29.224094,35.704517,235.17024,78.972145,20.0,0.0,0
154.93092,200.0,135.71043,0.016487846,12.1961155,36.391167,270.35822,124.35413,11.0,3.0,0
243.45337,200.0,84.741554,0.009945836,19.288557,59.935215,296.49884,78.091805,19.0,5.0,0
234.09277,200.0,52.352047,0.00095970475,42.86148,71.21133,132.1778,160.6335,2.0,6.0,0
151.36014,200.0,107.69541,0.020706195,43.40525,42.278393,291.94977,213.81384,13.0,0.0,0
154.74365,200.0,31.851587,0.008979124,40.615105,50.310936,225.66795,0.0,3.0,4.0,0
390.19092,200.0,123.86893,0.020524958,19.468147,11.509354,291.38385,115.575874,21.0,2.0,0
132.81163,200.0,104.71897,0.0063547734,56.878212,35.513744,201.90207,159.21489,9.0,4.0,0
276.58948,200.0,42.07644,0.02212446,52.449768,44.453697,285.88782,204.7217,5.0,0.0,0
138.91667,200.0,150.18588,0.021166768,63.474293,46.644123,240.84639,220.60681,12.0,6.0,0
165.82391,200.0,125.21107,0.0049680644,31.923971,42.962666,263.67404,157.38307,19.0,4.0,0
241.29367,200.0,107.16473,0.00644265,53.035027,30.270922,271.56848,180.11015,5.0,1.0,0
295.63116,200.0,87.937294,0.004104118,17.969604,30.215446,236.07764,113.373215,19.0,2.0,0
184.75491,200.0,101.89519,0.0005458536,53.089508,37.349075,301.3208,133.3337,5.0,1.0,0
178.21576,201.0,96.99957,0.009938019,20.987545,38.140945,152.64038,112.82554,14.0,5.0,0
926.319,200.0,154.05453,0.08171828,57.255493,73.209274,9011.416,8985.233,13.0,0.0,1
155.06723,200.0,73.15831,0.016945165,34.59697,56.974335,353.00543,171.64316,2.0,0.0,0
319.55447,301.0,178.15482,0.0014757598,38.03241,81.872925,317.9244,35.01183,0.0,4.0,0
215.3317,301.0,103.867,0.00041447577,45.284233,69.86592,331.61017,274.8769,13.0,4.0,0
123.19116,200.0,70.4224,0.006076081,55.18351,56.869576,242.7286,242.332,18.0,2.0,0
227.5003,301.0,98.209755,0.006314249,50.99317,56.724743,320.73245,184.77122,12.0,5.0,0
288.8715,200.0,88.17858,0.0050711897,23.416344,58.50675,225.63991,220.6426,6.0,6.0,0
323.0235,200.0,104.13706,0.01473081,68.99278,65.14456,130.37857,92.16408,7.0,0.0,0
105.14235,201.0,58.391037,0.017245242,59.780514,37.843998,358.91895,263.74478,2.0,2.0,0
309.25058,200.0,116.89876,0.0036308202,41.13083,34.987995,229.54384,243.60234,17.0,5.0,0
225.23473,200.0,130.28227,0.007317704,26.428902,50.242634,208.65674,141.23923,15.0,6.0,0
123.33316,200.0,90.642944,0.009591673,0.0,54.37227,375.59982,121.462,19.0,0.0,0
119.20694,200.0,45.67836,0.00077991886,38.35815,60.249577,331.49283,151.52602,1.0,2.0,0
226.78915,200.0,105.53456,0.002219272,29.073711,47.401512,147.05237,153.17941,4.0,0.0,0
160.53328,200.0,97.47317,0.0014679956,49.422558,72.758934,376.21625,128.45546,18.0,6.0,0
84.25073,200.0,77.200165,0.007506573,30.065777,50.057648,447.04654,100.22419,21.0,2.0,0
165.24799,200.0,103.92346,0.026903056,51.833385,33.925934,297.15375,214.43675,6.0,6.0,0
90.62125,200.0,105.342445,0.011868137,18.205172,63.09612,153.3979,89.87796,12.0,4.0,0
108.587875,200.0,167.3322,0.01556983,11.954499,46.9315,416.84766,99.12198,10.0,0.0,0
263.0035,200.0,103.60191,0.031545572,53.323536,58.48181,206.87581,362.59665,14.0,0.0,0
246.87347,200.0,84.060524,0.0005596192,63.9941,29.750036,261.49295,236.86804,10.0,1.0,0
290.5133,200.0,71.12709,0.017261716,39.52318,41.055584,345.5477,169.52672,6.0,4.0,0
102.33564,200.0,66.53697,0.022769433,27.84865,58.680855,163.2904,5.4316106,13.0,0.0,0
309.61612,200.0,106.81445,0.005235124,42.097683,50.68192,4.7835755,130.917,23.0,6.0,0
335.58127,200.0,99.61324,0.016057678,53.80282,75.96561,236.76912,169.03503,14.0,5.0,0
81.47268,200.0,86.60636,0.0068983487,49.12633,56.990997,151.55264,240.02254,16.0,0.0,0
234.44548,200.0,65.67355,0.010650733,42.584152,29.691074,363.1318,298.04736,11.0,3.0,0
310.65857,200.0,93.08981,0.0015427804,41.822105,54.448875,123.792496,161.7853,22.0,2.0,0
162.8936,200.0,48.73024,0.0034834049,43.269745,70.26509,233.24225,147.51941,1.0,1.0,0
188.61469,200.0,78.67768,0.010434744,33.093487,58.078503,264.04755,184.40965,5.0,3.0,0
321.1723,200.0,35.62504,0.013216707,22.200808,69.57152,246.53468,175.24443,12.0,1.0,0
4104.3936,504.0,93.851006,0.29754034,56.26054,69.94248,259.41946,139.07394,21.0,2.0,1
84.03336,200.0,118.35008,0.00094269984,64.41048,75.79469,280.78134,190.85701,10.0,3.0,0
70.458176,400.0,106.440956,0.018466407,35.85609,30.288347,106.398865,214.82274,1.0,3.0,0
245.49963,200.0,61.849297,0.008969677,30.880053,59.05479,38.953857,154.44951,21.0,3.0,0
317.61737,200.0,106.5969,0.009934846,32.242393,45.238167,295.3945,255.82344,20.0,1.0,0
228.15683,200.0,116.36371,0.018122407,47.552883,45.59593,242.943,52.30586,8.0,1.0,0
308.6721,200.0,99.811745,0.004621011,28.040825,83.45686,277.18964,220.76082,5.0,5.0,0
206.97946,200.0,65.41798,0.012918839,29.774391,36.04821,196.51962,351.6382,11.0,1.0,0
274.2758,200.0,92.59106,0.0061330055,23.77989,51.25774,237.7342,237.93605,2.0,0.0,0
228.51802,200.0,112.506386,0.0006346468,63.906605,7.5536995,281.9925,21.058638,16.0,4.0,0
391.0365,200.0,128.95677,0.04783939,48.34782,66.73301,404.99374,139.30037,1.0,6.0,0
321.55658,200.0,99.12921,0.009883643,17.037529,51.307587,384.78394,67.841545,2.0,1.0,0
190.25708,200.0,136.609,0.00017847896,52.47014,39.347916,162.21017,94.27729,17.0,2.0,0
28.730808,200.0,70.59372,0.0145580545,9.857576,65.370056,192.17825,105.22239,19.0,0.0,0
122.77629,200.0,101.930916,0.0072148633,42.170986,46.65441,257.13092,147.66235,20.0,2.0,0
234.34851,301.0,126.98713,0.007566076,6.1340384,41.14,326.32312,209.49362,6.0,5.0,0
138.16776,201.0,95.597664,0.008965553,39.192486,42.755108,278.84747,74.986,5.0,4.0,0
169.08966,200.0,140.85135,0.011756593,2.0502815,47.992336,285.29343,136.46715,9.0,5.0,0
162.8671,200.0,63.317097,0.0073650335,50.177353,66.87334,272.45258,138.13217,8.0,4.0,0
8270.795,504.0,107.81118,0.25843394,93.12717,95.02532,6073.022,5430.554,11.0,2.0,1
261.93735,200.0,80.96413,0.002574192,40.1668,52.194183,257.5305,105.24694,11.0,1.0,0
239.33878,200.0,74.74433,0.0065193195,64.27759,35.40035,197.35678,266.90326,6.0,6.0,0
116.30563,201.0,109.54492,0.0040118396,75.052025,65.38933,213.46779,376.0471,2.0,4.0,0
245.21912,200.0,66.432274,0.02425556,31.626753,44.340576,154.28723,42.121548,13.0,1.0,0
130.55043,200.0,105.60509,0.0040707225,39.406464,50.870365,88.38361,243.69077,0.0,5.0,0
148.27223,200.0,55.301914,0.0056240424,46.115448,55.022884,306.87146,0.0,11.0,5.0,0
96.135666,200.0,44.877502,0.0055358317,58.706673,44.920372,151.81111,73.79713,7.0,1.0,0
317.7888,200.0,138.48141,0.018430388,41.96064,30.388,308.67157,245.78062,23.0,0.0,0
226.83917,201.0,123.4725,0.032539275,45.902393,32.7158,169.58133,78.69171,14.0,5.0,0
147.76578,200.0,92.69373,0.0010713743,26.591612,43.004852,261.0241,141.76472,11.0,0.0,0
102.072586,400.0,127.60646,0.053383954,32.135704,52.364796,224.8762,25.19996,8.0,0.0,0
133.5642,201.0,98.322334,0.00043033803,53.907116,49.034798,298.60492,126.6795,20.0,0.0,0
431.2011,200.0,111.15586,0.006080087,50.167316,39.163784,363.57617,29.4479,23.0,1.0,0
245.59929,200.0,124.449554,0.03380579,33.480675,48.125256,216.93994,148.68187,8.0,0.0,0
109.471985,200.0,138.55086,0.014183292,57.274982,52.371433,301.83112,48.69471,9.0,4.0,0
147.21602,200.0,110.289856,0.0031754435,33.28879,54.380344,407.8468,206.98433,7.0,2.0,0
195.75708,200.0,93.55638,0.015877772,32.00605,24.085464,341.68643,188.57866,14.0,4.0,0
234.45111,200.0,104.04581,0.008922278,39.79681,35.820484,276.74918,179.1743,11.0,6.0,0
145.04347,200.0,100.390144,0.0026775599,37.701015,38.81539,111.592155,192.36862,16.0,4.0,0
325.86487,200.0,121.74402,0.0026340012,23.070688,49.924286,210.82352,112.17635,7.0,1.0,0
343.00485,200.0,118.956665,0.005158324,36.833282,58.03318,232.93668,187.56842,23.0,0.0,0
121.5721,200.0,63.039745,0.004791314,47.17714,64.50008,219.56183,27.103354,18.0,0.0,0
235.78514,200.0,70.59783,0.020997515,39.001328,71.031395,185.84567,129.22571,23.0,5.0,0
233.56596,200.0,40.296497,0.009452281,34.572124,77.73944,341.20886,361.3929,5.0,2.0,0
85.85927,200.0,135.93706,0.0116626145,39.63737,49.215042,296.8551,117.30051,7.0,3.0,0
235.42418,200.0,102.216866,0.0051536,32.7151,75.50571,309.51328,136.1012,12.0,5.0,0
260.76178,200.0,65.15854,0.011114209,43.155575,66.06347,177.84045,58.202656,20.0,2.0,0
215.17744,200.0,81.663216,0.022770274,33.852116,42.036793,133.55266,57.430996,7.0,6.0,0
225.71442,200.0,90.31629,0.016384546,35.50404,63.209362,247.00157,116.3827,4.0,4.0,0
148.1702,200.0,122.07379,0.012859083,44.512325,38.191216,324.06323,151.70644,4.0,6.0,0
383.9542,200.0,72.95944,0.0021519687,40.43103,48.519524,369.529,222.26947,11.0,0.0,0
189.1124,500.0,77.27774,0.01281595,29.872002,72.01289,275.14807,180.88846,2.0,2.0,0
180.18707,200.0,154.90048,0.014290415,27.36919,38.308712,172.97166,135.19984,23.0,4.0,0
203.09819,200.0,123.985565,0.012355304,22.75258,39.26023,335.63754,136.87502,16.0,3.0,0
134.01382,200.0,92.59712,0.021822529,57.596336,54.77224,160.76707,0.0,16.0,1.0,0
234.3046,200.0,109.3726,0.0023182316,48.535564,18.231745,208.10982,0.0,21.0,6.0,0
312.75397,302.0,53.888496,0.0011807356,58.691944,66.44558,158.08015,185.08725,16.0,1.0,0
115.67431,201.0,51.084614,0.0032813614,39.853447,56.48888,237.8848,197.00719,22.0,5.0,0
208.46996,200.0,87.57272,0.01987336,36.00284,53.167503,138.01343,235.01384,17.0,1.0,0
287.77832,200.0,93.3314,0.0030355116,29.29075,43.15132,146.59985,142.80751,3.0,5.0,0
141.94943,200.0,63.44858,0.004822609,51.369293,72.22581,311.10022,123.59248,20.0,3.0,0
531.19696,200.0,47.82233,0.0042114775,48.804096,60.13047,248.55006,220.55573,2.0,3.0,0
259.5745,200.0,50.02608,0.001431437,43.343338,46.33331,350.54694,239.31862,18.0,1.0,0
285.77667,200.0,57.770657,0.029154591,66.025856,32.130062,358.99893,143.04709,0.0,3.0,0
139.49754,200.0,146.94492,0.025326012,38.402607,50.24038,172.19879,140.65956,0.0,1.0,0
83.103355,200.0,73.10739,0.0014295293,32.96208,61.596397,343.10995,118.11453,21.0,5.0,0
196.37137,200.0,122.33947,0.01582067,54.376873,58.72154,358.88992,108.32722,0.0,1.0,0
73.717476,200.0,89.862,0.0003432288,29.565367,63.51003,210.95569,196.51599,4.0,1.0,0
307.47412,301.0,73.50513,0.008810129,23.395988,96.881966,451.00916,37.31779,20.0,0.0,0
362.5013,200.0,78.98167,0.0061529847,65.29145,49.132717,337.09525,166.93275,15.0,6.0,0
187.21864,200.0,110.30364,0.006912459,32.624878,62.39653,394.78857,126.68318,21.0,5.0,0
242.45848,200.0,115.4295,0.009310174,19.916828,60.522335,227.29517,97.87356,17.0,6.0,0
69.397705,200.0,133.964,0.00022287156,49.05437,62.82534,217.66609,140.86554,6.0,0.0,0
396.30185,200.0,91.393814,0.01656278,27.853027,50.42246,273.4745,232.56866,23.0,3.0,0
171.0791,404.0,96.17496,0.002565888,46.088966,40.18446,149.75311,159.45848,6.0,0.0,0
225.11336,201.0,98.58695,0.008263603,55.341248,71.78204,326.7958,113.35296,17.0,1.0,0
87.766556,200.0,106.21734,0.0010608868,53.15436,48.955387,250.65424,281.64316,11.0,5.0,0
212.66743,200.0,106.12592,0.0073434534,15.236096,74.50387,270.1029,244.11661,3.0,4.0,0
124.37612,404.0,75.34527,0.0028622064,80.89541,41.0077,126.77774,104.09721,18.0,3.0,0
227.51805,200.0,105.079414,0.0007515678,39.110565,31.879145,413.8711,138.89824,2.0,5.0,0
112.04773,200.0,68.063995,0.004214065,47.12725,49.57053,222.90675,253.02988,8.0,5.0,0
74.45679,200.0,126.64159,0.014088182,41.067276,43.337906,237.67044,142.30238,8.0,4.0,0
226.12363,404.0,102.23425,0.0020821174,15.575908,56.213596,185.09998,216.09917,12.0,5.0,0
201.46922,200.0,81.81063,0.0020815723,51.84,23.061914,302.46893,159.66751,8.0,1.0,0
251.74023,200.0,68.070076,0.018042726,51.460762,49.079784,251.93161,240.26859,10.0,2.0,0
254.38242,200.0,96.33397,0.013457215,28.800354,54.325882,185.57506,125.53253,6.0,5.0,0
156.5671,200.0,134.67984,0.0015351647,44.346462,59.164387,318.5991,176.76248,15.0,0.0,0
219.77026,200.0,100.35166,0.0018504118,61.503662,80.97791,309.0946,116.05207,16.0,3.0,0
281.32672,200.0,58.46693,0.0041176146,51.001846,34.03093,177.96121,93.54346,13.0,4.0,0
426.919,200.0,140.80336,0.006959479,30.557333,44.12531,213.988,179.9747,18.0,2.0,0
104.542816,200.0,112.80606,0.008039472,40.094017,54.767815,274.29803,111.71865,7.0,1.0,0
120.09956,200.0,156.60728,0.005540508,12.744236,68.82277,395.73553,142.19707,5.0,1.0,0
121.35273,200.0,74.75035,0.0012739314,32.52896,50.827156,336.83762,174.50835,3.0,1.0,0
54.665264,200.0,110.196556,0.013370906,64.027405,34.32765,145.46625,77.33346,4.0,0.0,0
215.622,200.0,79.34451,0.016923837,51.77773,33.13027,158.0554,78.93742,6.0,5.0,0
116.6607,200.0,99.31643,0.004699875,71.72284,58.87714,422.48718,186.01247,2.0,1.0,0
1394.1387,200.0,132.90427,0.05068496,67.70491,68.5126,9900.915,8808.285,9.0,5.0,1
240.04927,201.0,87.06049,0.024171595,52.642967,78.15097,222.56088,176.01845,11.0,3.0,0
167.69234,200.0,103.28041,0.02259212,37.124126,65.01509,370.7168,190.85802,17.0,3.0,0
230.57578,200.0,32.805187,0.009371901,27.449425,70.1745,398.41873,122.43771,23.0,5.0,0
268.25757,200.0,72.49917,0.006026374,52.342503,39.346806,155.71225,209.52164,10.0,3.0,0
92.63832,200.0,156.53038,0.0003490416,55.96027,45.451683,403.29977,282.1618,15.0,6.0,0
92.48148,200.0,154.66219,0.018380228,37.593666,53.493412,114.81692,128.03825,7.0,0.0,0
527.3836,200.0,156.54301,0.09373589,67.07704,66.18209,8427.929,9808.53,8.0,2.0,1
137.55693,200.0,95.606094,0.008529445,32.389664,51.035076,502.43842,184.1827,4.0,0.0,0
107.420654,200.0,111.22927,0.0039259833,30.971575,37.30493,286.422,285.70944,8.0,0.0,0
233.9847,200.0,60.12036,0.014116642,26.150715,71.4985,210.57147,250.93956,13.0,3.0,0
769.4838,200.0,175.29346,0.016220527,90.41767,95.1819,450.00195,302.40775,16.0,0.0,1
309.1778,200.0,135.14204,0.017809227,32.74816,36.400158,176.0149,255.4278,23.0,3.0,0
205.46562,200.0,54.41705,0.00704619,33.46014,66.96386,235.0524,231.3472,11.0,6.0,0
166.86931,200.0,89.43696,0.0039212946,31.126308,42.894257,308.85364,186.25029,23.0,1.0,0
224.43706,200.0,80.04273,0.010906326,5.4703918,54.446007,140.28748,278.9025,11.0,5.0,0
236.09291,200.0,90.76895,0.00068344065,30.99926,42.027843,286.68414,117.262,17.0,0.0,0
194.76367,200.0,79.82463,0.029868819,62.978146,47.630894,363.1116,173.32103,18.0,1.0,0
138.31172,200.0,19.868141,0.018934699,59.30314,59.45158,401.75296,143.51186,21.0,4.0,0
157.15413,200.0,115.534195,0.006008022,58.777767,82.30704,220.91019,162.81485,15.0,6.0,0
256.7752,200.0,66.8627,0.0025495463,40.285866,52.513332,285.6584,162.81792,12.0,4.0,0
268.28833,200.0,100.605736,0.006129781,50.762436,32.125828,406.22327,279.18777,9.0,6.0,0
137.09277,200.0,139.71237,0.020630606,15.803725,66.05963,252.28178,59.215916,15.0,2.0,0
108.76569,200.0,152.80247,0.0018527019,66.729256,63.748077,30.239561,91.40865,1.0,3.0,0
277.88782,200.0,117.769516,0.010895013,27.92015,65.49653,369.40732,113.64861,7.0,5.0,0
101.243835,201.0,133.93898,0.006805567,24.387096,58.90077,297.40012,114.97471,20.0,0.0,0
241.75294,200.0,128.83078,0.012330207,76.19054,65.40199,185.62236,40.270393,6.0,6.0,0
211.19261,200.0,124.63367,0.009828563,41.00887,45.500072,135.11617,101.738625,15.0,3.0,0
129.30127,400.0,72.93501,0.0033881562,40.281612,55.995167,249.72108,0.0,13.0,0.0,0
453.5048,200.0,130.3997,0.0034168446,33.324852,60.279984,386.72946,310.84784,19.0,5.0,0
203.2603,200.0,121.02487,0.006363514,6.0900655,59.766857,338.8052,144.80128,17.0,2.0,0
260.07047,200.0,129.40837,0.0034260934,68.44999,66.731926,420.69675,131.42995,15.0,5.0,0
289.06497,200.0,156.95667,0.017827218,37.869774,66.93743,188.26772,69.30022,9.0,1.0,0
287.48337,200.0,119.03891,0.012920999,18.207964,62.791443,231.42674,171.96085,23.0,3.0,0
120.53862,204.0,118.86492,0.005802904,26.183487,43.035763,275.49796,133.82698,23.0,4.0,0
173.10524,200.0,138.24501,0.028061405,29.512299,40.29378,264.44342,274.62646,9.0,3.0,0
235.35324,200.0,86.96885,0.0057500857,36.13931,46.00623,356.7169,222.85689,22.0,4.0,0
231.3141,200.0,25.313887,0.03861929,22.960184,85.94597,234.10512,132.52814,22.0,5.0,0
319.96625,200.0,93.749016,0.0015192134,40.76387,66.0975,403.13513,144.54094,17.0,2.0,0
175.83006,200.0,104.59095,0.0011881079,44.194603,68.220985,329.175,58.26731,10.0,1.0,0
243.72697,200.0,139.26755,0.0026125393,44.80574,61.5052,242.20628,91.83802,1.0,5.0,0
181.71349,200.0,117.30029,0.0072303033,60.320133,46.0416,26.741287,69.208496,10.0,5.0,0
169.20999,200.0,107.01353,0.0032215188,54.906464,64.53351,134.53886,248.4672,23.0,1.0,0
228.56041,200.0,50.478367,0.010874309,55.61022,53.86368,408.81094,110.30624,17.0,1.0,0
219.48375,200.0,71.32558,0.015536393,53.764786,39.132732,277.0914,152.78145,8.0,3.0,0
75.21455,200.0,88.986534,0.0009130761,69.026825,38.079994,433.28043,105.71027,9.0,1.0,0
163.50485,200.0,72.91467,0.0033502148,32.46448,35.889263,200.7823,26.275532,8.0,1.0,0
234.64891,200.0,47.351433,0.0015362537,29.889536,43.1115,293.34152,120.434906,4.0,1.0,0
284.32266,200.0,147.4333,0.00260243,44.644707,74.97235,285.75305,170.26715,11.0,1.0,0
193.91609,200.0,123.60396,0.03536226,13.591494,40.73406,141.41737,137.67229,18.0,6.0,0
205.71059,200.0,93.76793,0.0010907372,68.07448,44.017056,405.95248,80.81331,16.0,3.0,0
264.91122,200.0,120.7231,0.006444745,24.707006,34.079437,279.3358,210.01761,22.0,6.0,0
261.50183,200.0,72.048744,0.0023951512,26.176928,44.1644,439.5551,111.52835,16.0,2.0,0
360.95026,204.0,80.039925,0.0036087835,52.881596,52.833385,310.8378,106.50614,0.0,2.0,0
98.84435,200.0,130.14494,0.0022738986,39.51737,58.749847,378.04626,162.151,7.0,6.0,0
123.4549,200.0,185.00742,0.01622203,59.181217,65.22189,376.86588,250.91064,14.0,5.0,0
488.49985,200.0,104.02623,0.03360345,87.00077,95.56771,359.8094,389.97888,17.0,4.0,1
289.9705,200.0,90.606636,0.015846588,37.129097,46.897358,289.1374,163.91434,21.0,6.0,0
251.73186,200.0,91.602516,0.019713877,37.750904,54.1911,342.89056,72.20197,1.0,6.0,0
99.32538,200.0,141.1864,0.0035824997,42.882683,45.25411,246.41066,90.26543,23.0,2.0,0
143.58221,200.0,81.934616,0.009192598,34.7236,70.87953,455.94327,234.85066,0.0,6.0,0
238.55566,200.0,142.74437,0.0013446016,37.57638,51.321297,297.51797,265.33234,20.0,0.0,0
349.76605,200.0,75.772156,0.008079114,33.92257,75.38833,69.89221,151.70667,2.0,2.0,0
366.69534,200.0,73.19686,0.0030127545,16.090868,65.62807,441.3253,58.790405,15.0,1.0,0
285.24054,200.0,77.70747,0.0038381305,16.19421,46.459858,146.01042,132.60345,23.0,1.0,0
111.09886,200.0,90.72147,0.0026372154,72.87831,52.73629,128.7342,78.645905,13.0,6.0,0
540.3047,200.0,111.765526,0.00013094272,29.357409,38.50442,245.27849,217.63853,10.0,4.0,0
112.1247,200.0,39.61974,0.005406336,30.29799,41.840466,209.31195,137.60283,22.0,3.0,0
61.622055,200.0,36.728226,0.018984355,47.05683,55.49451,256.78802,21.454578,1.0,4.0,0
127.09529,201.0,92.62949,0.0046991487,1.3237445,43.734196,365.86124,128.7777,18.0,4.0,0
248.8816,200.0,60.897675,0.0023991475,25.607197,22.794323,238.83759,170.73517,5.0,6.0,0
329.25006,201.0,89.68291,0.0064886864,73.403595,75.28478,262.13934,94.78712,14.0,4.0,0
232.21501,200.0,75.400566,0.0036186988,52.577385,50.03439,215.75453,146.02202,23.0,5.0,0
128.28856,200.0,93.93739,0.0025817752,60.8804,51.957565,263.6977,183.89993,21.0,4.0,0
147.91827,200.0,128.87764,0.022782337,64.82277,57.658707,411.49133,236.24136,1.0,5.0,0
277.23904,200.0,111.44855,0.001503387,33.082188,58.237007,331.99265,76.48705,6.0,5.0,0
156.02637,200.0,121.04767,0.01769488,39.426064,49.74452,401.95782,197.95988,11.0,6.0,0
84.09944,200.0,78.83522,0.006804764,58.128605,68.51903,252.13539,336.07312,11.0,4.0,0
4394.779,503.0,57.325977,0.21701495,31.450142,70.762924,218.29779,231.76834,4.0,6.0,1
70.82578,200.0,72.31982,0.006372175,53.960037,90.96063,107.158554,348.55255,0.0,1.0,0
146.14395,200.0,109.18166,0.010714841,28.57252,53.054382,194.64293,158.04567,14.0,5.0,0
240.2535,200.0,161.63702,0.015468292,37.202656,27.342333,368.08902,123.19457,18.0,6.0,0
280.95087,200.0,133.45503,0.0052268044,68.07344,46.393166,368.90143,237.25795,1.0,4.0,0
312.13263,200.0,61.56145,0.0075404397,55.931847,70.5208,315.81403,154.83969,1.0,2.0,0
704.0114,200.0,148.83319,0.048322726,99.25075,96.656906,275.93008,181.4104,12.0,4.0,1
135.4677,302.0,131.62106,0.0025293252,49.555534,35.185112,297.78238,124.982124,13.0,5.0,0
166.07,200.0,92.13729,0.0034640557,22.652687,59.423115,287.61484,150.383,0.0,5.0,0
154.83434,200.0,84.3165,0.015354546,20.089994,59.825165,178.75143,173.33548,9.0,1.0,0
220.9058,200.0,94.69092,0.011058607,49.80361,36.368813,351.8909,254.97057,13.0,4.0,0
226.35683,200.0,159.2298,0.01590223,35.22026,65.46412,221.17912,167.56062,11.0,4.0,0
79.09894,200.0,125.13907,0.02293961,45.210083,72.23169,319.87888,203.0438,7.0,1.0,0
300.19025,200.0,88.794426,0.0050199637,57.3262,43.997314,219.8761,246.62555,19.0,3.0,0
156.38904,200.0,151.38708,0.010434298,37.31679,41.2727,238.76501,152.47478,4.0,6.0,0
140.43312,200.0,95.411476,0.004154036,24.561672,35.650864,161.05583,226.91835,20.0,0.0,0
193.69344,200.0,127.211494,0.0065552006,0.0,25.308601,211.25433,124.418015,3.0,5.0,0
233.83952,400.0,158.55959,0.0016384375,45.485252,67.36284,254.49332,269.29483,13.0,4.0,0
244.27617,302.0,82.28719,0.0016028135,82.3514,84.67857,373.8312,117.932846,9.0,5.0,0
285.41797,404.0,55.16215,0.010593339,53.498196,15.875604,193.32375,97.656906,12.0,3.0,0
132.50531,200.0,61.009644,0.0040121237,48.981773,51.64516,153.12976,117.10259,21.0,4.0,0
129.589,200.0,102.743195,0.00069337734,38.681446,72.57527,298.48425,175.10089,22.0,3.0,0
131.54608,200.0,90.51761,0.0063373568,66.76382,39.168694,354.49316,198.62938,16.0,2.0,0
232.68736,200.0,137.58434,0.014126893,41.47321,89.094475,180.0776,127.4391,2.0,1.0,0
123.32374,200.0,94.009026,0.0012177457,16.721579,25.63901,230.01662,166.30104,8.0,6.0,0
223.51874,200.0,122.70508,0.0011494749,23.880533,35.54288,163.70425,303.96008,15.0,0.0,0
242.56334,404.0,117.212265,0.0044936747,49.30676,69.34667,189.81546,63.360977,19.0,5.0,0
262.86237,200.0,104.202354,0.007861003,30.1392,10.535175,256.76624,55.004486,11.0,2.0,0
143.53682,200.0,112.593025,0.04441888,68.01298,58.54855,148.0625,253.09567,21.0,0.0,0
207.22154,301.0,104.98021,0.000824103,39.09077,22.561626,482.44513,136.26479,20.0,4.0,0
148.3597,200.0,161.93483,0.012433434,26.149023,56.36495,298.9779,202.60283,13.0,5.0,0
3400.26,500.0,92.47564,0.2945084,54.085175,72.34216,263.16525,184.7216,21.0,5.0,1
143.84906,200.0,76.385605,0.0010137018,47.373516,50.36716,258.19537,177.61938,10.0,5.0,0
285.9602,200.0,124.37784,0.014420397,50.07496,44.357338,196.95255,123.0533,10.0,5.0,0
154.88635,200.0,81.650276,0.0011503525,30.6675,59.126884,278.6644,243.62137,3.0,5.0,0
435.70862,200.0,160.16779,0.0026873678,43.581352,41.128166,406.40906,211.05946,23.0,1.0,0
163.65096,200.0,170.41107,0.020625833,48.8908,37.20591,174.77116,68.42214,14.0,3.0,0
344.40015,200.0,64.24009,0.00095191173,17.482706,68.28239,325.83954,232.30492,22.0,3.0,0
144.81306,200.0,158.94481,0.0030745885,22.08015,61.963764,103.8888,245.57971,23.0,0.0,0
158.77527,200.0,70.0854,0.0043563684,23.96515,27.008396,226.9729,72.16518,4.0,2.0,0
138.94164,204.0,101.784546,0.0043145837,30.043772,61.29475,333.75726,111.57789,21.0,5.0,0
240.09486,200.0,83.48095,0.0023165336,46.345882,43.25127,149.86223,202.59537,3.0,3.0,0
167.0307,200.0,90.25785,0.0040409784,11.185305,57.767803,225.4786,173.28816,9.0,5.0,0
213.98541,200.0,125.0996,0.0042272657,40.621117,84.29209,271.82053,249.67691,5.0,4.0,0
154.67865,200.0,120.58551,0.0063880677,6.197349,35.477123,300.69824,248.19257,14.0,0.0,0
180.89906,204.0,81.79113,0.0078414045,35.483696,53.47661,148.20247,131.26247,1.0,6.0,0
188.60365,200.0,126.363174,0.024866188,29.521208,60.5281,449.4376,68.58064,23.0,5.0,0
61.076042,200.0,105.49456,0.003913154,46.858864,65.68977,339.25073,235.9257,13.0,1.0,0
159.61852,200.0,92.38642,0.0004199829,26.130575,47.004368,50.499187,104.44703,20.0,6.0,0
137.52785,200.0,115.09359,0.028781155,43.903168,45.015152,187.47908,154.34717,22.0,4.0,0
391.4617,200.0,114.21761,0.022496203,94.1989,93.0067,494.97287,337.19748,10.0,4.0,1
81.19099,302.0,74.27582,0.03495391,44.86798,43.7413,181.9238,217.01215,8.0,2.0,0
199.4111,200.0,106.70113,0.01051307,23.742805,65.58236,387.44162,0.0,10.0,1.0,0
274.0402,200.0,106.486046,0.0035480373,32.588825,55.798462,233.27852,147.68199,20.0,2.0,0
144.35654,404.0,133.39044,0.011291651,40.72634,12.606749,213.45631,36.317005,17.0,3.0,0
353.9635,200.0,118.24728,0.0024526762,48.922096,52.726257,314.00848,0.0,13.0,3.0,0
61.878654,200.0,92.10831,0.03647676,37.09527,48.641655,177.49142,223.88829,23.0,5.0,0
88.011826,200.0,135.75784,0.0013400248,31.050533,42.350216,374.21136,272.0159,15.0,1.0,0
120.950195,200.0,94.09707,0.008507552,16.138353,65.91764,224.30583,81.240616,19.0,0.0,0
82.48962,201.0,17.757488,0.019252324,31.7974,46.497665,363.55222,200.22086,14.0,1.0,0
168.55823,200.0,84.33398,0.020207848,38.268013,27.457481,309.69467,75.36831,5.0,3.0,0
225.45694,200.0,62.38073,0.0029227617,44.112278,28.721008,299.46173,139.00136,12.0,3.0,0
141.29578,200.0,107.29962,0.025272839,28.979757,72.37505,335.51187,141.16805,19.0,3.0,0
157.17134,200.0,100.82029,0.021553958,37.42675,46.591255,249.30298,175.23296,23.0,5.0,0
225.32341,200.0,113.315834,0.0057745366,29.61935,52.4849,443.0539,116.52303,22.0,4.0,0
83.964325,200.0,116.06913,0.0005848576,43.400578,49.515274,408.9811,120.31399,20.0,0.0,0
228.8976,200.0,21.144365,0.010501527,35.51994,52.038242,264.39508,247.11517,7.0,2.0,0
124.795616,200.0,49.41179,0.006240423,64.97053,67.0013,288.13492,252.01439,8.0,2.0,0
199.33644,201.0,63.958786,0.0025345334,31.98475,36.574932,279.83026,293.41455,12.0,2.0,0
125.97764,200.0,103.53872,0.0013086579,61.507023,48.186535,318.2427,69.210396,13.0,0.0,0
390.26364,200.0,104.45806,0.010895714,56.522465,11.533155,189.59258,145.59529,18.0,4.0,0
315.2745,200.0,102.14236,0.019014122,25.75102,42.730797,240.69418,56.610893,23.0,6.0,0
30.540236,200.0,90.520645,0.0022680538,44.03228,51.947773,291.88937,152.78398,7.0,0.0,0
65.07173,200.0,139.54184,0.013020005,41.38165,49.295177,160.81921,93.1611,11.0,1.0,0
357.55502,200.0,36.916332,0.006022543,55.904697,40.60876,287.43665,84.59472,20.0,2.0,0
205.52534,201.0,117.282845,0.0013171195,51.14039,44.534737,192.54047,164.51218,19.0,2.0,0
133.89607,200.0,114.96503,0.0045137485,63.00698,43.731007,92.22313,294.55466,16.0,3.0,0
40.35902,200.0,23.969913,0.0004366681,31.46781,46.63121,132.94891,143.68834,4.0,0.0,0
396.3096,400.0,100.38951,0.00057117053,14.367418,85.988815,189.78386,84.693665,14.0,3.0,0
88.28939,200.0,114.53055,0.0024911354,58.23871,31.680376,308.74164,292.04257,16.0,3.0,0
152.60516,201.0,118.41043,0.015507427,31.061632,72.19501,310.09537,68.32969,4.0,6.0,0
227.7975,302.0,60.966747,0.0018953757,30.92412,55.579826,182.11975,147.77216,5.0,3.0,0
70.945274,200.0,103.34075,0.00589716,36.2784,59.485687,192.24078,39.557537,22.0,1.0,0
468.2116,200.0,80.89769,0.0044570146,32.566624,45.446507,204.86494,150.70998,23.0,4.0,0
429.68655,200.0,104.01839,0.041020457,81.45527,90.37886,281.60764,305.82263,23.0,5.0,1
497.75742,200.0,92.44008,0.049356025,90.66639,89.844406,346.25354,249.72125,2.0,5.0,1
122.00706,200.0,101.64333,0.029732393,39.624508,57.871178,322.93442,107.99238,18.0,2.0,0
143.8736,200.0,136.16035,0.0021140573,43.730488,26.784176,268.64325,165.6217,15.0,0.0,0
262.48523,201.0,116.72413,0.0071484745,37.911686,57.551064,49.345436,110.42743,4.0,0.0,0
226.62296,200.0,0.0,0.0053126393,35.31888,58.69432,25.54499,179.9827,2.0,2.0,0
323.06152,200.0,100.63263,0.005828255,49.50087,8.9342985,255.32373,107.5945,18.0,0.0,0
119.91309,200.0,128.26305,0.0034339374,29.486,42.582676,44.835506,114.15378,5.0,1.0,0
360.9204,200.0,119.76483,0.004120933,33.889694,52.326084,204.6746,215.1112,15.0,2.0,0
122.754364,200.0,61.969696,0.0027943344,39.72601,67.10548,0.0,160.4769,9.0,0.0,0
83.43456,200.0,89.193344,0.016398393,0.0,57.065475,316.4498,45.874233,5.0,2.0,0
68.820946,200.0,82.00677,0.0291562,23.863346,50.39781,255.93777,244.08798,22.0,6.0,0
97.00647,200.0,90.71953,0.0027196084,37.06007,37.24139,362.79843,56.22499,3.0,5.0,0
359.10944,200.0,134.48254,0.0026503445,49.74229,42.44714,358.05594,182.99576,18.0,2.0,0
136.15962,301.0,114.867584,0.023309926,42.44181,71.203865,286.28598,135.25438,10.0,1.0,0
374.7851,301.0,71.79797,0.0077137207,69.03934,57.406,191.18427,105.3569,4.0,1.0,0
137.73593,201.0,118.27479,0.0015219921,49.702824,42.328312,196.32188,120.74229,12.0,2.0,0
253.48361,200.0,91.52961,0.004207119,32.654896,44.921513,229.53763,89.26707,20.0,2.0,0
122.64456,404.0,120.44981,0.00214503,27.54382,52.548145,345.98065,199.78564,21.0,5.0,0
112.636314,200.0,73.997635,0.00045525024,44.495247,45.013042,379.0164,148.41647,10.0,0.0,0
76.420166,200.0,90.46992,0.00038282317,56.67363,46.29445,147.68729,189.40627,5.0,1.0,0
359.78574,200.0,60.195187,0.008653253,48.186497,35.769135,286.3764,126.14478,10.0,1.0,0
90.48822,200.0,70.09377,0.014293982,44.32121,51.859394,160.58267,157.77008,0.0,0.0,0
188.01608,201.0,112.62397,0.0074208486,22.277153,28.70195,84.84534,91.627914,20.0,4.0,0
415.89938,200.0,90.90203,0.0043404032,52.228504,51.573673,414.75415,86.352264,0.0,3.0,0
141.22377,302.0,98.56741,0.0017582586,33.146378,44.320084,178.97437,240.91414,6.0,2.0,0
519.76526,200.0,126.01573,0.0061986977,20.608858,46.71794,196.08226,153.29018,3.0,5.0,0
169.67534,200.0,120.0218,0.00094346324,50.659336,45.810226,221.93106,72.498024,18.0,2.0,0
282.33105,200.0,57.8531,0.0040992512,53.704693,58.35442,244.45023,204.26793,2.0,4.0,0
79.05582,200.0,123.53139,0.008601586,64.04159,48.044872,234.6457,256.4484,16.0,3.0,0
1477.9902,200.0,114.36486,0.0634673,62.42724,76.29082,9599.725,9566.634,2.0,5.0,1
122.174904,200.0,77.75437,0.00088638073,51.84377,42.805756,98.04879,221.68651,4.0,3.0,0
119.78627,200.0,99.13013,0.0087149525,50.40866,41.0939,188.68672,128.68768,20.0,4.0,0
283.72787,200.0,113.596085,0.0022727926,60.743042,44.795715,214.75456,53.38695,18.0,1.0,0
131.82033,200.0,175.57999,0.0022904505,26.565838,25.703787,119.748886,180.47272,22.0,0.0,0
227.4556,200.0,94.89139,0.02398575,60.29777,50.040257,332.3412,220.81474,5.0,1.0,0
149.27701,200.0,99.1017,0.007628833,28.219673,37.705944,274.525,135.55118,23.0,3.0,0
156.97986,200.0,93.10853,0.020505914,33.19757,55.793114,306.83447,211.52776,0.0,6.0,0
258.02475,200.0,75.51591,0.028721219,53.285378,56.628178,117.62078,110.316315,11.0,4.0,0
180.936,204.0,90.636086,0.008133784,52.52508,55.554413,425.3726,165.34404,5.0,3.0,0
319.449,200.0,82.87179,0.0007289078,42.157337,34.497707,288.76083,74.84418,21.0,3.0,0
329.14246,200.0,123.91787,0.010984133,37.97027,64.24419,143.70981,304.15347,8.0,0.0,0
197.9559,200.0,83.762215,0.0029318987,61.3553,35.65551,358.51514,156.21199,10.0,4.0,0
190.08401,200.0,97.768326,0.0066000526,41.476795,49.78119,308.498,136.74973,15.0,3.0,0
230.17403,200.0,118.601555,0.005279782,18.567814,47.408302,465.9433,260.8771,16.0,0.0,0
168.73541,500.0,66.90806,0.016502097,61.399326,80.53164,315.12323,58.04918,1.0,5.0,0
143.92714,200.0,73.06144,0.011253282,24.61961,32.96062,251.18651,129.99384,7.0,4.0,0
94.67368,200.0,100.357834,0.002696331,23.55292,74.51708,139.88493,232.88318,13.0,3.0,0
237.61452,200.0,54.46314,0.018615372,28.089373,29.988686,133.53351,42.31667,1.0,2.0,0
256.1709,200.0,156.6418,0.04009915,29.365732,45.204037,84.40411,133.34738,3.0,0.0,0
135.2204,200.0,133.31741,0.0014112003,42.7774,42.20193,267.39243,108.95293,5.0,6.0,0
103.987206,200.0,64.653564,0.0014059142,30.479744,49.388054,359.62506,114.00358,15.0,4.0,0
192.0177,200.0,62.89371,0.006963993,21.524878,71.02412,248.4646,102.25089,4.0,3.0,0
46.535896,200.0,103.95151,0.0077698897,37.469467,52.25004,414.08832,219.6207,20.0,5.0,0
166.11282,200.0,117.658356,0.01620818,35.29867,21.360891,86.47355,21.53939,7.0,0.0,0
258.42633,200.0,85.79423,0.013200924,30.35427,68.79683,190.05681,218.70705,2.0,5.0,0
47.580288,200.0,79.28737,0.0034219096,45.107372,24.203526,355.09357,125.98074,0.0,0.0,0
111.597206,200.0,29.818981,0.0052824933,47.01709,69.05472,171.6773,133.22801,4.0,6.0,0
309.68405,200.0,89.90771,0.0013608498,25.350529,53.315823,405.54373,156.19362,1.0,0.0,0
105.522354,200.0,76.73069,0.015044931,43.55194,73.272545,0.0,48.32973,23.0,5.0,0
343.46896,200.0,34.411648,0.0024081334,50.31543,52.079628,278.6887,148.52522,15.0,0.0,0
220.17009,200.0,87.74687,0.023190625,55.283222,51.059814,499.08054,63.43823,12.0,4.0,0
438.65112,200.0,99.84432,0.0044628787,55.507008,49.37172,157.01018,63.452038,17.0,1.0,0
148.49779,200.0,132.89642,0.0074988855,38.68931,44.232994,243.57617,17.036938,23.0,2.0,0
102.231964,200.0,84.11063,0.003557788,25.761316,67.2156,376.6738,82.74189,11.0,6.0,0
8982.404,503.0,70.826385,0.114538416,93.94306,94.69383,7014.5835,9859.119,15.0,3.0,1
207.58789,200.0,134.7761,0.014247569,36.633778,44.162136,189.55182,272.3106,21.0,5.0,0
206.07166,200.0,123.71261,0.020118115,24.93886,49.799915,98.55577,77.19095,7.0,1.0,0
159.62575,200.0,155.73178,0.018557878,50.462097,32.058643,246.45398,178.03041,21.0,1.0,0
6810.924,503.0,110.234245,0.11126196,83.26249,91.13083,9752.215,6904.681,9.0,3.0,1
210.16354,200.0,44.36172,0.0050184606,31.905886,32.733116,308.71875,8.482107,22.0,3.0,0
3427.2078,503.0,148.52008,0.26845545,93.30491,96.240204,7244.7607,7744.478,19.0,6.0,1
334.6244,200.0,123.010925,0.001269304,32.21424,70.6983,200.8074,120.64748,13.0,2.0,0
195.98322,200.0,124.19632,0.010123965,36.929623,65.71299,261.91757,175.50136,2.0,6.0,0
238.64883,200.0,98.02959,0.0109236175,36.796757,33.88921,359.56033,230.73337,10.0,3.0,0
114.51118,200.0,98.39363,0.008965421,39.84275,35.24012,332.29788,95.45424,1.0,1.0,0
111.67474,200.0,60.94928,0.005808432,17.226944,47.075027,134.9558,202.6984,14.0,2.0,0
79.07239,200.0,147.09158,0.0027676497,41.48108,46.395607,262.02087,33.595825,5.0,0.0,0
229.38232,404.0,62.12285,0.008791164,34.542744,19.853436,146.53407,196.8098,9.0,1.0,0
313.74362,200.0,123.63412,0.000144099,17.969204,79.973366,294.86246,73.89868,8.0,1.0,0
246.02968,200.0,111.045494,0.0008788368,45.34093,46.455956,343.03897,160.1903,21.0,5.0,0
162.38979,400.0,125.54233,0.009728255,61.18011,57.006638,124.812325,32.697304,5.0,0.0,0
175.64534,200.0,102.16804,0.0039645415,40.127308,60.72864,262.31934,26.352928,14.0,6.0,0
273.07324,200.0,75.31542,0.009276428,55.12243,42.1215,344.56906,374.72543,18.0,4.0,0
289.5924,200.0,75.24088,0.034140963,66.766754,55.165028,295.2565,214.90083,18.0,5.0,0
103.95616,200.0,102.82106,0.0025766208,32.573593,62.120106,470.29938,82.117744,3.0,3.0,0
300.05557,200.0,99.39757,2.8111519e-05,26.141363,32.995304,137.11432,203.93982,5.0,4.0,0
106.35385,200.0,69.41916,0.0423927,33.528473,61.530174,203.67651,140.66524,20.0,6.0,0
7088.2266,504.0,123.57892,0.11259439,71.54462,86.34276,8467.102,8855.962,3.0,5.0,1
99.8061,200.0,93.63961,0.009607258,52.056892,77.57456,117.70084,37.08925,1.0,1.0,0
171.31895,200.0,94.75097,0.004310925,23.006348,48.23134,65.988464,105.72128,14.0,3.0,0
4024.401,500.0,141.24821,0.24391499,35.569897,45.053967,242.09789,163.69133,0.0,6.0,1
236.64772,200.0,96.46812,0.007862784,49.982166,50.971832,250.91855,0.0,21.0,6.0,0
210.03566,200.0,53.408894,0.003934384,49.29289,53.89568,207.04285,107.88964,23.0,1.0,0
412.7944,200.0,102.44342,0.0037923937,21.637165,57.91917,220.3367,155.08496,14.0,2.0,0
161.534,200.0,73.71263,0.0009993657,44.328354,66.432045,259.20383,167.12772,3.0,4.0,0
77.07677,200.0,94.3064,0.0018491294,38.251186,29.53756,252.54718,91.59165,11.0,6.0,0
240.2407,200.0,127.44431,0.019535279,44.18312,41.513134,230.83066,252.94476,19.0,1.0,0
156.37332,200.0,99.8241,0.017832277,43.79094,40.1888,80.482635,238.39162,5.0,6.0,0
321.4165,200.0,89.14563,0.004723834,31.188791,40.10721,324.7845,47.599266,11.0,4.0,0
187.72023,204.0,52.732697,0.0032662433,25.373661,57.665775,316.76157,210.19316,2.0,6.0,0
122.66318,201.0,151.33902,0.0019102679,45.22948,72.709366,370.0953,201.77637,4.0,4.0,0
440.6271,200.0,29.718056,0.011592898,40.858734,38.702312,52.267048,146.34422,2.0,0.0,0
366.82306,200.0,126.44969,0.0080633145,27.914417,53.41786,264.04874,263.73914,6.0,1.0,0
268.14215,200.0,96.15664,0.00648208,52.15763,46.006157,0.0,189.62163,22.0,6.0,0
172.71715,200.0,38.21937,0.0006749516,32.448433,42.38339,336.28186,163.35115,2.0,3.0,0
129.94832,200.0,138.07137,0.011145018,47.88476,54.50441,315.0804,52.625687,18.0,0.0,0
200.27112,200.0,121.7087,0.010659126,50.47506,75.47117,311.18304,151.67906,10.0,2.0,0
70.605,204.0,108.38247,0.011347195,71.70425,53.217358,316.5055,181.00749,0.0,0.0,0
273.94427,200.0,121.03175,0.01426481,38.76529,42.93839,242.94377,288.15552,19.0,3.0,0
243.05675,200.0,64.740425,0.003270824,47.603302,15.701624,341.76746,68.96539,18.0,1.0,0
94.724434,200.0,46.15925,0.010373132,30.241781,58.718155,255.18944,216.92159,8.0,4.0,0
123.92168,200.0,90.58729,0.0024667415,0.7315804,29.172365,354.48184,214.23094,14.0,5.0,0
121.62942,200.0,188.079,0.02016829,14.7240305,52.00316,71.40497,178.1626,15.0,1.0,0
267.47607,200.0,96.90113,0.005588081,20.317556,18.82161,334.1536,244.08234,5.0,0.0,0
231.34975,200.0,101.00211,0.005512213,69.06502,72.13724,370.3645,246.83032,19.0,2.0,0
92.84984,200.0,150.14835,0.014504948,41.36311,61.008858,403.34418,219.05208,7.0,1.0,0
109.831085,200.0,121.33658,0.00053723395,48.48318,44.65979,140.97958,208.69986,20.0,4.0,0
125.17311,200.0,95.246895,0.004274782,27.433075,48.37,307.0005,216.4096,16.0,3.0,0
227.90262,200.0,5.22736,0.004913873,38.170143,47.309776,475.9604,201.34592,3.0,6.0,0
114.22327,302.0,83.48521,0.004333812,19.84281,72.929214,250.62862,26.560959,10.0,4.0,0
122.4299,200.0,121.89764,0.0036753328,55.913097,38.28189,317.63052,160.3488,13.0,2.0,0
293.5951,200.0,86.471085,0.0038365189,22.846523,89.639244,265.26828,291.896,2.0,5.0,0
290.49545,200.0,100.87405,0.004146805,39.90621,70.150856,223.05629,188.54633,10.0,2.0,0
114.14098,200.0,61.853794,0.004930145,35.931,55.93977,308.7646,198.7296,5.0,6.0,0
298.45905,200.0,127.66114,0.0039019939,23.739529,67.82921,160.52144,222.5012,22.0,0.0,0
279.63773,200.0,53.141003,0.0048546954,48.490417,18.202368,278.0681,220.82774,17.0,2.0,0
146.93523,201.0,151.50288,0.005635839,22.02423,78.79251,315.424,169.95111,20.0,2.0,0
426.42477,200.0,104.73242,0.011352472,54.869144,25.401464,233.17244,272.66,0.0,2.0,0
157.51167,200.0,81.76473,0.018479606,35.962986,67.63321,199.1862,160.66971,1.0,4.0,0
248.15459,200.0,138.41556,0.010900742,44.07898,42.147144,270.1931,156.04358,18.0,4.0,0
138.52118,200.0,118.34752,0.006259251,52.642357,41.29514,241.73648,0.0,2.0,0.0,0
215.06287,201.0,77.859474,0.014161111,41.426407,17.066725,194.56438,150.90282,10.0,4.0,0
88.546196,200.0,122.32666,0.0019943651,47.203194,29.615728,436.11624,33.849823,21.0,4.0,0
133.05887,200.0,61.092045,0.003722565,22.568192,49.869118,276.36703,170.32137,7.0,5.0,0
252.2139,200.0,57.3675,0.005534753,30.454636,23.84382,143.05144,80.70455,23.0,6.0,0
186.72568,500.0,105.578835,0.01706489,23.817553,47.42049,249.4518,137.05492,10.0,1.0,0
246.45802,400.0,147.16379,0.002925525,18.978344,65.08775,159.28546,61.90654,5.0,4.0,0
234.91296,200.0,90.41469,0.0025960503,49.219353,94.17925,401.39548,58.32495,11.0,1.0,0
484.57587,200.0,99.69169,0.026354847,62.475716,61.464855,212.941,0.0,18.0,0.0,0
133.62372,200.0,68.29963,0.0091727795,16.32561,54.432903,301.6422,76.55756,18.0,5.0,0
233.48123,200.0,104.49007,0.0023401773,35.10315,25.681837,363.35065,112.1472,17.0,6.0,0
156.74435,200.0,92.927055,0.0051469277,56.433426,19.205412,163.5297,221.6663,7.0,1.0,0
159.12941,400.0,73.4158,0.0036836423,17.380932,78.40856,276.54373,111.70141,12.0,2.0,0
137.89406,200.0,63.082348,0.0075678197,42.189293,45.60632,282.03442,169.9373,5.0,5.0,0
164.61816,200.0,44.278393,0.0029500353,46.79977,39.808216,310.00488,91.55107,16.0,1.0,0
223.54713,200.0,121.56254,0.03152849,57.092823,67.49711,278.97684,90.702995,17.0,1.0,0
157.55652,302.0,120.22898,0.0038229513,20.759506,46.051178,289.22955,150.13852,11.0,6.0,0
142.39388,200.0,141.90906,0.0044518937,0.0,35.837402,343.85593,61.968468,12.0,6.0,0
80.21688,200.0,70.1169,0.024813,46.458214,73.51863,364.64154,50.643555,16.0,3.0,0
124.44671,200.0,63.752457,0.0070374175,42.748905,19.980938,229.77925,170.32089,6.0,4.0,0
145.84535,200.0,32.1157,0.0007973277,52.14295,49.732605,347.14948,47.967014,1.0,3.0,0
141.47946,200.0,70.04904,0.0018483965,32.554237,35.610676,307.3836,13.911532,16.0,2.0,0
142.93929,200.0,100.616806,0.021775346,58.19268,74.762146,220.99055,84.59099,4.0,6.0,0
198.22745,200.0,154.54318,0.0048530092,46.163517,63.912693,186.87622,100.236046,5.0,0.0,0
3652.2715,502.0,84.05018,0.17142357,43.591522,66.20672,382.22897,252.09805,7.0,4.0,1
353.0344,200.0,115.91787,0.023873799,50.609577,78.03154,181.49371,168.55727,14.0,3.0,0
191.56372,201.0,130.35258,0.019507814,44.71909,57.620586,243.73923,106.85802,15.0,1.0,0
139.42717,200.0,55.330376,0.0036485903,19.47334,82.77915,107.97508,170.0318,11.0,2.0,0
243.6605,200.0,64.09619,0.00918522,39.469627,71.64829,175.62585,100.90592,6.0,2.0,0
103.372406,200.0,136.97908,0.008962047,40.002373,39.84973,518.3428,227.93867,0.0,6.0,0
367.1454,400.0,46.80284,0.0028917566,50.774902,50.113544,126.61764,221.30818,20.0,0.0,0
157.06258,301.0,122.38174,0.0022241748,30.878988,39.9494,373.80475,1.6211377,3.0,2.0,0
555.1382,200.0,126.74994,0.017006682,97.59092,90.11803,478.19962,230.16316,19.0,5.0,1
120.35747,200.0,89.56584,0.0032195826,56.490616,55.76054,377.33102,193.94392,2.0,5.0,0
76.42089,200.0,42.068153,0.010750326,49.036655,41.427456,91.76995,192.85045,8.0,1.0,0
330.70175,200.0,39.21037,0.004806186,34.084602,56.37579,261.1535,225.83348,5.0,5.0,0
169.89194,200.0,122.51537,0.009081115,56.271484,60.646545,324.45523,268.0798,5.0,1.0,0
182.69771,200.0,95.66196,0.0010767251,54.42279,63.225426,72.49303,241.6492,19.0,1.0,0
173.06227,200.0,93.74887,7.3603182e-06,54.9942,68.976654,118.63773,105.20063,19.0,6.0,0
233.72081,200.0,60.964478,0.024528941,49.50709,57.753777,392.06647,65.90396,6.0,6.0,0
131.24973,301.0,79.71216,0.0040257615,13.172361,53.469612,233.94615,87.61874,22.0,3.0,0
140.77284,200.0,116.47651,0.013205106,28.426638,75.92059,421.6814,154.86102,3.0,5.0,0
360.50146,200.0,86.935776,0.011321355,65.369675,54.887234,338.4039,177.37228,2.0,3.0,0
260.15533,400.0,127.51497,0.0029415675,44.220207,58.995724,262.57376,132.64076,23.0,6.0,0
140.33842,302.0,92.5427,0.0074049085,1.7970151,46.76899,29.327902,108.25314,1.0,2.0,0
93.347015,200.0,139.51268,0.0055692694,51.898865,28.494461,322.46762,182.75452,4.0,0.0,0
199.33301,200.0,124.22983,0.01581891,42.27603,74.31238,328.96594,187.51515,2.0,1.0,0
355.0591,200.0,96.07709,0.0018428214,34.27923,54.08573,222.42384,22.844864,13.0,1.0,0
198.5588,200.0,124.12404,0.0054043923,35.73696,52.528477,287.2067,82.97616,12.0,6.0,0
189.28325,301.0,118.59748,0.022550317,27.899048,37.720665,180.20128,225.52698,0.0,0.0,0
365.92767,200.0,63.146236,0.008873114,25.30907,63.295963,231.84117,151.26237,19.0,3.0,0
59.912926,200.0,105.81578,0.015497679,60.39133,21.198778,336.9124,167.4799,23.0,0.0,0
176.16449,200.0,75.028114,0.0022305064,48.331036,42.65348,317.17322,70.1796,23.0,5.0,0
6980.738,500.0,85.45361,0.2904343,65.87687,77.4105,216.17682,179.82965,1.0,0.0,1
125.17083,200.0,94.35347,0.009504118,40.370384,57.629093,264.64398,246.56808,4.0,6.0,0
309.59555,204.0,95.14532,0.021531416,34.980457,51.164352,290.99036,149.33717,20.0,2.0,0
269.31882,200.0,96.19041,0.0036654617,34.107403,63.550884,141.63045,129.02155,0.0,1.0,0
220.7542,200.0,85.54267,0.037426647,49.21895,65.899445,419.87552,55.722458,12.0,2.0,0
8811.246,500.0,141.65869,0.2975105,36.474495,43.57471,382.06216,285.5958,3.0,1.0,1
290.76544,200.0,145.13155,0.030348863,29.539068,36.32671,285.06174,176.56836,17.0,5.0,0
176.94319,200.0,128.86653,0.0036215507,47.987984,52.685574,246.86337,0.0,11.0,6.0,0
223.66675,200.0,108.47661,0.00823783,26.216925,38.383396,291.33313,0.0,14.0,6.0,0
143.56604,200.0,149.15538,0.020898849,28.347145,66.57082,400.6342,137.4969,4.0,6.0,0
140.08577,200.0,151.93591,0.0017307424,25.125448,33.301617,105.392944,225.33725,22.0,2.0,0
199.05972,200.0,102.80161,0.008140214,45.704582,37.119633,344.89868,69.10509,0.0,6.0,0
144.70485,200.0,124.1764,0.0070153284,9.072914,36.180557,234.07573,145.45587,9.0,3.0,0
188.69467,200.0,80.51284,0.009414459,56.836506,59.115,218.5353,1.4145734,10.0,0.0,0
493.5364,200.0,100.41348,0.01390956,40.444675,48.978416,308.18884,59.8406,6.0,1.0,0
144.50613,200.0,104.381676,0.006396383,57.92567,33.166626,176.43698,211.17766,8.0,4.0,0
192.43631,200.0,106.960495,0.012089491,77.61608,17.957882,285.2533,168.27785,0.0,2.0,0
46.93553,200.0,116.10616,0.0114525175,37.462677,33.159508,201.32474,83.66665,3.0,1.0,0
114.87252,200.0,72.95226,0.009886599,56.240818,63.538216,69.00271,242.9739,0.0,5.0,0
72.562386,200.0,132.18181,0.013396465,12.010531,57.14479,242.57922,312.93234,5.0,1.0,0
6531.794,503.0,131.81204,0.27158034,92.25437,80.81957,7379.0693,7074.792,13.0,4.0,1
196.92134,200.0,103.20066,0.011669349,53.803608,26.520576,221.0615,119.62191,9.0,0.0,0
360.6297,200.0,104.222275,0.0021924921,31.093761,25.605862,346.65668,178.73286,2.0,1.0,0
95.904465,302.0,97.27804,0.003077206,40.365437,47.479355,323.0716,135.97423,9.0,1.0,0
67.23229,200.0,165.65744,0.0036498331,46.467587,29.161606,181.45184,102.60382,16.0,6.0,0
291.80048,200.0,102.03014,0.016849512,42.327972,51.845173,346.47247,54.175755,12.0,3.0,0
292.57806,200.0,102.43684,0.0031450323,35.168842,50.55632,340.39096,52.259174,5.0,5.0,0
499.19235,200.0,121.679695,0.040986046,94.50987,98.54455,480.31274,268.54596,8.0,1.0,1
308.13162,200.0,94.294304,0.008486664,10.257779,50.875618,133.62952,276.89288,18.0,5.0,0
68.029564,200.0,111.295746,0.024874281,15.710385,46.684807,190.78578,183.80959,13.0,1.0,0
222.75655,200.0,131.31985,0.0077127535,43.627087,17.316654,224.83305,116.00336,5.0,1.0,0
71.01019,200.0,64.00372,0.0010814738,16.239246,83.69168,123.51729,155.27281,8.0,5.0,0
151.06584,200.0,113.73499,0.008895173,24.637003,38.666626,212.06114,82.62279,5.0,2.0,0
277.49365,200.0,122.594696,0.011609106,16.571493,38.310223,334.3717,64.264565,7.0,2.0,0
305.0317,200.0,76.92058,0.00900977,31.61262,61.693195,370.68472,140.54636,6.0,4.0,0
173.00508,200.0,48.66388,0.00037446016,74.647675,61.473858,282.04327,189.16576,13.0,5.0,0
7802.786,502.0,111.80017,0.26705757,65.4631,42.420246,266.44916,135.28203,1.0,4.0,1
207.40358,200.0,121.739685,0.008751875,35.953236,36.91736,367.4628,153.73138,16.0,6.0,0
234.86429,200.0,66.89786,0.035464205,41.36314,33.6543,129.33847,200.79944,8.0,3.0,0
317.0913,200.0,157.34944,0.025346858,62.19825,37.508724,314.61832,46.211277,19.0,1.0,0
188.05583,200.0,128.86249,0.0023124248,61.83735,80.04135,90.49007,174.29816,13.0,3.0,0
117.8838,200.0,60.331394,0.0051299953,47.07196,51.36856,264.90802,291.92743,10.0,2.0,0
8363.188,504.0,132.94255,0.20868783,49.418537,49.720673,385.0775,191.19508,17.0,2.0,1
182.10623,400.0,84.699066,0.0035129902,28.633158,35.63325,202.00598,217.2981,2.0,2.0,0
143.02054,200.0,129.55867,0.0146725075,59.401447,69.59913,254.9984,97.98203,19.0,1.0,0
273.07733,200.0,87.44905,0.0051750387,34.98414,59.727207,311.7571,126.17477,21.0,0.0,0
244.83163,200.0,122.24122,0.012068132,40.253708,48.34609,52.584454,193.23236,5.0,6.0,0
89.71531,200.0,69.74531,0.008795913,47.093853,47.32863,273.97357,140.53772,3.0,5.0,0
7599.848,500.0,142.99983,0.20044431,66.6333,46.855698,290.20535,112.10985,6.0,6.0,1
9764.125,500.0,139.76413,0.2653089,31.342827,41.7018,238.98343,253.2389,2.0,5.0,1
5322.589,502.0,98.8368,0.26375008,32.814182,51.748196,306.70285,141.08769,5.0,0.0,1
107.061646,201.0,116.54554,0.02074174,56.946568,33.306046,308.91968,264.5098,3.0,5.0,0
79.36526,200.0,123.67172,0.009797398,47.109695,40.681576,183.81628,58.503407,6.0,1.0,0
113.20284,200.0,110.5881,0.0053984965,8.194532,32.656372,167.10884,14.9398,2.0,0.0,0
195.38219,200.0,135.07033,0.0014021646,44.703075,47.513416,110.86084,151.82582,6.0,4.0,0
143.69104,200.0,86.39038,0.0018721598,58.10755,64.09228,243.80548,134.60866,21.0,6.0,0
113.4558,200.0,86.91884,0.0030240954,42.628284,43.935474,299.89273,54.038593,18.0,6.0,0
243.07924,200.0,91.9317,0.0048458204,35.2608,58.009556,234.52377,133.74606,7.0,1.0,0
309.90842,200.0,104.795425,0.007407001,49.24189,65.941925,215.58437,175.8926,4.0,0.0,0
139.39247,200.0,164.53073,0.018568479,44.678986,40.33582,355.4885,77.81245,8.0,1.0,0
216.54048,200.0,104.00453,0.009962615,23.169064,43.824753,270.35223,248.63312,7.0,1.0,0
229.9051,200.0,131.55577,0.015307301,21.563673,45.1137,400.64917,111.53916,20.0,4.0,0
3659.389,200.0,120.98996,0.18131895,70.67947,80.22191,8333.598,6915.7856,1.0,6.0,1
126.01618,200.0,111.03364,0.0023139697,49.636734,31.359137,271.98904,230.21555,21.0,3.0,0
311.4717,200.0,132.41864,0.0031435352,49.09504,16.902704,191.21425,232.25249,20.0,1.0,0
201.2263,400.0,76.4872,0.010435669,52.38293,55.936623,268.41397,50.749107,1.0,0.0,0
110.01497,200.0,136.01569,0.0028482976,46.87215,29.817131,135.03049,280.93002,7.0,2.0,0
167.91052,200.0,106.08341,0.020826248,11.855208,54.78005,193.9528,181.47176,21.0,4.0,0
121.42933,200.0,116.86308,0.012596659,38.96531,61.022667,406.16293,32.133904,16.0,5.0,0
174.13242,302.0,56.770576,0.0063141477,26.357782,54.667103,195.00392,201.58405,14.0,6.0,0
251.99031,200.0,89.77694,0.003900824,49.51983,64.87631,351.09357,223.3386,9.0,2.0,0
176.8217,200.0,72.1265,0.0002729632,48.28818,85.54292,339.97623,187.54039,1.0,6.0,0
203.93893,200.0,127.864944,0.010861647,26.14732,36.56143,67.3147,143.27705,19.0,4.0,0
63.39536,200.0,101.7804,0.0013060943,19.613142,47.66826,319.83844,99.01077,15.0,6.0,0
536.92664,200.0,139.19276,0.033578448,83.92942,85.94547,271.21225,317.1885,11.0,0.0,1
176.21008,200.0,78.239586,0.0062985728,37.843727,33.891438,239.2317,221.09543,1.0,6.0,0
183.85074,200.0,96.21513,0.0092773,41.995667,67.97079,186.53578,144.63043,10.0,2.0,0
266.73093,200.0,106.78689,0.008958975,48.338223,61.60581,285.70282,189.39696,11.0,6.0,0
882.0787,200.0,132.62657,0.07972444,66.5014,69.84231,9017.106,9943.933,12.0,5.0,1
134.11285,200.0,55.53617,0.0034580342,34.27046,45.37692,85.26092,0.0,16.0,1.0,0
99.30522,200.0,152.31497,0.00316107,43.89098,54.660965,301.74234,156.69505,5.0,0.0,0
152.32848,200.0,114.60317,0.013262278,46.067493,51.694824,46.52322,136.0426,6.0,0.0,0
153.06023,200.0,71.252,0.018720284,25.903807,52.250256,238.94693,72.45664,12.0,1.0,0
244.1589,200.0,119.548065,0.06391752,32.560062,79.983604,227.35335,166.63495,16.0,5.0,0
290.42072,200.0,124.727325,0.013395379,53.903114,41.22152,359.18738,362.42892,15.0,3.0,0
119.66058,200.0,67.24358,0.0084898975,20.575129,59.30697,123.46912,58.277973,4.0,0.0,0
285.32278,200.0,155.26366,0.011495446,35.07037,79.10159,204.66464,256.3362,13.0,2.0,0
124.01783,200.0,90.21563,0.0019072915,40.527775,62.60151,253.01733,177.10371,10.0,6.0,0
284.54904,404.0,88.656265,0.012787303,38.646114,43.50968,241.88782,162.1613,15.0,0.0,0
308.92465,200.0,72.28309,0.0063432143,38.202072,38.671192,270.6232,166.26646,2.0,6.0,0
170.6891,201.0,86.93135,0.008285277,55.732384,44.495567,371.62564,104.279655,6.0,6.0,0
154.19984,200.0,71.65131,0.009742109,25.193552,37.161957,304.18442,190.42169,13.0,3.0,0
181.43686,200.0,112.913284,0.0013522813,49.577904,57.36173,448.0426,154.65198,6.0,2.0,0
328.88776,204.0,71.22866,0.015238813,25.79678,28.640404,414.1829,60.457287,15.0,6.0,0
180.02122,200.0,61.93606,0.0013099235,27.575336,37.855125,308.14832,68.27339,2.0,1.0,0
307.14053,200.0,157.94524,0.009855859,33.096813,32.614643,155.93921,67.55906,3.0,2.0,0
228.0554,200.0,0.0,0.050132245,34.73233,41.049915,89.84085,189.46104,7.0,0.0,0
203.90675,200.0,81.57622,0.009473988,43.57412,56.314804,250.33122,164.42052,6.0,3.0,0
286.24774,201.0,71.854996,0.03462357,45.215637,54.667732,152.97238,311.14423,23.0,2.0,0
113.14893,200.0,128.00702,0.0010983509,47.767113,37.63836,272.54944,37.555973,2.0,0.0,0
143.8028,301.0,81.9082,0.01556297,26.692656,51.057796,118.91642,279.50604,8.0,2.0,0
212.63391,200.0,59.252117,0.014595272,50.78812,61.81216,329.91724,156.64215,1.0,2.0,0
81.2034,200.0,77.755455,0.00052614236,29.2246,49.822395,127.720505,196.75745,2.0,1.0,0
160.48203,200.0,130.3225,0.017753089,37.84525,30.27128,257.2978,270.376,7.0,2.0,0
90.84928,200.0,53.46353,0.018919744,20.995941,39.54274,265.75385,126.71955,3.0,0.0,0
295.35745,302.0,181.2783,0.009078357,30.325554,60.919533,238.18094,111.35519,19.0,0.0,0
179.88974,302.0,81.67336,0.020325366,31.814898,54.48191,22.10539,218.49017,4.0,3.0,0
88.67801,200.0,119.30919,0.02110528,40.858624,46.200798,258.55612,198.5405,23.0,5.0,0
212.94821,200.0,110.60697,0.032598704,62.036354,42.597855,274.3785,178.77129,17.0,0.0,0
98.35137,500.0,125.62443,0.004580327,56.770737,63.029617,356.20898,54.31887,20.0,6.0,0
266.86334,404.0,105.946754,0.0022783212,18.30075,56.829617,333.23572,227.84053,17.0,2.0,0
219.26115,200.0,79.04231,0.027172161,34.34953,54.678734,223.64459,156.29558,8.0,5.0,0
3284.3665,503.0,127.86962,0.2671847,88.70691,96.997475,5319.867,9501.514,18.0,1.0,1
239.22493,200.0,140.30605,0.019607885,42.098698,47.994675,379.12357,84.1501,20.0,5.0,0
163.44879,201.0,101.20963,0.014517788,50.81449,69.05096,236.93611,171.85858,8.0,1.0,0
9944.82,502.0,60.393826,0.13983676,67.03622,72.95687,245.73582,287.66037,13.0,2.0,1
243.41727,200.0,65.58534,8.0736805e-05,40.303627,70.59281,344.07135,77.15045,23.0,3.0,0
183.43898,200.0,85.89705,0.023071723,11.528453,36.02404,282.84058,49.31689,11.0,4.0,0
252.42482,302.0,95.27282,0.001062575,50.02494,56.21963,267.8998,13.334116,21.0,1.0,0
70.52727,201.0,117.53952,0.011666036,25.651386,57.926994,319.9969,101.3571,12.0,1.0,0
114.09581,200.0,77.84065,0.005924089,10.326689,36.92241,415.4413,17.7462,5.0,1.0,0
214.49939,200.0,136.91635,0.0051711546,52.383224,60.411663,200.6833,241.73277,12.0,3.0,0
84.298645,200.0,70.02561,0.0016373711,28.22128,31.456282,289.08426,0.0,16.0,6.0,0
224.71904,200.0,65.73176,0.011468386,33.831913,55.25399,103.65242,55.667366,17.0,5.0,0
203.2131,200.0,126.46819,0.0045871804,35.513416,45.75707,360.46445,84.04473,19.0,5.0,0
264.1078,200.0,166.81418,0.0005839063,30.80302,53.84548,206.67877,214.85414,0.0,4.0,0
324.97498,200.0,94.59523,0.006130123,39.43793,70.52041,317.18582,288.09888,21.0,4.0,0
176.45657,200.0,92.58646,0.005586954,48.56968,67.483864,149.70273,131.57117,17.0,2.0,0
329.79855,204.0,124.989876,0.0046789665,64.66421,68.40239,305.073,107.24552,22.0,1.0,0
268.12918,200.0,133.889,0.0027146451,29.895943,35.790043,166.58887,155.843,23.0,6.0,0
94.71384,200.0,123.25385,0.034414425,34.99156,41.745,197.17601,105.433846,7.0,1.0,0
195.16542,200.0,90.860466,0.004503329,37.68273,41.110657,323.42804,162.13171,2.0,6.0,0
149.18881,200.0,75.6408,0.00880077,24.657614,55.068886,339.20004,190.8029,2.0,4.0,0
196.63751,200.0,158.27673,0.00014150489,35.349487,57.814953,412.34515,134.30096,6.0,4.0,0
244.46655,200.0,98.21038,0.011967282,33.816372,42.554108,278.03754,110.76287,23.0,6.0,0
177.82271,200.0,161.57672,0.008686356,30.098442,43.507664,214.08667,302.42938,12.0,4.0,0
170.79137,201.0,91.749596,0.0074055386,48.543102,62.965473,355.78125,227.1898,21.0,2.0,0
284.24063,201.0,55.008556,0.0040054093,3.7143843,42.24217,415.9104,153.30655,4.0,6.0,0
240.47556,200.0,117.295296,0.0006166354,37.78223,43.199627,286.60147,150.75871,23.0,4.0,0
609.8183,200.0,125.20094,0.04839628,69.93599,63.658714,9027.638,8728.934,14.0,1.0,1
61.953026,200.0,113.957146,0.00026920834,43.07962,38.2709,119.56447,220.77895,23.0,1.0,0
223.36371,200.0,137.57726,0.0060353084,31.966887,2.254351,215.19029,43.420185,8.0,5.0,0
90.46466,400.0,122.52431,0.011013933,50.45228,32.359398,299.5781,86.78832,19.0,2.0,0
205.78595,200.0,96.57007,0.060687676,26.413658,57.960102,318.47916,0.0,23.0,6.0,0
145.25456,200.0,86.7018,0.023058195,36.59748,65.62445,390.8676,156.50015,20.0,4.0,0
108.60511,200.0,143.08476,0.0024672064,40.952477,70.83133,228.61736,241.61319,17.0,5.0,0
249.64479,200.0,105.42232,0.0011904526,47.679054,51.466145,254.32217,0.0,9.0,3.0,0
314.22433,200.0,65.495384,0.00029978476,31.36569,58.778263,396.92163,280.04666,17.0,3.0,0
153.97672,200.0,24.138527,0.009523354,68.53423,55.972088,142.76599,299.9628,14.0,1.0,0
322.5413,200.0,76.93574,0.0043930938,20.568073,66.48237,176.13182,125.49322,5.0,6.0,0
182.81201,400.0,58.123047,0.0061055534,36.065655,31.022661,336.23486,233.2325,6.0,6.0,0
424.57837,201.0,102.73363,0.0029873762,19.751415,50.332138,274.66757,217.04256,12.0,0.0,0
182.55084,200.0,118.45736,0.0025495838,53.641846,58.757824,296.73282,157.47081,5.0,6.0,0
252.06905,301.0,97.22738,6.932631e-05,44.807335,50.003002,360.79285,167.8814,15.0,5.0,0
98.52234,200.0,124.542046,0.0139166955,15.631394,65.93044,352.59903,141.94592,1.0,6.0,0
109.2766,200.0,74.58214,0.00777082,35.192722,89.87085,248.86346,314.97412,17.0,1.0,0
170.45355,200.0,46.754658,0.009118967,14.480952,41.3685,321.89075,231.29793,4.0,0.0,0
192.61078,200.0,91.15637,0.0029929914,81.671684,47.383705,297.1613,166.70593,11.0,6.0,0
315.30133,200.0,165.87541,0.008257795,29.64494,60.859814,294.2359,214.5424,20.0,0.0,0
168.65956,200.0,111.67642,0.002846035,21.820173,24.089123,73.70242,61.13665,17.0,5.0,0
84.580185,200.0,77.44319,0.0023359943,7.270407,39.04604,274.98376,172.38745,20.0,0.0,0
107.86173,500.0,97.75301,3.685827e-05,39.307045,75.60958,329.6156,102.94349,18.0,5.0,0
184.93532,200.0,145.90283,0.024756826,38.788044,56.42832,215.94157,117.33543,2.0,2.0,0
189.84749,200.0,118.244125,0.003453747,41.23105,63.160454,352.53873,0.0,9.0,3.0,0
201.72928,200.0,95.39067,0.024755893,22.994417,57.127678,179.3885,125.77549,4.0,0.0,0
340.80685,200.0,106.13144,0.001483646,24.659822,95.438446,130.56905,256.43668,5.0,3.0,0
149.88023,200.0,100.987854,0.0043659,34.759846,32.14884,433.89056,131.67328,1.0,4.0,0
680.82153,200.0,133.67862,0.019719724,96.6266,93.8165,496.32788,174.22644,6.0,5.0,1
140.58543,200.0,106.65999,0.003841679,38.760612,73.56187,210.71954,53.50486,6.0,0.0,0
216.20648,200.0,118.60041,5.886767e-05,21.927519,40.12832,323.52368,67.48866,10.0,5.0,0
117.45372,200.0,134.35005,0.000497913,11.954996,54.633583,213.68538,91.55183,5.0,4.0,0
275.52454,200.0,144.97095,0.011482128,54.797394,57.592358,316.47028,155.93651,10.0,4.0,0
99.40157,200.0,142.79492,0.0020506836,61.70601,57.40087,271.5981,195.65935,6.0,0.0,0
151.28873,200.0,120.9741,0.010533182,60.65184,39.330715,178.1083,141.04454,12.0,4.0,0
329.56467,200.0,118.67282,0.008944258,59.770786,42.998695,274.62753,166.93114,0.0,3.0,0
220.80002,200.0,78.25623,0.014458148,38.91639,61.973095,306.8087,87.34158,8.0,3.0,0
168.8823,200.0,82.989,0.00051762233,25.42496,43.9517,114.54955,62.871323,17.0,3.0,0
305.277,200.0,28.561228,0.01991207,33.38772,39.68414,328.25586,106.03734,16.0,6.0,0
81.50059,200.0,143.63371,0.041247275,23.758766,58.42625,358.18268,158.68034,10.0,1.0,0
239.43562,200.0,77.39051,0.0021642211,16.68434,47.55582,140.71303,83.917915,8.0,2.0,0
133.38191,302.0,162.5932,0.014052216,50.896782,36.49868,201.32878,44.397438,18.0,4.0,0
162.5079,200.0,59.720768,0.0033818232,27.441513,37.99707,246.20123,148.3484,17.0,5.0,0
220.1909,201.0,63.105133,0.017846774,41.303387,47.73769,174.60204,320.84537,6.0,6.0,0
226.81178,200.0,132.6549,0.0056164237,60.765373,45.89771,0.0,1.8888942,12.0,5.0,0
293.6034,201.0,133.50429,0.00038554263,45.324154,58.11845,183.67755,191.06097,2.0,0.0,0
264.93353,200.0,121.0339,0.003438394,55.929276,63.041718,131.35081,106.70061,11.0,1.0,0
102.20381,200.0,164.25375,0.015400927,47.998924,54.533173,48.305542,127.887886,1.0,1.0,0
9537.443,500.0,85.69954,0.21928948,57.473618,44.283062,213.24753,237.31836,7.0,1.0,1
314.67844,204.0,67.93982,0.0070281634,33.061623,66.37721,272.52335,135.00447,18.0,0.0,0
130.64781,200.0,122.817116,0.0013305361,35.205624,51.223076,436.0639,136.94113,10.0,5.0,0
89.21796,302.0,155.88661,0.017760642,0.0,64.443565,85.1843,196.43208,1.0,5.0,0
186.65529,200.0,84.95806,0.002018574,62.213512,53.434086,292.62436,134.79681,21.0,2.0,0
210.44588,301.0,37.661163,0.023046361,30.96047,45.288067,144.98245,169.55441,16.0,3.0,0
612.59827,200.0,191.60783,0.042853028,55.025646,69.823456,8877.748,9995.136,20.0,4.0,1
187.96877,200.0,88.402756,0.010612129,53.228313,51.06596,301.96313,266.48032,23.0,0.0,0
265.85953,200.0,91.94777,0.0223526,35.54761,50.396156,247.12436,153.34523,16.0,4.0,0
179.78831,201.0,29.064539,0.014266399,53.850315,61.87174,523.02216,334.66315,18.0,5.0,0
136.54655,200.0,89.37291,0.007547297,41.95105,24.306156,458.60147,108.799484,5.0,1.0,0
130.19539,404.0,79.22301,0.017628646,34.248768,59.204643,276.01538,77.009445,10.0,3.0,0
246.48912,200.0,137.0226,0.0035745942,28.324265,48.66364,187.7835,228.72882,16.0,4.0,0
127.681854,200.0,78.46249,0.0028883468,48.297543,56.404655,310.99356,41.243847,10.0,0.0,0
212.27475,200.0,62.629932,0.0011394485,41.807262,27.421427,340.3454,149.66681,8.0,6.0,0
309.67346,500.0,107.3937,0.0033263064,20.749651,44.00189,266.0176,241.19073,4.0,2.0,0
225.79239,200.0,106.79126,0.0003285418,57.58576,45.513874,188.36841,92.159584,15.0,1.0,0
180.02255,200.0,68.046196,0.024768425,35.118443,89.990654,391.81546,212.94182,13.0,2.0,0
237.57803,200.0,84.16556,0.021547284,41.728977,51.549126,254.9554,101.97962,15.0,5.0,0
213.2363,200.0,112.89922,0.0041144635,60.4542,61.37279,220.4694,219.40211,21.0,2.0,0
97.130806,200.0,88.27781,0.008318087,34.69231,46.26571,420.29102,183.87502,3.0,2.0,0
245.43448,200.0,110.53758,0.0029408145,17.999392,44.814396,273.32565,260.64874,13.0,2.0,0
104.833855,200.0,126.802475,0.018560562,27.381731,53.907673,243.50026,99.15985,15.0,1.0,0
188.3002,200.0,123.50294,0.0017759849,45.501614,68.31934,250.56389,6.475374,4.0,5.0,0
56.711334,201.0,120.57118,0.0029479715,51.571903,33.57474,319.7486,224.53967,0.0,2.0,0
167.43224,200.0,130.08856,0.002430709,40.131588,54.962414,251.04668,103.1794,13.0,5.0,0
129.24371,200.0,68.6871,0.01203643,62.812893,66.41507,210.51053,74.27217,23.0,2.0,0
146.49532,200.0,85.04822,0.003254286,38.889557,48.797092,212.56877,48.8887,19.0,6.0,0
159.09242,200.0,83.50875,0.00061991834,31.28309,54.495544,432.78937,112.866974,0.0,3.0,0
331.59534,200.0,122.86545,0.014379533,42.64875,38.797806,143.9872,213.89598,12.0,1.0,0
237.79327,200.0,120.40302,0.005217497,33.77291,41.217403,281.65875,189.93408,9.0,2.0,0
221.72246,200.0,80.41372,0.009509634,72.237465,45.90918,431.96628,164.55608,22.0,0.0,0
207.64537,200.0,96.99877,0.0028118067,62.415806,70.30916,283.3242,120.8023,15.0,0.0,0
163.31935,200.0,103.24208,0.0023562484,42.327152,48.406822,198.97527,93.58272,5.0,6.0,0
306.8168,200.0,91.09533,0.010075844,48.50742,31.409307,309.65683,181.43538,5.0,4.0,0
133.91092,200.0,135.97746,0.0031990062,29.319618,43.40036,192.34547,330.55176,14.0,4.0,0
349.11954,200.0,81.883194,0.0035288157,37.969105,53.48832,37.9275,89.57815,20.0,6.0,0
231.48747,200.0,90.6474,0.010294402,46.9768,28.498648,254.18108,251.01071,3.0,2.0,0
111.939095,200.0,106.512085,0.0037562712,46.167374,65.633,249.14299,291.1996,2.0,2.0,0
100.765396,200.0,77.27234,0.033870686,33.449135,69.5145,330.00696,214.62192,1.0,6.0,0
265.40784,200.0,69.10166,0.012052529,53.212,72.51101,417.79993,152.10269,11.0,3.0,0
513.94,200.0,54.76462,0.025783451,33.143482,30.545559,361.0578,202.36757,19.0,6.0,0
226.82388,200.0,122.15336,0.017742606,17.283485,29.879234,294.34244,150.27583,23.0,2.0,0
117.73161,200.0,44.83702,0.030990697,40.678043,40.322716,187.94225,230.93755,19.0,0.0,0
196.44739,200.0,76.651184,0.010829447,63.11334,21.665081,318.716,91.037796,5.0,2.0,0
377.66064,200.0,72.65579,0.0117166955,80.80769,35.1145,419.20203,31.061172,15.0,5.0,0
255.60886,200.0,80.29212,0.013490306,50.670395,77.70202,317.58923,148.6385,3.0,6.0,0
277.4653,200.0,75.63525,0.0016784807,10.69768,49.50419,253.06009,25.93792,12.0,5.0,0
157.07425,200.0,100.21043,0.020837897,29.504023,54.249508,246.94455,162.13666,4.0,2.0,0
167.01785,200.0,102.70535,0.0028596665,37.98211,52.5837,464.88586,149.38617,20.0,3.0,0
272.39438,302.0,118.528625,0.0018285039,47.644012,48.735344,244.74332,50.7087,7.0,0.0,0
70.5801,201.0,78.685814,0.016030101,40.165672,51.09216,332.3689,207.08441,1.0,1.0,0
126.00551,201.0,169.69208,0.021501355,51.704166,45.494785,209.71252,291.14786,1.0,3.0,0
265.66052,200.0,87.67921,0.0021479637,32.013977,48.425835,248.10245,83.009445,21.0,1.0,0
246.29784,500.0,112.81557,0.0016877122,28.381102,48.470684,402.73642,219.10062,9.0,6.0,0
100.02979,200.0,119.1001,0.00056389463,27.122486,52.682037,364.4017,174.09784,20.0,5.0,0
206.1807,200.0,89.81184,0.00857815,52.4,41.12937,277.21674,97.9235,6.0,1.0,0
301.21606,200.0,137.70251,0.0024456067,32.598606,38.7596,183.22414,56.096596,12.0,1.0,0
122.92472,200.0,124.04183,0.0135446405,39.925247,52.823196,294.66766,186.78802,12.0,0.0,0
248.09966,200.0,106.41846,0.015246038,36.858307,53.086308,277.9616,205.47163,3.0,2.0,0
5905.1157,503.0,139.12022,0.19121341,58.900288,45.160046,256.26306,155.66531,9.0,1.0,1
309.73816,200.0,99.33115,0.03600459,41.380047,40.037544,217.46858,154.3855,22.0,3.0,0
126.896194,200.0,128.62102,0.046445694,52.927425,21.379757,212.7513,168.21306,11.0,3.0,0
267.1605,302.0,59.21239,0.014921467,28.293541,51.568542,0.0,242.13371,3.0,1.0,0
313.24454,200.0,57.067074,0.0019426277,32.126884,23.4764,430.70746,169.32063,19.0,6.0,0
194.49835,201.0,116.62137,0.010561978,36.29467,34.656178,181.57906,265.00735,2.0,1.0,0
191.89107,200.0,125.22389,0.0055588773,33.580223,76.79322,182.58572,193.3147,10.0,3.0,0
140.32684,200.0,84.96266,0.027226357,13.43259,64.90989,265.68973,0.0,3.0,2.0,0
361.36557,200.0,133.60852,0.038793035,92.438126,88.11169,369.012,352.5955,12.0,4.0,1
203.77135,200.0,36.93144,0.012022458,49.74382,46.765343,252.25037,219.9199,14.0,5.0,0
206.24373,200.0,108.66775,0.0054711024,41.982212,74.34895,345.3217,84.23656,22.0,3.0,0
300.1919,200.0,128.212,0.009736084,43.57451,40.60797,240.42331,96.16287,19.0,3.0,0
341.67407,301.0,171.70883,0.034127645,61.09901,52.595768,235.89294,96.74319,11.0,3.0,0
163.40628,200.0,66.44691,0.0079868585,62.996666,69.58196,253.33167,30.341637,18.0,0.0,0
146.22162,200.0,81.421715,0.0017082973,49.85843,33.04172,265.73343,41.011665,16.0,5.0,0
179.52017,200.0,45.170074,0.0050421082,45.289886,66.79732,119.79537,227.29855,14.0,0.0,0
259.25266,200.0,156.31662,0.0015809204,57.768208,46.405987,259.4159,221.4939,23.0,0.0,0
267.5407,200.0,145.45079,0.0012885472,17.988678,20.539425,226.37408,100.38075,10.0,1.0,0
105.04878,201.0,160.78587,0.0027748414,38.275208,80.93653,169.4436,209.82848,23.0,6.0,0
109.479355,200.0,86.052376,0.0062715285,40.601063,34.20717,294.42313,225.12967,20.0,0.0,0
190.75575,201.0,108.20938,0.009482099,35.168186,63.378372,253.05148,307.09277,22.0,0.0,0
127.725105,200.0,113.4058,0.009908767,30.208012,64.62728,178.81683,141.45749,18.0,2.0,0
148.17406,200.0,81.88484,0.002226291,41.25735,44.626415,359.36945,9.997933,22.0,4.0,0
105.83169,200.0,119.6228,0.013970194,54.94968,61.18095,268.7895,90.994286,21.0,1.0,0
164.3827,200.0,105.126205,0.007235417,53.296688,27.231092,310.18222,164.03098,14.0,5.0,0
352.54825,200.0,88.0463,0.015462114,46.854725,66.44584,371.85803,106.45763,18.0,1.0,0
2683.8645,504.0,96.829994,0.27202013,45.242184,75.660255,364.11758,186.32692,11.0,3.0,1
217.25682,200.0,124.12943,0.0024627873,41.305183,58.642956,269.829,227.09706,12.0,0.0,0
118.04697,200.0,79.220795,0.0057378504,31.420359,64.73075,298.35867,208.69914,6.0,6.0,0
61.31404,200.0,114.88485,0.013457694,44.303055,35.369984,369.80014,244.43489,13.0,3.0,0
134.02632,204.0,129.77065,0.009810823,36.111904,53.58601,232.85733,35.21708,17.0,1.0,0
257.72617,200.0,101.453606,0.018106546,46.808228,51.21629,319.529,62.232517,13.0,2.0,0
143.12369,200.0,111.65196,0.009258013,49.195408,49.734364,364.39215,217.76927,3.0,5.0,0
182.01767,200.0,116.05215,0.00013311868,40.419056,56.719475,376.0913,40.706745,16.0,2.0,0
204.67108,200.0,91.176125,0.003016843,45.839695,59.756622,146.56783,0.0,2.0,3.0,0
94.71474,204.0,115.72262,0.010940705,41.184853,24.742567,364.9265,103.56092,6.0,3.0,0
286.6886,200.0,86.262825,0.0025400626,35.667168,51.56385,122.29546,170.12277,11.0,4.0,0
174.70224,200.0,131.9225,0.00723271,6.8887997,72.90144,59.564865,120.402824,3.0,2.0,0
5610.5195,503.0,92.572014,0.19243872,93.89282,94.73513,8014.1255,5430.5273,17.0,2.0,1
6470.2485,502.0,125.8319,0.12564076,51.439144,61.74601,244.70401,139.58891,6.0,3.0,1
355.34198,200.0,107.01745,0.0055778376,23.375988,31.691349,374.88104,153.95851,18.0,3.0,0
126.42923,200.0,124.39601,0.004103358,34.425823,54.582672,394.23947,8.372455,2.0,0.0,0
138.58151,200.0,117.462425,0.022820354,59.18274,52.513157,179.44676,257.4121,23.0,3.0,0
374.40866,200.0,133.6669,0.021702925,61.421673,36.249084,234.1219,256.0798,6.0,1.0,0
50.136345,201.0,74.213326,0.013901184,60.30938,19.38267,313.13837,3.8979604,20.0,4.0,0
303.0631,200.0,122.848854,0.0037005418,21.10986,69.00587,170.63107,40.555824,10.0,4.0,0
266.15594,404.0,57.93998,0.001352942,38.66506,59.85354,257.42722,222.0646,2.0,2.0,0
97.779106,301.0,94.184525,0.00095872907,50.486187,80.5859,221.46735,107.20308,17.0,2.0,0
155.3829,200.0,131.82126,0.0009603501,25.146366,35.10571,335.1472,38.146946,0.0,0.0,0
367.0427,200.0,119.59753,0.0026226642,25.471563,26.252342,189.19252,164.09348,22.0,0.0,0
234.22383,200.0,122.23245,0.008705751,40.940346,45.29541,182.2315,445.56323,22.0,4.0,0
111.202614,201.0,142.99846,0.0026552568,74.37658,29.228592,329.60983,169.47699,12.0,0.0,0
115.067795,200.0,82.12941,0.0023344913,21.421875,34.554398,144.04832,87.67421,13.0,0.0,0
304.62732,200.0,91.50954,0.013720542,24.20892,50.716686,308.60605,150.45454,17.0,1.0,0
188.7673,200.0,97.925995,0.005437261,45.279617,54.75424,256.0812,170.42473,10.0,4.0,0
101.32366,200.0,84.74251,0.019719044,46.360054,44.15118,230.56432,46.113438,20.0,4.0,0
153.65752,200.0,98.36536,0.0012626084,43.159897,64.44881,303.83978,281.40872,15.0,5.0,0
168.82387,200.0,119.6079,0.00229152,52.528313,77.17306,302.84982,110.36449,5.0,1.0,0
217.26256,200.0,101.38487,0.025577199,40.14542,38.577477,215.3658,194.76224,15.0,0.0,0
400.3388,200.0,89.376366,0.0030121577,31.392794,37.51714,153.59515,126.78416,10.0,2.0,0
724.8591,200.0,164.82994,0.04349822,90.647644,93.943184,261.30228,240.25615,4.0,5.0,1
380.27292,500.0,140.56813,0.005209124,29.8654,57.552692,402.48947,247.08273,22.0,0.0,0
75.715385,200.0,78.59331,0.0020221053,32.338387,55.302864,227.30377,78.17328,8.0,6.0,0
216.12134,200.0,108.835846,0.023329241,25.430834,70.30137,79.89109,174.45143,0.0,5.0,0
191.777,302.0,112.04388,0.012740483,85.5324,51.524548,198.24179,101.91351,15.0,5.0,0
326.65668,200.0,80.439575,0.0017043767,52.55843,55.191216,374.27966,31.378658,14.0,5.0,0
238.06148,200.0,64.93227,0.0087356595,26.688816,71.52561,259.20627,26.695932,11.0,1.0,0
272.62628,200.0,25.021914,8.0631144e-05,27.316116,64.745155,79.49741,156.11305,11.0,0.0,0
253.59918,200.0,56.2143,0.003125217,60.996086,34.138996,295.83743,125.67358,22.0,4.0,0
230.85176,200.0,84.059204,0.008142404,58.28189,73.55048,334.9661,149.46811,13.0,6.0,0
238.10966,200.0,134.16478,0.0028845835,81.79206,31.057465,243.88974,137.94913,14.0,5.0,0
337.19473,500.0,101.65108,0.0006706316,44.14413,60.265625,270.1079,170.51062,18.0,2.0,0
91.13831,200.0,103.68497,0.0014311915,58.380245,50.78177,263.91498,234.6659,18.0,2.0,0
381.90378,200.0,113.06183,0.0047061364,0.0,80.429115,56.243103,250.94142,18.0,2.0,0
242.31055,200.0,75.76992,0.0025896684,37.706726,83.08265,255.39822,92.02925,12.0,2.0,0
57.46748,200.0,62.2556,0.0039112414,30.799616,25.758549,187.73166,169.41223,5.0,6.0,0
189.17061,200.0,82.43787,0.01804678,50.348797,41.698845,209.07938,0.0,18.0,1.0,0
199.82272,200.0,131.6987,0.0049886834,14.915871,76.96343,124.176506,30.953974,15.0,0.0,0
171.95288,204.0,112.329285,0.028374068,41.913876,41.890316,170.12935,95.03422,21.0,4.0,0
159.92061,200.0,78.972755,0.007845868,47.04444,23.375732,402.56363,215.62442,13.0,6.0,0
193.9108,200.0,87.58667,0.0041553727,0.0,61.889305,317.57108,244.93214,9.0,3.0,0
122.63971,200.0,79.680626,0.008823152,46.196484,33.660175,274.52948,97.16119,0.0,2.0,0
274.6227,200.0,104.011894,0.010387217,47.304314,37.950237,382.8313,134.48462,19.0,6.0,0
226.30527,200.0,114.24074,0.0028266993,37.26874,53.02213,196.2682,211.65169,3.0,1.0,0
158.7005,200.0,136.57387,0.0002520906,34.058994,53.593082,300.09305,39.266888,16.0,5.0,0
215.68451,200.0,94.40968,0.003269514,54.845882,42.296947,196.77466,123.618614,13.0,4.0,0
252.91278,201.0,65.53977,0.0021912698,45.237686,58.011677,137.51506,114.18055,22.0,3.0,0
79.361275,200.0,78.11867,0.0020806277,52.503693,66.728355,305.56186,211.86389,4.0,4.0,0
293.80206,200.0,121.88361,0.0028273177,42.19102,47.347218,313.8791,142.61183,11.0,6.0,0
196.13388,200.0,142.89369,0.013961469,35.772163,74.15063,188.94478,175.57773,12.0,5.0,0
97.72227,200.0,149.63475,0.032296088,34.13736,64.702095,281.82275,106.52818,4.0,3.0,0
256.34607,200.0,113.27311,0.02262942,34.971294,60.039394,347.6495,164.61009,3.0,3.0,0
193.86748,200.0,115.130325,0.032372694,40.341198,40.3273,294.0045,147.48022,4.0,0.0,0
173.89577,200.0,129.56206,0.026633915,26.487564,43.376827,300.72723,219.2206,23.0,6.0,0
188.23666,200.0,104.50972,0.0102316905,61.1643,62.18918,305.05743,192.48686,20.0,2.0,0
319.92023,200.0,92.15523,0.00018417259,58.25329,43.742943,355.15778,0.0,7.0,4.0,0
260.225,200.0,126.692474,0.00066116353,52.699966,43.37664,230.60184,104.316246,1.0,2.0,0
219.83432,400.0,101.39046,0.0019608801,43.64314,48.030663,489.35022,133.9317,5.0,4.0,0
281.97995,200.0,53.71954,0.0037826844,27.090921,78.66929,214.99506,133.55826,18.0,3.0,0
224.24763,200.0,120.37258,0.0064789467,13.137242,38.083492,199.0508,233.87323,21.0,4.0,0
120.58087,200.0,100.82601,0.0006076429,32.24657,53.304443,226.93552,49.50251,12.0,6.0,0
259.38168,200.0,120.69741,0.0006135397,43.777523,28.853443,354.6353,273.3847,5.0,0.0,0
257.38467,200.0,98.157745,0.005070162,44.984592,55.575222,232.44586,273.48685,16.0,6.0,0
155.12845,200.0,113.85434,0.0071889674,46.588646,59.408012,135.48631,127.29973,2.0,0.0,0
198.7876,200.0,104.45326,0.0038293623,39.284737,55.387657,125.76549,28.09248,18.0,6.0,0
255.41028,200.0,118.88944,0.008360439,56.499706,38.928703,158.73016,122.34865,4.0,0.0,0
181.73196,204.0,120.035614,0.009756914,59.055206,43.24731,204.38704,112.44394,9.0,1.0,0
218.25719,201.0,96.9647,0.0030004743,47.01251,39.668953,397.8517,61.101627,22.0,0.0,0
170.80568,200.0,83.817215,0.008379324,38.989494,75.47359,348.49637,171.99739,15.0,2.0,0
183.12227,200.0,99.1316,0.00989086,3.4192832,53.980057,94.4349,113.5572,17.0,1.0,0
175.7786,200.0,90.712715,0.003350248,48.400154,56.986393,396.7882,0.0,13.0,6.0,0
242.49803,200.0,76.81783,0.017880198,15.870174,53.84244,104.2728,162.9348,4.0,6.0,0
151.889,200.0,133.7587,0.023007674,37.888676,36.71706,139.74837,299.91,22.0,0.0,0
216.35832,200.0,72.02021,0.0036734326,61.06205,56.528713,497.21783,141.4283,4.0,3.0,0
220.37032,200.0,133.7253,0.0012009447,50.16239,47.931408,165.11337,115.43365,18.0,6.0,0
504.4215,200.0,98.66441,0.008034971,27.449099,41.821304,199.87067,124.11225,13.0,2.0,0
215.1587,200.0,107.559364,0.0099378405,23.770325,72.165665,333.20242,56.694942,21.0,6.0,0
131.70113,200.0,111.28615,0.0023921488,58.400883,33.99476,188.28215,212.86914,8.0,4.0,0
200.72354,200.0,128.6504,0.017963815,24.95764,24.335567,456.18832,121.387825,20.0,6.0,0
183.67467,200.0,116.74194,0.0032841808,21.975588,60.8281,188.31648,227.54439,19.0,0.0,0
330.89478,200.0,122.06082,0.008635555,27.30102,20.437845,378.81204,199.456,10.0,1.0,0
383.13757,200.0,98.37978,0.0055812094,47.340084,43.653862,119.77636,183.66203,21.0,5.0,0
177.7859,201.0,71.15533,0.0057218345,33.52484,59.141182,296.06198,171.95375,8.0,2.0,0
206.91238,200.0,125.135704,0.042292286,32.7284,55.4724,175.94662,169.1641,3.0,1.0,0
216.05147,400.0,103.03858,0.0070868838,39.326813,83.689415,215.92577,41.828545,11.0,6.0,0
242.7498,200.0,89.969444,0.025361484,37.40256,53.76354,308.48853,152.306,23.0,4.0,0
165.95703,200.0,101.34075,0.007979439,41.185577,49.025017,451.2171,164.1395,8.0,1.0,0
157.59862,200.0,82.02019,0.014332812,42.1184,42.62708,198.632,10.281917,22.0,1.0,0
362.13257,200.0,101.72397,0.018555291,30.545826,55.693043,408.82648,39.079277,4.0,6.0,0
175.8933,200.0,78.78365,0.028031332,46.625473,30.483194,181.80035,160.11064,23.0,6.0,0
319.44464,200.0,105.17231,0.002988449,48.112766,44.51831,381.12238,192.75124,6.0,0.0,0
122.63597,200.0,81.058014,0.0024341492,20.647676,54.9513,329.3786,272.39774,11.0,0.0,0
252.00595,200.0,105.131325,0.005540014,20.745596,31.921453,366.11624,80.16757,1.0,5.0,0
135.9003,200.0,104.61045,0.006630747,24.312475,26.064981,165.52162,177.00638,7.0,4.0,0
104.08746,200.0,131.61574,0.019260872,34.919495,55.459724,102.19551,0.0,8.0,4.0,0
252.42827,200.0,85.14527,0.016556978,8.815593,57.51706,169.05606,237.84048,19.0,3.0,0
362.58484,200.0,121.06342,0.02039491,41.187904,70.19889,325.018,0.0,1.0,6.0,0
113.54798,200.0,135.248,0.017225625,62.956833,29.5075,265.41992,120.57923,23.0,1.0,0
225.1868,200.0,127.114075,0.06006078,54.59593,66.46401,398.54535,110.00264,20.0,3.0,0
285.32544,200.0,90.97413,0.021218967,25.596397,70.73714,177.64653,241.70007,5.0,2.0,0
256.11795,200.0,142.88834,0.00069252314,53.696568,40.5395,366.04373,85.77187,23.0,2.0,0
230.59798,200.0,23.116964,0.0003138391,21.007969,41.6325,303.16083,230.29367,21.0,2.0,0
127.69481,200.0,58.03116,0.0021594635,38.24301,52.948616,83.74767,221.22098,3.0,4.0,0
317.51666,200.0,118.48484,0.013481822,42.896187,46.14646,429.39114,114.955185,11.0,2.0,0
324.311,200.0,64.09188,0.008604898,44.491814,41.34114,213.22267,136.03258,9.0,2.0,0
125.622475,200.0,71.04027,0.0030213017,0.0,61.286873,413.29047,170.49124,11.0,3.0,0
431.93088,200.0,120.14469,0.004068318,21.916252,55.20913,266.17102,212.13782,15.0,0.0,0
262.10202,200.0,94.241585,0.0070896717,63.697224,63.28707,363.87436,225.15906,22.0,3.0,0
62.367058,200.0,92.14046,0.008455026,22.26292,38.92455,354.39124,266.0596,19.0,6.0,0
106.58961,200.0,146.61784,0.01196431,45.45982,44.725483,257.04056,36.618824,10.0,6.0,0
115.003204,200.0,61.057907,0.006594422,58.55668,62.783535,111.95576,36.712215,14.0,2.0,0
306.6987,200.0,156.30698,0.017566502,36.630657,48.674965,406.25143,84.73704,22.0,4.0,0
342.1885,200.0,107.48989,0.015147664,41.862984,36.035694,350.89328,111.02789,4.0,5.0,0
202.93158,200.0,116.76701,0.0113271745,26.7666,48.79393,305.43323,49.319202,20.0,3.0,0
158.80295,200.0,145.53319,0.053933818,37.710026,56.57928,210.49078,243.4753,13.0,3.0,0
214.85408,200.0,125.96094,0.000951863,40.931145,37.815163,383.25598,146.82425,14.0,6.0,0
284.26532,200.0,117.11374,0.05309171,32.96076,75.64596,56.20736,183.08478,3.0,3.0,0
263.29352,200.0,117.807655,0.004178043,45.640015,55.510963,200.0965,75.97914,14.0,2.0,0
170.06892,200.0,133.38217,0.014175641,17.675152,34.347622,217.21162,256.7199,9.0,3.0,0
146.44087,200.0,101.94717,0.008305931,40.302235,23.410345,261.5776,213.32352,11.0,5.0,0
198.92484,200.0,100.53064,0.008584956,19.304285,51.18812,109.97275,197.56897,18.0,5.0,0
157.26239,200.0,77.56366,0.01694251,43.02298,48.24052,141.89842,17.911585,14.0,0.0,0
209.46172,200.0,116.44909,0.01970407,2.8824275,66.50782,167.29706,160.88603,15.0,2.0,0
215.86722,200.0,65.865036,0.019051986,21.158123,12.436468,411.82846,205.89832,9.0,1.0,0
30.076096,204.0,89.77635,0.003993388,32.571632,52.572563,307.8595,287.80322,10.0,2.0,0
290.1012,200.0,117.409065,0.020812877,28.008156,45.304222,143.21645,187.54428,18.0,5.0,0
256.21646,200.0,147.29073,0.0002586865,6.7691283,45.68597,39.196186,189.36986,15.0,1.0,0
32.86256,200.0,93.48706,0.010452879,25.116606,39.388786,297.73816,258.42902,15.0,1.0,0
114.30903,200.0,180.84467,0.019647196,47.903385,41.125042,180.693,90.47281,20.0,6.0,0
106.71223,201.0,92.95717,0.030539379,43.32735,62.04804,103.03264,141.10907,1.0,4.0,0
386.25873,200.0,133.28992,0.0018532663,49.559734,27.265211,334.29825,131.54207,15.0,1.0,0
319.02713,200.0,102.233055,0.020607889,43.005257,38.993362,283.66373,60.442932,4.0,3.0,0
95.622536,200.0,106.48768,0.0012594654,30.88358,61.776253,259.2697,120.29858,11.0,4.0,0
128.35501,200.0,78.91844,0.009160185,25.406048,57.089493,227.2591,179.9025,9.0,1.0,0
167.45717,201.0,139.69028,0.001572866,48.57072,30.903831,325.91248,240.74466,5.0,4.0,0
55.277576,200.0,104.221504,0.004491105,57.079296,43.04565,128.7504,235.68831,11.0,2.0,0
167.87048,200.0,65.36508,0.0027345081,39.025898,65.49143,133.51888,256.3258,23.0,0.0,0
126.748405,200.0,156.76169,0.0037765035,28.585407,41.954254,287.02325,130.11052,7.0,1.0,0
197.43016,200.0,88.96085,0.022812383,36.45995,72.63732,358.21887,199.57834,16.0,2.0,0
308.5508,200.0,58.906704,0.0158931,43.6866,21.679468,35.470592,25.500937,1.0,2.0,0
261.1433,201.0,111.00504,0.018005831,29.562035,65.82759,371.06387,121.47075,10.0,3.0,0
83.75373,200.0,110.33987,0.0043359064,29.2217,59.743587,237.75432,196.68471,20.0,0.0,0
297.30078,200.0,103.82142,0.014482625,39.38358,56.45756,162.6988,89.880905,22.0,2.0,0
240.49995,200.0,114.5977,0.013395137,58.249928,48.183388,464.47452,204.85472,16.0,1.0,0
319.14224,200.0,78.5216,0.0004219748,33.96786,39.70817,276.48926,94.592316,14.0,5.0,0
391.77792,200.0,166.25223,0.0035160035,57.157215,65.809715,350.04175,154.56766,10.0,4.0,0
147.33247,200.0,176.99097,0.018891448,46.751835,54.033108,421.0097,289.79962,8.0,6.0,0
299.79388,200.0,139.13808,0.0010083136,43.050068,14.299726,300.8598,163.46175,8.0,3.0,0
386.82587,200.0,91.9386,0.047971025,47.01735,43.828426,116.582344,150.2627,1.0,0.0,0
168.32118,201.0,105.112976,0.015310655,42.979076,82.7132,327.4187,101.8984,3.0,2.0,0
213.32936,200.0,80.34555,0.016506793,55.487164,38.252903,350.35986,167.94104,3.0,1.0,0
160.1492,201.0,127.18648,0.0044879657,35.73408,90.00973,238.41536,180.67195,13.0,2.0,0
130.07245,200.0,86.88801,0.006069871,40.26938,76.67178,429.28522,135.328,5.0,3.0,0
247.89424,200.0,31.062624,0.00058066694,23.409227,49.482582,183.37256,52.9022,16.0,1.0,0
968.0484,200.0,146.29903,0.095082134,68.01205,66.428085,9293.55,9567.381,7.0,6.0,1
195.21803,200.0,74.69431,0.0006007361,36.889225,70.691246,169.56364,125.13601,22.0,1.0,0
508.91043,200.0,72.9889,0.0029565815,34.716038,39.267067,312.71204,172.93103,11.0,0.0,0
188.74646,400.0,97.848656,0.012382429,39.12292,48.74137,326.2959,188.50864,23.0,2.0,0
394.2394,200.0,114.82613,0.008196038,52.67256,39.576477,373.01575,54.20171,9.0,1.0,0
335.38028,200.0,85.85638,0.0044981204,42.061794,56.771008,306.80634,126.05297,23.0,6.0,0
66.7656,200.0,87.11766,0.033798493,15.553623,67.38918,229.02719,324.24997,3.0,1.0,0
294.3129,200.0,92.38405,0.015844684,38.98823,37.941963,388.42593,123.69084,15.0,2.0,0
124.44119,201.0,72.87606,0.0006182753,47.670044,50.948776,365.3041,248.74669,23.0,6.0,0
54.00802,200.0,86.97407,0.032134544,26.854218,60.143154,294.75775,149.53905,12.0,2.0,0
220.12651,200.0,127.997856,0.007695217,40.36975,60.46858,216.09319,124.23024,21.0,1.0,0
242.19365,200.0,116.335556,0.011318827,35.516457,51.05506,335.3052,190.12167,4.0,2.0,0
372.4018,200.0,79.64902,0.01235138,36.21397,32.53189,209.65782,223.00298,22.0,6.0,0
224.57416,200.0,48.181145,0.009475017,22.990803,58.968204,316.5018,357.84103,4.0,3.0,0
164.3706,200.0,108.22851,0.022540478,30.587126,43.325684,267.4822,105.650154,6.0,2.0,0
159.06929,200.0,92.83407,0.0018903365,37.248592,36.15405,359.8763,386.49704,23.0,1.0,0
368.94775,200.0,146.24965,0.027868133,94.90408,97.40348,448.56302,368.2612,16.0,0.0,1
89.81859,200.0,116.22085,0.036651883,18.196566,44.144978,138.21251,130.11069,17.0,1.0,0
109.05328,200.0,30.080095,0.012312323,22.601358,47.717094,333.16406,145.3449,18.0,4.0,0
311.5463,200.0,96.088196,0.00014960297,28.861319,45.315277,228.77097,177.7276,3.0,0.0,0
128.37097,200.0,91.955536,0.012925976,33.226467,52.081238,33.583035,160.34166,15.0,1.0,0
29.077791,200.0,78.2003,0.0037759065,54.34735,2.0608733,356.82315,148.78285,4.0,1.0,0
257.32108,200.0,49.379314,0.0058601396,69.17886,83.45206,279.16916,162.87396,22.0,6.0,0
393.85895,200.0,124.211815,0.0087046,42.489956,61.036938,207.3902,225.25157,19.0,5.0,0
254.65443,404.0,21.703018,0.015266696,41.977898,40.053246,249.91513,97.53869,22.0,0.0,0
304.67508,201.0,105.54276,0.0010394404,51.46485,25.492517,449.101,156.7028,4.0,1.0,0
227.06796,200.0,134.2559,0.004921969,14.863802,55.912132,300.28726,135.67982,15.0,4.0,0
243.79585,200.0,85.275276,0.0058365073,31.014702,75.112404,290.96643,14.847051,6.0,4.0,0
173.77786,200.0,81.739815,0.0036296481,74.48785,67.35791,283.8188,153.41583,5.0,6.0,0
429.07047,200.0,128.5597,0.014636661,90.684616,97.180016,428.67358,209.44534,8.0,3.0,1
105.05523,200.0,153.18436,0.0002011854,40.391754,30.187555,117.830086,220.18645,17.0,1.0,0
176.00703,200.0,153.12646,0.0050416845,27.716238,57.701836,369.06454,75.617714,4.0,4.0,0
133.19034,200.0,119.97473,0.009623341,32.781567,71.66399,290.77676,163.29778,3.0,5.0,0
296.63873,200.0,134.07602,0.009002878,15.273747,37.298805,287.15775,236.17728,11.0,0.0,0
69.98779,200.0,126.5513,0.0012416337,28.25519,76.01763,379.32333,245.15015,1.0,3.0,0
144.63431,200.0,100.674736,0.0041001528,24.36785,53.335205,178.88243,220.16678,7.0,1.0,0
319.81934,201.0,93.14903,0.026020862,29.207014,22.995253,377.9102,87.62551,8.0,6.0,0
197.8728,200.0,67.06991,0.00269901,49.266735,33.0671,305.52133,187.29895,3.0,6.0,0
203.29675,200.0,134.81418,0.02362077,43.943134,16.32513,191.50552,13.160288,15.0,6.0,0
230.86806,200.0,129.56296,0.00025804117,43.763817,42.314552,80.74135,272.04636,0.0,4.0,0
234.3105,200.0,123.186646,0.0009767183,30.450275,26.642265,475.33768,140.62662,9.0,1.0,0
232.53467,201.0,172.13873,0.010793699,42.100872,46.92685,141.139,78.48787,21.0,1.0,0
44.63793,200.0,55.22212,0.021584673,54.11288,74.67352,324.16977,158.64417,7.0,1.0,0
200.40036,200.0,173.91327,0.013081945,35.9376,34.191147,125.57913,78.46801,4.0,4.0,0
404.76602,200.0,69.7211,0.0033585064,25.882761,53.870583,127.41169,146.14424,8.0,0.0,0
180.204,200.0,67.0905,0.01805811,19.546177,62.09251,264.80795,16.55418,19.0,1.0,0
223.57462,200.0,60.75635,0.0173774,30.792574,69.98408,153.02162,62.688725,15.0,3.0,0
161.28568,201.0,92.33304,0.002034938,52.37273,45.281727,268.9919,0.0,22.0,2.0,0
293.31604,200.0,64.142296,0.020124553,22.67282,53.487785,234.67136,173.62497,14.0,2.0,0
140.30234,200.0,92.1815,0.01174815,17.43577,57.02201,284.71167,20.594263,3.0,2.0,0
115.403824,200.0,85.30005,0.009544747,49.493332,49.22196,293.8155,249.8032,19.0,1.0,0
107.734245,200.0,105.24129,0.003485756,41.92817,28.849289,315.93134,226.4573,16.0,4.0,0
330.09518,400.0,62.38701,0.015087575,17.576323,46.40176,141.90884,165.92616,14.0,5.0,0
189.63335,200.0,132.74702,0.008893149,32.94712,44.305862,200.56886,250.14673,13.0,2.0,0
218.04004,200.0,93.955246,0.01871274,72.3613,47.521168,307.09674,201.10393,23.0,3.0,0
187.5744,200.0,78.79751,0.007605052,45.828423,41.763844,136.69614,158.90932,17.0,0.0,0
133.22784,200.0,66.39198,0.0044300887,46.79525,36.852448,226.92465,49.87673,1.0,1.0,0
148.18845,200.0,61.02733,0.022920854,51.85778,39.06782,158.32729,41.699097,15.0,0.0,0
333.9922,200.0,115.47303,0.0027775553,43.566395,46.91804,403.51956,253.77316,3.0,3.0,0
370.4946,200.0,136.82384,0.0014642646,45.063107,69.05997,195.47209,48.547123,17.0,2.0,0
222.70418,201.0,111.27481,0.004200667,24.483608,54.48473,225.4042,137.64093,5.0,5.0,0
373.33936,200.0,120.224815,0.0063649667,48.160496,59.267323,399.27722,3.7825353,22.0,2.0,0
86.85971,200.0,115.84436,0.004962391,34.380615,39.705452,203.60551,152.06413,19.0,5.0,0
222.88922,200.0,144.62347,0.07727265,36.391815,63.89576,362.32803,231.7242,21.0,2.0,0
89.71939,200.0,67.63447,0.008572711,43.596,52.515057,268.91342,77.22863,7.0,4.0,0
129.56657,200.0,150.07825,0.0058454946,33.93143,37.23906,110.91361,0.0,20.0,0.0,0
202.85463,200.0,93.443855,0.005428423,57.4544,42.340202,170.95293,52.43796,18.0,0.0,0
282.54962,200.0,33.07697,0.0053013046,56.020226,47.324898,166.58333,99.50643,9.0,6.0,0
677.736,200.0,182.46211,0.04346623,87.08943,90.52321,489.12735,286.1199,20.0,5.0,1
124.416565,200.0,110.54857,0.0007318656,28.986149,41.233555,233.53761,222.72198,12.0,2.0,0
252.67871,200.0,106.0075,0.01199952,39.13186,33.56988,151.85321,179.50078,19.0,4.0,0
74.71679,200.0,113.104744,0.002346504,28.070263,41.020363,383.73822,335.77737,16.0,3.0,0
120.119545,200.0,99.98683,0.019011647,55.287827,58.430653,213.79161,120.48512,15.0,1.0,0
222.29718,200.0,43.93266,0.0063397237,24.878595,54.06876,290.64944,50.282665,1.0,2.0,0
168.23576,302.0,73.866295,0.0024070162,41.2695,74.22935,299.47934,128.40706,13.0,3.0,0
83.85973,200.0,129.67816,0.0414116,41.239815,39.696224,293.32895,226.80695,20.0,2.0,0
105.34243,200.0,116.44086,0.011819058,40.12665,40.424526,359.24252,81.492355,16.0,2.0,0
168.19345,200.0,76.22892,0.0019518231,45.00946,23.370304,71.13861,306.40805,8.0,6.0,0
73.03632,200.0,93.56705,0.012107252,38.307987,58.509197,163.97,134.31712,15.0,2.0,0
97.90696,200.0,95.87474,0.008667957,34.825687,33.780045,289.89566,95.61924,18.0,2.0,0
160.37193,200.0,124.03785,0.009783802,42.339912,28.844309,375.0944,141.20178,14.0,3.0,0
3360.1692,500.0,64.37573,0.2609221,47.183475,76.00644,276.82275,132.07417,16.0,4.0,1
194.92328,200.0,115.530525,0.0043296507,73.38234,52.350056,339.72647,290.2345,14.0,0.0,0
334.34946,200.0,100.726776,0.022841327,73.58206,36.432762,315.2146,131.71407,2.0,3.0,0
249.6396,200.0,139.76236,0.0014442327,42.096474,60.955544,309.93533,157.0104,11.0,6.0,0
214.52907,200.0,137.11787,0.0049246093,48.189983,30.286375,246.35895,24.370483,21.0,3.0,0
196.42941,200.0,102.54099,0.008318242,37.92082,71.7982,193.98555,71.17691,20.0,3.0,0
349.65628,200.0,122.55582,0.0026952638,45.424297,38.15944,479.47662,114.38796,15.0,0.0,0
164.96463,200.0,68.61228,0.019184114,44.524826,54.61281,258.46515,128.98547,21.0,4.0,0
9682.032,504.0,138.8865,0.2673041,86.04043,82.21022,8356.053,6893.5376,19.0,4.0,1
138.99643,200.0,63.346867,0.0076980493,13.450031,14.572505,219.32172,193.97942,1.0,6.0,0
158.40134,200.0,67.86532,0.018502882,32.6722,59.077457,221.59322,204.57245,2.0,4.0,0
114.909004,200.0,57.795326,0.023370376,27.070486,45.852364,97.23724,137.89517,10.0,2.0,0
154.69614,200.0,114.978485,0.0040467917,20.085909,54.63964,236.76335,62.000587,16.0,3.0,0
287.3532,200.0,73.50227,0.010382741,39.28872,48.834293,240.4438,150.59927,16.0,2.0,0
96.3862,200.0,91.73288,0.015659528,42.527824,64.58791,222.05247,168.70134,10.0,3.0,0
76.99216,301.0,113.17101,0.0010842214,13.587139,57.918842,185.98788,72.867294,16.0,2.0,0
4418.3853,503.0,87.76263,0.10222701,52.43548,59.808075,289.99155,204.82848,23.0,2.0,1
168.17064,204.0,51.491905,0.004993933,17.400026,43.774002,159.68542,95.129616,8.0,6.0,0
192.51537,200.0,153.23256,0.014597668,38.20609,58.280067,258.78156,91.262146,22.0,4.0,0
5227.1772,504.0,53.856766,0.16860405,76.541275,81.63042,9807.426,6108.277,19.0,1.0,1
302.995,404.0,81.18858,0.014294689,51.64466,51.749767,50.127983,177.84895,11.0,3.0,0
229.94118,400.0,67.18032,0.0018248196,41.95796,40.97848,0.0,221.27435,10.0,1.0,0
211.74129,200.0,134.49811,0.032763895,59.63816,39.38181,485.02917,75.96196,13.0,1.0,0
215.6604,302.0,74.501,0.0042381156,44.048786,38.373623,389.99158,97.861496,10.0,0.0,0
188.48749,200.0,93.486824,0.0024342868,52.91997,43.667053,90.17924,236.0406,19.0,3.0,0
69.7903,200.0,131.65384,0.0024285477,52.415962,52.933765,163.0881,259.29675,19.0,2.0,0
152.68523,200.0,42.40389,0.008613798,75.878136,72.74877,373.1885,223.12982,19.0,6.0,0
229.73668,200.0,44.64985,0.0022762537,52.515125,48.010647,278.56934,92.12183,4.0,6.0,0
169.59755,200.0,86.69652,0.001412472,22.374172,29.405495,147.99527,85.342865,18.0,1.0,0
329.01447,200.0,133.84927,0.006252143,36.083603,54.534584,206.9111,191.90973,14.0,0.0,0
196.12848,200.0,103.19258,0.001914921,21.862717,37.236927,133.02855,66.30882,8.0,1.0,0
182.25105,200.0,82.02633,0.03220108,51.84754,32.218197,309.24146,104.3158,11.0,0.0,0
321.85284,200.0,18.683,0.0116108535,26.166729,35.92393,452.40533,6.6955037,5.0,4.0,0
84.225845,200.0,119.56308,0.0045666303,48.56999,25.589743,78.718376,97.32011,21.0,4.0,0
199.8941,200.0,101.78398,0.009185702,48.929054,55.661003,204.03381,304.63516,15.0,3.0,0
254.46872,201.0,150.22264,0.004240445,55.759457,72.89193,455.75342,38.612583,15.0,0.0,0
371.18765,200.0,67.37976,0.00358268,44.11276,51.708942,101.103355,276.65512,10.0,5.0,0
544.6208,200.0,82.38827,0.04203138,81.114494,94.65698,407.31052,330.66858,14.0,3.0,1
139.85197,201.0,124.152466,0.0049567837,23.0319,20.413818,281.67825,167.17091,20.0,2.0,0
316.57425,301.0,118.451126,0.023518968,21.716135,72.73044,265.76453,169.9084,4.0,1.0,0
160.08405,200.0,106.7684,0.0068628252,46.357895,65.57799,206.88692,174.01566,8.0,5.0,0
103.71607,200.0,138.58957,0.006147489,30.295856,38.139084,326.44135,206.60085,20.0,6.0,0
91.501816,200.0,107.718575,0.028197395,28.105576,32.790436,331.81412,168.9036,13.0,0.0,0
1236.4188,200.0,103.41427,0.029892594,59.127735,79.93892,8900.311,9564.799,14.0,5.0,1
272.07092,200.0,99.345436,0.0028738545,56.14979,32.35727,279.55765,114.81231,8.0,6.0,0
45.777008,200.0,116.51209,0.005363174,43.86626,23.249868,68.45859,161.14844,15.0,0.0,0
183.15326,200.0,128.55466,0.0004546529,25.656296,43.359783,183.87906,267.9356,19.0,6.0,0
180.7986,200.0,115.866234,0.0063739703,54.052063,63.912292,148.45236,178.72429,20.0,5.0,0
68.53824,400.0,115.70643,0.00647915,35.663483,38.04223,256.18027,243.36473,12.0,3.0,0
264.12604,200.0,157.75227,0.007389113,51.137875,29.36578,245.59059,176.65172,13.0,5.0,0
195.18141,200.0,81.47541,0.029488008,39.009476,32.811256,226.71361,137.40924,16.0,6.0,0
173.53517,200.0,95.23503,0.007056606,63.675034,66.743614,409.47736,161.0425,9.0,6.0,0
171.49594,200.0,56.391903,0.012470314,28.154,24.572037,255.2314,129.30768,17.0,2.0,0
178.10004,301.0,44.925503,0.0026382064,55.248135,61.53418,386.2324,85.77374,18.0,1.0,0
332.36166,200.0,114.012566,0.011868697,40.50186,38.19506,156.75534,105.55192,21.0,2.0,0
342.78876,200.0,118.15599,0.0072404523,66.21863,16.958403,376.4995,180.79175,11.0,0.0,0
429.76578,200.0,131.71553,0.0076771765,32.18713,56.915947,216.69902,164.2943,13.0,5.0,0
73.708015,200.0,77.726654,0.0045470516,46.42912,55.91876,214.67273,127.87196,10.0,4.0,0
182.38705,200.0,126.88836,0.00028370024,20.385956,38.06425,354.88602,138.2305,12.0,3.0,0
112.65394,200.0,94.44968,0.020087827,27.925241,54.52157,305.33026,147.67827,15.0,4.0,0
267.1941,200.0,118.147156,0.001536717,53.36672,36.531525,317.30548,158.57416,3.0,5.0,0
152.06325,200.0,71.03523,0.007670959,24.583574,68.20219,195.85448,209.70702,4.0,0.0,0
4301.5195,502.0,108.20891,0.18186839,52.48598,76.29471,273.34296,150.88298,14.0,6.0,1
286.64087,200.0,48.780823,0.0009922676,43.111027,57.1028,380.9737,148.65945,1.0,6.0,0
254.11559,200.0,86.68842,0.008212465,50.976025,22.855055,233.44492,154.46829,21.0,2.0,0
242.94836,200.0,57.306908,0.017359108,39.84794,37.891422,224.88025,163.48871,8.0,6.0,0
94.57852,200.0,116.60055,0.009263563,22.093788,52.117435,71.34549,327.3637,4.0,4.0,0
386.78583,200.0,64.27292,0.01927733,47.2008,54.65481,236.91986,159.62076,8.0,0.0,0
85.52549,200.0,130.54395,0.0028998454,46.3251,60.62737,236.08003,103.2425,20.0,2.0,0
218.51176,200.0,101.37053,0.01559428,43.413433,41.598026,211.23915,289.45218,16.0,1.0,0
101.15241,201.0,32.0078,0.0031644353,49.832848,64.27911,219.05574,87.22928,20.0,0.0,0
387.60663,200.0,130.39514,0.0064125545,30.280237,23.827822,176.6831,98.188835,13.0,4.0,0
165.24504,301.0,69.78853,0.0018266601,24.009142,52.539883,46.429604,152.04677,22.0,1.0,0
158.1314,200.0,112.67454,0.002779951,22.83277,48.013947,337.07376,252.25145,1.0,2.0,0
146.14384,200.0,87.90901,0.0022409223,50.257835,81.12068,299.04352,57.42848,15.0,3.0,0
106.93113,200.0,63.518005,0.016870433,38.11081,48.718273,343.75446,202.8263,15.0,1.0,0
261.2952,200.0,119.26366,0.009797324,62.158916,41.426598,260.19876,113.38471,4.0,4.0,0
183.52359,200.0,85.3288,0.0030997796,57.473324,23.77074,404.55173,68.20182,6.0,4.0,0
203.44357,200.0,117.40275,0.00090478116,46.84071,62.828156,382.69464,137.78795,7.0,4.0,0
165.59337,200.0,133.28152,0.0053132484,48.371655,84.96816,199.8777,66.90308,19.0,2.0,0
201.524,200.0,89.392456,0.018611096,50.804134,48.404556,182.2754,203.42699,5.0,2.0,0
201.26865,200.0,64.56549,0.012358151,47.69768,38.94005,114.76296,72.26273,13.0,4.0,0
299.08206,200.0,58.86418,0.00035230748,36.433105,41.99808,204.43419,288.13174,7.0,1.0,0
173.95224,200.0,72.745895,0.010559042,32.760773,24.687548,380.96573,152.51675,0.0,1.0,0
186.05858,500.0,115.25341,0.028268691,42.424423,66.60837,255.26001,125.545654,13.0,3.0,0
555.3581,200.0,187.31857,0.043275293,82.661575,92.035645,308.10913,160.83383,17.0,6.0,1
279.78693,200.0,90.546005,0.011606648,31.174355,49.83499,342.01324,231.12784,15.0,0.0,0
198.67798,200.0,83.7048,0.004819387,22.594461,77.28101,305.49344,91.42847,10.0,3.0,0
205.21648,200.0,100.5539,0.024015313,44.055622,55.186317,82.16489,196.26292,4.0,2.0,0
187.34842,200.0,114.06109,0.01872805,38.838852,49.401794,198.06656,144.89209,19.0,0.0,0
232.92809,200.0,71.90707,0.011061205,19.157234,52.989357,251.67593,155.53569,15.0,5.0,0
165.29834,200.0,89.963615,0.0009368667,26.549686,42.654686,310.6896,9.574068,4.0,2.0,0
109.402985,200.0,27.125208,0.014648173,41.840412,57.165096,259.34567,251.84904,19.0,5.0,0
86.53756,200.0,42.50225,0.007524574,38.54893,43.696712,484.24603,167.05486,3.0,6.0,0
116.088554,200.0,39.39546,0.0042961775,57.483467,46.958214,161.05388,71.53223,11.0,6.0,0
563.62854,200.0,179.37686,0.040565077,92.5205,90.95312,486.81552,180.43156,23.0,5.0,1
229.6191,200.0,127.67284,0.012086774,58.483936,25.108896,278.95093,118.8487,12.0,0.0,0
536.02277,200.0,150.0707,0.04406783,85.90046,95.35432,461.3605,319.96384,12.0,2.0,1
180.30742,200.0,102.09629,0.0074064764,64.19293,32.275585,338.23404,211.73941,21.0,6.0,0
130.1323,200.0,86.281746,0.013974994,6.640311,40.44018,355.2479,262.61044,7.0,5.0,0
226.12808,200.0,143.03336,0.0083706705,72.90605,33.34327,300.769,93.99977,5.0,2.0,0
92.75015,200.0,47.608273,6.0424692e-05,36.203274,75.75876,209.30603,228.07718,5.0,0.0,0
204.24629,200.0,91.18556,0.036676746,45.373516,65.097824,0.0,278.9913,11.0,6.0,0
360.79446,200.0,133.23521,0.020600237,37.938793,41.12119,293.11444,114.09626,6.0,1.0,0
51.719864,200.0,76.8494,0.020175291,42.459972,89.55505,362.3371,219.33524,3.0,1.0,0
292.68143,200.0,109.44785,0.002820279,58.680264,57.443935,323.68213,151.71667,11.0,5.0,0
183.87207,404.0,112.77594,0.003466672,43.706585,69.2464,45.61015,233.70488,15.0,2.0,0
195.6682,200.0,39.113434,0.006064872,42.04851,28.001713,186.64592,274.1947,21.0,3.0,0
388.24582,200.0,127.322624,0.0044050035,32.51858,54.708374,112.62929,230.76991,2.0,5.0,0
213.6902,200.0,92.96402,0.006186646,77.22404,82.185486,50.22151,186.50584,15.0,3.0,0
165.33272,204.0,130.30048,0.0069385143,42.722015,29.06053,253.08125,159.41312,1.0,1.0,0
174.04776,301.0,92.85982,0.012971007,54.34666,43.061897,378.1852,136.53589,10.0,1.0,0
342.44174,200.0,97.045166,0.020632833,49.856297,38.735653,279.93445,286.9207,8.0,2.0,0
221.74844,200.0,85.11779,0.013367962,4.7172265,29.974728,237.42584,57.54333,0.0,6.0,0
211.54456,200.0,126.59742,0.005498661,42.495243,67.6822,324.10184,189.70795,15.0,6.0,0
131.25421,200.0,67.2508,0.0049196896,24.464056,36.882694,189.6317,81.57987,20.0,1.0,0
377.21902,200.0,54.44101,0.007663294,44.121567,36.22264,135.28252,160.51866,3.0,0.0,0
5451.9707,503.0,67.29489,0.24050348,98.8134,93.16671,6435.1577,5916.3716,6.0,5.0,1
166.05333,200.0,75.57045,0.0013542931,55.85393,28.875568,391.11792,112.628105,23.0,6.0,0
157.74486,200.0,172.1704,0.010846091,22.283619,63.906315,183.12474,196.99286,17.0,0.0,0
1356.4264,200.0,140.59947,0.07654136,59.897167,64.61052,8424.34,9565.959,0.0,5.0,1
190.9599,200.0,100.81333,0.026192473,44.59946,53.06507,472.13196,249.21341,10.0,0.0,0
147.57146,200.0,70.648964,0.007366796,41.07917,45.679737,239.18388,202.34348,23.0,2.0,0
201.42609,200.0,100.04955,0.0011570695,41.619396,52.313797,172.36871,116.814545,12.0,3.0,0
137.03079,201.0,53.945877,0.0042033335,51.813484,66.53288,182.64175,294.05664,20.0,3.0,0
159.88847,200.0,131.68776,0.02619514,44.144978,59.258575,428.71194,71.0338,18.0,3.0,0
320.3672,400.0,73.79394,0.015654245,35.088604,54.66371,183.49348,266.41534,11.0,4.0,0
143.07571,200.0,81.24662,0.005314766,39.5055,45.828876,341.62842,171.81268,16.0,5.0,0
213.0201,201.0,104.347176,0.013843101,32.12016,56.301563,76.60666,116.91508,22.0,6.0,0
98.052666,404.0,73.507385,0.006024014,46.59558,51.930138,245.06277,243.25969,17.0,6.0,0
361.1828,200.0,68.42884,0.003231073,72.18601,32.91601,266.73376,177.20639,17.0,5.0,0
214.53514,200.0,90.1282,0.012173346,63.93562,66.98535,440.632,128.13211,14.0,0.0,0
74.90442,200.0,155.61365,0.005397305,42.430584,37.40901,327.15256,174.88863,7.0,2.0,0
63.799652,201.0,92.07037,0.008006448,43.23522,40.556095,274.34204,103.1141,13.0,3.0,0
181.30278,204.0,97.433205,0.013330849,49.95742,43.699306,269.0458,160.18044,1.0,6.0,0
211.91887,200.0,119.51815,0.0070610107,28.018253,55.148052,431.67007,308.36804,10.0,5.0,0
156.28015,204.0,62.12648,0.004318815,34.655872,47.66517,220.3884,105.1242,11.0,1.0,0
165.30312,200.0,98.05595,0.008029944,23.945642,50.423588,152.1663,94.61491,5.0,0.0,0
130.10844,200.0,88.465256,0.0018516646,42.101402,43.70296,152.6713,112.19791,12.0,6.0,0
192.97983,200.0,106.07865,0.016948186,31.177956,57.596085,294.61227,68.25089,20.0,2.0,0
282.98853,200.0,114.91985,0.0031504713,71.95568,52.290432,145.63783,99.14073,21.0,3.0,0
399.3829,200.0,143.19208,0.00051371474,35.69298,45.623497,234.99117,88.27477,13.0,5.0,0
110.4382,200.0,100.07868,0.0017331134,44.13611,31.076126,358.2435,134.01402,10.0,0.0,0
58.16853,200.0,87.68323,0.0028389369,29.304935,31.729708,263.4408,197.17989,21.0,5.0,0
143.75803,200.0,59.78337,0.004551843,34.505295,59.546764,307.7703,0.0,16.0,1.0,0
180.31592,200.0,147.96767,0.008211944,19.979605,45.558014,263.30792,129.75204,17.0,4.0,0
68.50295,200.0,95.88824,0.00050802255,36.24954,62.25885,284.25967,131.86351,13.0,1.0,0
3979.3125,503.0,115.75929,0.16872486,81.10682,92.44999,5454.515,8608.618,19.0,0.0,1
226.42752,200.0,65.686455,0.0018245215,25.676008,50.59373,53.514915,273.26825,13.0,6.0,0
196.2053,200.0,107.29925,0.002283452,37.20254,68.02561,181.5768,266.1829,13.0,0.0,0
221.22867,200.0,98.461914,0.01646323,52.245884,60.13377,223.4443,191.53278,6.0,5.0,0
177.46117,204.0,112.20687,0.03413008,14.041563,43.83067,203.07239,292.08307,3.0,2.0,0
115.70309,200.0,82.32907,0.018333878,48.23963,56.658333,432.1819,113.819664,2.0,3.0,0
165.82024,200.0,90.35542,0.00066571333,46.86047,48.41662,103.67561,277.35846,6.0,2.0,0
169.6655,200.0,108.27004,0.00026589536,46.976192,36.182266,250.17363,136.1604,22.0,2.0,0
234.67554,302.0,74.32963,0.007196878,33.550705,59.216774,225.86975,215.05595,4.0,6.0,0
296.65372,400.0,111.200066,0.013975507,51.165325,39.484005,459.30658,117.722,9.0,5.0,0
115.03959,200.0,45.095432,0.0069132173,24.106459,27.308226,210.05225,114.52891,1.0,3.0,0
249.17563,200.0,53.157032,0.00045177556,47.6897,59.151318,238.4274,243.58252,9.0,3.0,0
426.73523,200.0,122.50004,0.0004519027,44.731003,49.23204,330.5209,110.951706,16.0,3.0,0
206.81544,200.0,67.015396,0.00464929,31.374891,36.16169,323.93222,234.44704,19.0,1.0,0
1682.0276,502.0,111.05969,0.20551883,36.003353,63.04446,282.5053,241.86032,2.0,0.0,1
236.24055,200.0,53.32043,0.0013775171,46.273903,60.53893,265.16803,168.02896,22.0,6.0,0
190.96164,400.0,69.88868,0.0034170267,58.078056,54.554478,386.07797,209.2352,22.0,5.0,0
135.45375,200.0,96.44983,0.007070435,40.898514,30.254143,273.1759,156.52217,4.0,4.0,0
459.77264,200.0,98.109024,0.001066875,55.91208,55.531624,209.48215,104.61936,11.0,4.0,0
376.0312,200.0,59.281487,0.0037188744,37.758316,56.67466,42.875126,273.57568,23.0,5.0,0
196.28114,200.0,100.05499,0.0055094217,37.410614,55.969208,379.3366,190.60452,0.0,2.0,0
113.30075,200.0,110.6155,0.0018590076,58.797123,37.15002,216.48651,136.17825,18.0,0.0,0
97.625885,204.0,126.46286,0.012379351,32.99497,44.31396,127.25895,65.780014,21.0,6.0,0
149.69199,200.0,58.927246,0.004000945,62.20715,48.48966,244.91219,251.82005,18.0,5.0,0
218.23964,200.0,103.71973,0.0040122936,58.994785,70.32904,329.05927,261.76285,6.0,2.0,0
249.32556,200.0,128.15715,0.02985253,22.11077,72.306915,193.18594,150.3178,1.0,4.0,0
276.88202,200.0,91.35851,0.016840158,35.32567,35.33589,232.93196,138.40015,10.0,4.0,0
143.91339,200.0,71.70367,0.014503532,20.265755,79.1656,192.83473,0.0,22.0,5.0,0
113.009,200.0,68.40482,0.014587621,57.629,61.411396,114.463295,72.8622,14.0,3.0,0
320.26706,200.0,100.28579,0.0002590372,53.58578,42.756313,323.18524,147.14899,2.0,3.0,0
311.83844,200.0,125.41616,0.0031987191,46.18976,60.842068,236.51648,144.00575,16.0,3.0,0
121.66864,200.0,58.7942,0.004998162,46.187023,60.600674,276.77536,318.5789,0.0,2.0,0
139.79842,404.0,118.13469,0.0038765676,37.81993,41.264496,185.46457,308.06076,12.0,4.0,0
298.07742,200.0,76.34243,0.0010798083,49.87269,85.38917,135.2705,162.501,13.0,5.0,0
147.21774,200.0,71.13022,0.031246357,29.420998,38.96853,287.57602,116.3076,15.0,0.0,0
131.27434,200.0,145.37126,0.036998704,58.01773,78.31042,242.47427,189.96136,11.0,6.0,0
145.67497,200.0,84.61808,0.0027614576,38.23975,52.361153,319.3178,136.02338,15.0,2.0,0
52.09556,200.0,79.75374,0.007164796,46.473915,59.206726,207.08257,203.65828,18.0,0.0,0
113.34579,200.0,99.83391,0.00045680066,64.31455,18.693022,249.75386,215.18314,20.0,4.0,0
121.49157,200.0,116.0674,0.0014195815,11.571159,59.87407,241.10335,50.889896,0.0,2.0,0
112.06557,200.0,89.3277,0.0008601107,48.697315,58.858513,235.05373,95.93551,1.0,6.0,0
252.15723,200.0,58.07532,0.0032914884,35.965622,49.151676,102.08929,163.69958,2.0,3.0,0
219.96062,200.0,85.47158,0.00081049977,52.294247,60.06422,234.82574,168.94327,13.0,2.0,0
335.10443,200.0,95.14686,0.0116490135,31.134054,35.726868,165.37788,338.18997,9.0,4.0,0
171.25189,200.0,97.61066,0.014751069,27.101511,62.021843,324.83554,271.1881,13.0,1.0,0
159.06989,200.0,79.96904,0.009449864,46.305058,57.29146,239.15315,81.4424,21.0,0.0,0
154.81999,200.0,87.252594,0.012847487,15.610776,51.44347,246.514,161.24873,12.0,6.0,0
78.7992,301.0,109.985085,0.009914859,71.32409,44.64236,127.48459,0.0,23.0,2.0,0
184.97122,200.0,143.74577,0.0072496296,22.407936,51.97926,367.5937,274.14264,10.0,4.0,0
171.30443,200.0,126.014595,0.006748066,36.754196,33.532944,282.20193,292.93112,18.0,2.0,0
221.67047,200.0,122.59394,0.004653206,62.336884,57.890636,300.0828,264.7441,2.0,1.0,0
189.4266,200.0,63.52006,0.0024340109,41.17495,52.43883,249.82079,73.67127,18.0,5.0,0
417.3278,200.0,57.761192,0.0012526242,49.053497,51.866543,210.19115,0.0,21.0,6.0,0
183.12407,200.0,98.37766,0.00061595277,53.49333,82.47932,382.43274,150.36618,16.0,0.0,0
217.87527,200.0,86.183334,0.0026358278,42.815773,63.403492,339.14392,120.03303,15.0,0.0,0
77.63718,301.0,106.33051,0.031184496,39.883835,62.40122,352.4071,212.37762,3.0,1.0,0
8135.0166,503.0,95.55503,0.11147798,94.17014,93.95489,5571.166,9618.102,11.0,1.0,1
342.20508,500.0,128.47495,0.009206698,57.88105,50.59841,295.39404,160.42703,8.0,1.0,0
187.12015,200.0,68.02377,0.024479354,51.558853,66.08788,301.23273,204.1315,18.0,3.0,0
170.55412,200.0,19.264008,0.013420628,42.928234,55.80044,376.9417,196.2225,13.0,6.0,0
81.055244,200.0,103.59845,0.004207591,52.889656,28.937737,379.98022,164.2608,21.0,3.0,0
8266.052,503.0,71.59437,0.18904114,73.243355,75.72277,5077.985,8771.547,17.0,1.0,1
106.9971,200.0,85.53693,0.014416117,47.932053,64.4046,272.4775,73.839294,16.0,2.0,0
474.49252,200.0,100.05242,0.004622318,59.84338,45.937664,244.68373,187.21083,14.0,6.0,0
259.72528,200.0,108.49915,0.026657404,43.323536,50.163704,183.60579,188.03459,1.0,2.0,0
152.83374,200.0,149.65457,0.0026334282,49.825283,35.726227,157.75565,48.58756,23.0,0.0,0
126.53789,200.0,101.069405,0.0011843054,45.962196,37.75912,317.60367,172.67911,12.0,1.0,0
86.92235,200.0,80.03807,0.004800614,57.105026,39.64065,177.81123,121.7248,4.0,4.0,0
243.87613,200.0,90.17218,0.019791111,43.719425,24.668781,128.02188,271.60617,12.0,3.0,0
132.96266,200.0,79.48995,0.010906837,36.538795,63.986538,142.31804,227.54799,8.0,4.0,0
475.21103,200.0,139.68942,0.0063379616,24.146576,42.025692,322.5382,236.99301,16.0,1.0,0
208.01262,200.0,113.2648,0.004403251,60.99355,45.8907,401.4255,177.50175,5.0,3.0,0
186.82256,200.0,84.1421,0.009412515,16.467157,57.806534,308.37323,192.03221,3.0,0.0,0
131.65639,201.0,117.8963,0.0001409178,59.08954,22.33803,235.04442,189.03407,5.0,6.0,0
2024.3713,502.0,144.47865,0.19870518,65.81941,52.770203,228.3315,239.52939,17.0,2.0,1
184.18768,200.0,130.72487,0.0024447,5.1197925,61.878685,201.45929,0.0,8.0,1.0,0
120.8587,200.0,41.4261,0.016621308,49.831463,63.535538,322.39673,162.97385,10.0,6.0,0
259.6556,200.0,89.58808,0.0019530923,22.181135,79.40028,359.89734,199.67241,14.0,5.0,0
242.25763,301.0,95.00119,0.031775024,10.251238,53.748447,89.99273,254.7624,19.0,4.0,0
186.00305,200.0,144.37914,0.012090053,56.37044,48.003326,223.55627,87.847244,1.0,3.0,0
220.28792,200.0,132.49814,0.026702624,27.082388,64.05102,86.849014,39.40586,22.0,6.0,0
205.46866,200.0,123.48633,0.0011637515,52.653008,33.890034,260.6432,76.82164,8.0,3.0,0
267.7697,200.0,101.90137,0.008428617,71.2905,70.497406,344.8352,117.13165,17.0,3.0,0
230.92838,200.0,132.64316,0.0014644847,51.61398,62.70909,206.30579,37.34172,3.0,4.0,0
88.05317,201.0,101.80726,0.010147586,26.406992,94.18709,219.50851,100.3479,18.0,3.0,0
110.6181,200.0,108.07951,0.0015519091,12.491473,52.373116,357.35342,120.90904,8.0,3.0,0
141.09096,200.0,100.305786,0.00019836154,22.82889,52.80781,238.06355,139.64949,23.0,5.0,0
195.5133,200.0,144.05602,0.0056141336,22.474781,38.662632,164.74881,24.692451,18.0,3.0,0
124.681076,200.0,41.241863,0.00022640591,28.980106,19.653383,159.01114,204.94994,10.0,0.0,0
123.40212,200.0,66.54769,0.00020095856,52.74562,68.80662,0.0,296.98972,10.0,1.0,0
290.55902,302.0,74.22688,0.018903265,46.90089,42.813232,360.13007,225.11885,20.0,2.0,0
173.14514,200.0,50.256603,0.012214367,36.31727,64.99231,276.97137,222.0673,23.0,2.0,0
511.75067,200.0,76.81946,0.008757343,56.68651,59.876827,189.71777,221.50919,17.0,4.0,0
299.12836,200.0,89.85405,0.007135226,55.494118,34.891808,376.24207,33.182384,2.0,4.0,0
363.85388,200.0,92.827576,0.020767849,47.244057,46.66561,189.11748,55.389774,5.0,3.0,0
164.94765,400.0,100.67636,0.0002852467,47.381992,55.811974,3.9852307,88.91798,3.0,5.0,0
163.58423,200.0,141.45848,0.0044527072,43.79206,72.2796,279.97647,256.0861,6.0,3.0,0
157.39047,200.0,139.43039,0.004646525,60.00948,20.349865,201.20674,65.8493,13.0,3.0,0
122.20883,200.0,104.667114,0.00028679488,23.829323,50.432423,312.0637,18.65552,12.0,0.0,0
299.79044,200.0,95.9012,0.0014486162,23.791636,22.557775,366.68915,73.32413,16.0,3.0,0
270.4426,200.0,122.70626,0.0012865884,8.782285,55.871414,144.7669,47.219982,4.0,6.0,0
320.80005,200.0,53.53506,0.004691567,36.78012,45.859528,389.16476,138.86116,11.0,4.0,0
353.0205,200.0,94.039566,0.008633157,53.50785,62.646744,211.33159,0.0,23.0,3.0,0
114.61547,200.0,100.61028,0.015171156,11.69631,73.20685,201.25505,149.49449,13.0,2.0,0
299.73218,200.0,136.18344,0.030990845,32.68124,72.82241,175.09695,237.43753,10.0,3.0,0
118.15809,200.0,94.482864,0.0043613985,20.898207,24.672081,122.12503,218.4905,18.0,1.0,0
142.87462,200.0,98.4474,0.021267857,12.132284,34.809032,300.75983,56.56279,10.0,5.0,0
282.05246,200.0,113.09226,0.006825562,42.2303,68.29824,213.73076,51.66167,11.0,3.0,0
257.01785,200.0,113.434654,0.0326448,46.768185,60.93413,226.23001,306.71902,11.0,3.0,0
241.79732,200.0,115.48248,0.011640011,20.929977,38.805893,224.27243,183.75314,19.0,6.0,0
191.19794,200.0,56.759872,0.0064275996,67.44451,59.283215,339.1663,126.605965,13.0,4.0,0
82.29787,200.0,118.491135,8.100946e-06,34.403557,72.04677,255.57297,246.00778,5.0,6.0,0
365.72275,200.0,89.0097,0.008856846,53.12868,56.78591,379.04895,104.380035,6.0,1.0,0
187.6753,200.0,64.39686,0.009977233,44.519165,22.834486,312.09476,217.38206,22.0,1.0,0
166.1202,200.0,111.96492,0.014304466,17.569395,33.828194,178.0322,188.3371,0.0,1.0,0
194.9545,200.0,103.00786,0.0007396671,38.75321,54.71118,430.4931,268.14752,4.0,6.0,0
167.12157,200.0,139.62477,0.0016534263,47.690563,57.13924,342.03094,35.36075,13.0,3.0,0
145.19635,200.0,159.81873,0.010192369,36.65585,42.046497,289.74643,162.66983,7.0,3.0,0
212.60645,200.0,130.0023,0.00870923,45.091766,56.846024,357.6123,235.00302,19.0,6.0,0
182.479,200.0,80.08059,0.0015056896,34.39358,34.673145,328.5373,225.09859,21.0,4.0,0
226.06721,200.0,142.92117,0.004491193,35.348763,26.674995,239.6985,113.186066,17.0,2.0,0
72.75033,200.0,150.67279,0.007230006,28.244158,43.600727,170.3647,166.63487,3.0,3.0,0
156.87369,201.0,87.07971,0.0017608483,46.340218,57.502087,414.59808,147.32263,20.0,0.0,0
219.38538,200.0,117.333595,0.002455621,48.190308,78.913155,210.03723,100.55259,18.0,5.0,0
394.0157,302.0,166.24178,0.0068001803,34.282715,57.85793,295.12808,107.58047,11.0,6.0,0
145.50359,200.0,68.3323,0.0034759706,34.18376,41.959232,146.42542,99.3,0.0,4.0,0
120.50937,200.0,89.18142,0.003586992,31.03963,29.563166,313.2982,131.288,12.0,1.0,0
90.99184,500.0,97.75754,0.005799594,43.167244,42.7708,261.12506,230.46544,1.0,1.0,0
3726.519,503.0,64.05426,0.118340425,48.2093,47.266907,242.30998,192.50124,1.0,5.0,1
189.92947,200.0,65.07065,0.0031649927,29.826271,55.89718,247.48087,17.204273,14.0,6.0,0
195.70172,200.0,99.68913,0.008731712,66.312775,51.311985,274.69342,178.69128,3.0,5.0,0
253.16519,200.0,106.14716,0.0039458745,28.70726,37.649357,229.08517,168.54471,8.0,0.0,0
96.39043,200.0,141.85503,0.0012935264,62.173637,72.63901,276.24432,102.369774,21.0,3.0,0
187.88843,200.0,72.1818,0.001010232,62.980965,53.71243,168.44528,35.711346,18.0,0.0,0
423.83646,200.0,89.39437,0.012267802,33.545555,51.41762,275.62735,55.406223,6.0,1.0,0
244.6594,200.0,90.97875,0.0027906583,59.76317,21.554552,302.35852,215.74855,5.0,1.0,0
141.11516,200.0,108.73931,0.0012906108,36.53329,72.09701,439.1931,38.144352,5.0,6.0,0
298.87714,200.0,81.721016,0.02537429,55.6102,63.31355,467.1532,21.833115,9.0,4.0,0
231.17639,200.0,106.86134,0.0052296654,29.406286,27.719034,165.3496,115.18864,13.0,6.0,0
178.8329,200.0,105.28083,0.002312439,43.107227,49.671246,246.79346,178.22356,14.0,4.0,0
441.3848,200.0,106.960396,0.005094945,57.211166,40.450275,256.4742,7.052057,14.0,4.0,0
316.04166,200.0,119.644394,0.012496591,32.15406,39.239735,170.53433,234.57875,23.0,0.0,0
161.73116,200.0,71.69404,0.005425377,36.07874,46.899677,292.3138,171.26842,1.0,0.0,0
154.23592,200.0,78.752975,0.010303582,41.329212,56.136093,156.35849,166.7234,8.0,6.0,0
183.41144,200.0,75.78424,0.009107397,52.646233,48.19589,248.96664,104.89787,16.0,0.0,0
205.61896,302.0,143.21516,0.0006966427,36.090076,43.89233,101.686264,66.80416,20.0,4.0,0
543.23865,200.0,194.90945,0.09947417,66.94242,73.03183,8722.733,8332.435,6.0,6.0,1
279.96768,200.0,45.968018,0.01676741,60.127235,36.298748,275.12274,148.30978,5.0,2.0,0
253.25504,200.0,159.88509,0.0014435394,14.016892,42.775135,197.77774,239.97519,20.0,5.0,0
366.16147,302.0,100.94902,0.00013912817,30.283669,46.61877,221.29536,140.2075,23.0,1.0,0
230.53511,200.0,105.93122,0.0009769793,78.922874,52.271652,257.16782,167.046,0.0,4.0,0
327.87018,200.0,63.92055,0.0034390355,36.97745,65.621376,272.37314,306.6132,0.0,5.0,0
138.18446,200.0,91.64078,0.012551018,20.937023,49.63233,99.495346,156.57513,15.0,4.0,0
216.35861,200.0,67.58859,0.016338516,24.95957,47.219444,290.5684,128.1369,22.0,3.0,0
140.78009,200.0,119.22239,0.027220367,41.504925,69.45916,188.33627,71.52202,13.0,5.0,0
923.4307,200.0,198.3309,0.03718272,69.467834,73.118385,8275.123,9735.895,13.0,1.0,1
177.89644,301.0,75.80328,0.015877325,41.755096,64.87388,133.53052,99.89677,13.0,6.0,0
207.45801,200.0,88.06231,0.004207788,24.195944,47.10309,218.05452,276.58096,3.0,0.0,0
412.93607,200.0,71.26581,0.052040763,30.959875,51.73459,231.37059,273.85364,22.0,1.0,0
113.080956,200.0,112.613525,0.0030607854,22.702261,84.114876,292.80472,155.48137,2.0,5.0,0
270.47635,200.0,115.38459,0.00043310501,45.85705,38.36595,243.88985,120.61435,17.0,3.0,0
205.84149,200.0,132.63376,0.004099444,62.756138,54.620968,279.84433,131.59744,8.0,2.0,0
350.74872,200.0,118.06158,0.004722989,49.56599,32.67202,106.84968,80.679695,12.0,0.0,0
179.61156,200.0,65.34129,0.00584164,26.862814,26.372166,238.716,92.27574,15.0,4.0,0
184.63327,200.0,100.5349,0.0018490218,42.534157,48.691055,270.25748,85.653694,18.0,4.0,0
199.39293,200.0,140.38042,0.009155914,43.59401,45.400158,347.56668,61.192677,14.0,0.0,0
96.143196,201.0,100.93239,0.0011786829,9.693782,43.886555,201.16347,265.98853,3.0,3.0,0
142.4249,200.0,67.84796,0.00774726,53.533546,42.74156,63.98176,257.4855,23.0,1.0,0
356.7187,200.0,113.46552,0.014762091,47.18072,34.00961,99.34841,172.74774,15.0,6.0,0
80.36475,200.0,111.27461,0.006745203,25.781988,62.32824,72.494255,205.20663,21.0,6.0,0
1295.5804,200.0,120.12211,0.023318607,58.88106,71.97086,9496.23,8013.387,12.0,2.0,1
228.98164,200.0,89.724625,0.013789394,42.38594,33.87878,225.70854,70.57933,23.0,1.0,0
100.83657,200.0,97.782776,0.02075689,47.372536,41.023895,232.137,208.12315,11.0,1.0,0
362.38443,200.0,114.174866,0.006229527,5.462422,35.20374,246.36136,108.99968,7.0,3.0,0
141.24556,200.0,87.07461,0.00470438,58.92561,58.313896,280.16724,340.86636,6.0,1.0,0
153.53337,200.0,94.5804,0.0020707997,29.445234,52.081398,395.1822,127.78549,22.0,5.0,0
205.14374,200.0,47.92633,0.016045548,48.33078,33.71581,268.68518,335.0366,17.0,0.0,0
226.46893,200.0,110.862785,0.00035630394,49.906887,42.582012,258.82864,154.88695,8.0,0.0,0
323.7224,400.0,139.21106,0.005211065,38.979675,46.486847,206.00899,99.49703,18.0,6.0,0
118.68168,200.0,107.326256,0.0008081283,44.60666,37.947113,150.01222,254.97583,7.0,0.0,0
201.80925,200.0,75.81169,0.0034323824,73.87503,36.27312,408.55017,141.49126,4.0,2.0,0
140.00948,200.0,99.513214,0.020957392,58.923546,71.320244,188.73763,201.01694,2.0,3.0,0
331.4246,302.0,55.398254,0.013786103,43.5396,72.7987,275.9302,78.40558,1.0,3.0,0
205.08542,200.0,22.076965,0.0026107656,61.074932,48.39349,74.26768,168.06685,7.0,6.0,0
118.72899,200.0,111.14692,0.0026162402,26.126774,30.139963,259.17456,117.1979,11.0,4.0,0
139.86447,200.0,39.214924,0.0032588374,53.694653,49.767864,111.07275,165.7918,19.0,2.0,0
245.11145,200.0,44.920048,0.012458958,58.16204,45.078976,282.31107,40.656563,14.0,1.0,0
109.86218,200.0,93.033936,0.017683052,25.562332,63.220207,89.431435,170.79855,15.0,1.0,0
206.30713,200.0,103.05186,0.006716547,57.79647,68.015076,303.7563,132.26935,17.0,2.0,0
133.46516,200.0,67.25245,0.015334933,33.10861,40.801395,25.868515,199.52188,4.0,2.0,0
215.82854,200.0,100.87542,0.00095487706,30.270638,62.476284,140.35043,186.03477,2.0,0.0,0
174.24826,200.0,108.67817,0.00025524036,8.99564,49.393208,464.4429,133.64903,0.0,3.0,0
6873.7026,200.0,137.52754,0.2337066,92.731384,92.08139,6027.8506,6708.7266,15.0,5.0,1
295.58014,200.0,101.70616,0.008108532,22.014584,50.839046,275.27097,206.49043,19.0,5.0,0
440.94452,200.0,77.76263,0.022462206,16.08419,60.32613,247.3031,104.26406,21.0,4.0,0
446.78387,200.0,125.204475,0.03504948,91.73221,85.03524,254.88898,174.24141,7.0,1.0,1
193.96155,200.0,56.514458,0.016247705,33.46461,33.756474,389.73907,257.73938,6.0,6.0,0
87.63163,200.0,98.11953,0.0039008057,32.95899,45.83185,241.04608,37.939735,7.0,3.0,0
119.275764,200.0,59.371212,0.0062464983,55.996365,48.601048,258.19434,11.073712,4.0,4.0,0
301.00528,200.0,110.99355,0.016346343,35.32542,62.11447,144.69794,244.73361,15.0,3.0,0
162.31406,200.0,93.49637,0.0043395497,20.184198,38.96013,361.06903,299.3215,10.0,1.0,0
229.41016,200.0,131.11424,0.0014738383,58.960438,35.648693,171.45387,96.97216,12.0,1.0,0
210.70639,200.0,129.14655,0.011668181,33.88767,60.8445,225.02211,144.59921,13.0,6.0,0
298.3556,200.0,89.167694,0.019115627,29.689621,74.413055,232.43768,151.32048,6.0,0.0,0
128.48534,404.0,106.39013,0.001077455,45.357975,50.63687,319.48132,196.05785,6.0,6.0,0
216.38866,200.0,92.16588,0.0019474651,11.789692,50.747154,175.61229,104.460785,10.0,5.0,0
281.8322,200.0,103.66853,0.016109105,46.56004,45.675674,123.579384,71.52618,1.0,4.0,0
225.43018,200.0,126.915924,0.010983371,36.50495,41.545025,229.19328,109.34208,9.0,4.0,0
138.6854,200.0,93.13348,0.007065871,45.960167,55.4908,282.43228,190.85915,20.0,6.0,0
116.12663,200.0,139.04877,0.009505595,31.761503,39.41056,327.6866,92.82991,21.0,4.0,0
63.894753,200.0,89.24156,0.008656015,40.409252,72.88763,291.89523,59.293434,0.0,2.0,0
142.84921,200.0,127.45469,0.0027548922,47.693027,24.58622,237.44705,29.390985,9.0,6.0,0
155.66017,200.0,84.196335,0.009329661,56.380714,49.08835,410.25122,64.227745,6.0,5.0,0
176.9488,200.0,75.11578,0.0043410575,54.730812,73.52011,163.14973,11.497772,0.0,0.0,0
211.83568,200.0,56.066437,0.07288429,24.24099,59.642395,363.59973,3.8034985,22.0,3.0,0
58.94986,200.0,150.74951,0.0052451855,51.01448,70.34468,272.56262,0.0,16.0,3.0,0
231.0218,200.0,109.39489,0.020662667,47.495678,38.152264,121.58858,136.54776,16.0,6.0,0
124.67568,200.0,145.0077,0.0003511917,65.25477,37.83422,437.81403,128.7661,7.0,2.0,0
429.36435,200.0,71.20421,0.0009014209,37.355755,65.249695,241.12094,213.2646,8.0,3.0,0
173.55614,200.0,94.24521,0.0019420827,18.66994,56.811348,234.73802,6.17251,17.0,3.0,0
178.64091,200.0,131.56544,0.0076521845,39.457294,55.21691,266.17892,121.61597,21.0,5.0,0
113.83723,200.0,73.46166,0.0028900069,22.517086,29.89789,236.98016,223.01889,1.0,1.0,0
170.89977,200.0,82.58486,0.013922485,46.3417,47.43842,423.1418,199.74359,11.0,2.0,0
229.3078,200.0,72.08257,0.019852651,40.014256,70.77878,313.30502,230.1405,20.0,3.0,0
196.4567,400.0,71.89043,0.0063926545,39.934624,34.696312,8.822842,151.031,5.0,3.0,0
3658.814,504.0,104.53586,0.16088697,31.745037,52.142994,285.6725,280.59967,6.0,2.0,1
154.03632,200.0,91.79236,0.0026992632,48.44298,44.661373,370.57672,118.41916,2.0,6.0,0
293.7135,200.0,119.053856,0.0056930105,18.767014,58.012028,238.72649,180.92987,11.0,4.0,0
426.87167,500.0,133.10492,0.0027344236,55.52055,59.340935,231.58983,287.88937,1.0,1.0,0
141.28752,200.0,173.35896,0.004481485,11.13155,28.113352,203.06834,89.11556,10.0,0.0,0
409.8665,200.0,122.39373,0.006032067,48.125427,67.44327,190.22644,194.50098,13.0,6.0,0
662.0562,200.0,105.353806,0.047348432,82.97707,95.80584,349.82114,250.42845,12.0,5.0,1
223.97818,200.0,136.42432,0.029826483,33.578346,49.43827,210.87328,63.35266,16.0,2.0,0
162.57889,201.0,99.37805,0.0029351574,36.57187,63.541225,244.38799,129.10977,18.0,2.0,0
126.72629,200.0,162.91035,0.011996703,53.162254,29.181206,98.176216,205.47977,16.0,1.0,0
117.52442,200.0,76.91149,0.003950937,32.61508,48.902504,451.01962,146.80266,23.0,4.0,0
461.0345,200.0,93.13411,0.033017937,80.60527,99.35256,451.4188,220.54443,16.0,3.0,1
440.1539,200.0,96.75504,0.0040623504,35.901127,36.489136,359.84482,174.79858,14.0,2.0,0
292.5525,200.0,68.62348,0.005073754,40.28929,73.47159,378.31107,260.99237,13.0,4.0,0
329.60547,200.0,110.191765,0.0011090649,52.243877,38.476555,176.38597,223.87343,0.0,4.0,0
205.15552,200.0,66.69616,0.0030978834,18.881111,42.48315,342.70703,61.2299,14.0,2.0,0
147.87083,201.0,102.749504,0.009288807,46.71609,39.263382,266.00714,164.23512,20.0,5.0,0
235.0656,200.0,109.50557,0.00094972027,34.71393,45.214104,283.12787,97.96762,0.0,0.0,0
158.88638,200.0,120.15133,0.005479589,43.15265,49.53973,255.62492,52.16694,17.0,4.0,0
272.29288,400.0,86.917595,0.0010424502,54.691994,68.06856,391.47845,156.0428,0.0,0.0,0
340.74075,200.0,59.06413,0.0010608529,28.008705,58.628338,276.3063,250.86522,22.0,5.0,0
325.0585,200.0,128.46712,0.002077938,25.126293,43.00289,200.33632,177.57608,12.0,1.0,0
114.27322,200.0,111.82942,0.023531606,16.8847,70.30289,282.2271,144.78522,6.0,1.0,0
208.25252,200.0,126.39538,0.0018733818,38.705112,26.487791,329.70325,129.71341,9.0,6.0,0
423.58585,200.0,90.045395,0.010395929,26.083267,45.457485,322.07166,134.61847,23.0,6.0,0
7450.0127,200.0,55.66931,0.2018187,92.99906,78.6078,7852.927,5387.0767,4.0,5.0,1
90.06096,200.0,72.980804,0.010810717,37.440216,45.17482,349.73383,159.5871,6.0,4.0,0
168.62048,200.0,132.3649,0.0031678872,26.482601,45.71688,286.73544,202.00241,6.0,1.0,0
120.50696,200.0,80.19773,0.010388783,50.17558,46.789505,252.12885,287.4116,6.0,1.0,0
167.17772,200.0,110.01741,0.016387207,37.885517,44.107918,269.03128,137.45349,22.0,2.0,0
531.5847,200.0,171.29616,0.012285577,82.59161,90.49162,350.15817,285.33685,13.0,4.0,1
212.97705,200.0,117.73201,0.0014279167,2.9535053,36.566265,171.72958,203.81067,15.0,2.0,0
330.49277,200.0,46.908676,0.00089698366,35.90083,56.23868,358.00677,219.89278,0.0,5.0,0
272.70096,200.0,96.16399,0.00023808859,66.99934,50.40925,253.50618,85.21029,22.0,2.0,0
125.91271,200.0,128.93893,0.0019357422,64.22306,51.671516,203.97337,130.41855,17.0,3.0,0
2090.9604,200.0,75.78345,0.21978246,91.07006,97.17323,5158.526,9230.511,17.0,2.0,1
142.26225,200.0,40.352173,0.014651722,65.140144,46.767456,398.4827,238.85185,1.0,6.0,0
139.63863,200.0,89.865875,0.0055082967,32.522686,42.81251,190.20058,36.48197,17.0,0.0,0
81.56064,200.0,68.901276,0.0047810283,23.591244,36.731792,292.36816,77.32026,14.0,4.0,0
60.11942,200.0,66.13306,0.009014612,38.327335,57.1181,258.64404,111.76124,15.0,1.0,0
146.30571,200.0,46.025326,0.0023148765,8.213259,55.88512,335.69238,239.07289,18.0,3.0,0
130.83533,200.0,135.7343,0.012773001,29.422201,35.75061,282.7038,217.5966,1.0,2.0,0
159.84854,200.0,110.4424,0.0069576837,19.246,50.27311,305.68484,194.12564,22.0,3.0,0
8898.535,504.0,87.20074,0.23876873,36.895233,55.38246,240.64125,228.7626,16.0,6.0,1
180.72914,200.0,90.179504,0.00045619477,39.32405,46.267895,311.058,289.09152,1.0,4.0,0
308.18552,200.0,94.87486,0.0013523005,21.027832,32.770996,85.98489,177.02856,23.0,4.0,0
47.817036,400.0,109.97473,0.008435195,75.800964,71.7619,274.3674,171.0565,5.0,0.0,0
226.55116,200.0,108.59972,0.00996207,8.40395,67.53381,325.86703,111.2645,10.0,6.0,0
119.908905,200.0,108.53448,0.010440973,38.39618,59.7351,219.19748,213.10582,3.0,3.0,0
65.80407,200.0,129.16562,0.007479391,43.658817,70.729706,189.16203,0.0,18.0,5.0,0
198.53917,200.0,77.32146,0.0035316893,39.783794,69.54162,245.45494,17.308367,8.0,2.0,0
100.54524,200.0,95.43103,0.00992535,41.69836,68.64569,449.78864,84.57798,15.0,6.0,0
177.96855,200.0,76.85848,0.0103842495,63.5218,41.697266,200.45511,282.90872,11.0,3.0,0
182.72603,301.0,144.08774,0.002165138,46.54123,40.32338,136.51163,141.5761,4.0,5.0,0
80.43091,200.0,109.97274,0.0015034815,41.30438,27.68778,352.49094,175.17043,4.0,4.0,0
172.21065,200.0,133.02882,0.0016234285,51.316746,62.89486,178.90517,0.0,1.0,5.0,0
271.0566,200.0,36.5907,0.00022430804,23.682518,53.211674,329.40274,211.4961,21.0,2.0,0
170.70581,200.0,105.56191,0.004968741,46.36054,32.557964,246.57089,95.95747,11.0,5.0,0
171.87714,301.0,112.68786,0.010545391,73.6658,66.49573,205.92285,162.04637,21.0,3.0,0
157.8687,200.0,112.123474,0.01954197,39.379833,55.370552,53.588005,130.9058,10.0,6.0,0
163.55359,200.0,152.63718,0.0005783961,34.537754,43.253067,69.946846,179.05814,6.0,6.0,0
266.7071,200.0,88.87482,0.002246821,54.746334,57.074253,314.9629,6.5810122,1.0,4.0,0
629.62585,200.0,96.55625,0.03503551,84.307495,96.87122,368.1554,241.45656,16.0,4.0,1
170.51329,200.0,94.93702,0.02546426,54.09492,76.87863,293.16794,108.84008,8.0,5.0,0
660.9734,200.0,107.95625,0.037873916,85.17863,92.28094,365.49857,390.6386,12.0,5.0,1
53.37723,200.0,64.57402,0.0011932132,37.07956,37.091442,197.39186,60.296284,22.0,5.0,0
284.48587,200.0,99.47839,0.0008264315,39.418472,65.81132,121.067894,166.96254,7.0,0.0,0
234.86101,200.0,114.86515,0.0008050322,54.82005,43.883347,443.52106,111.68357,2.0,3.0,0
278.88733,200.0,108.748665,0.043855365,15.306618,34.106224,291.52014,136.34383,13.0,5.0,0
92.88571,200.0,108.12446,0.012811918,25.812086,53.408447,198.62653,115.13368,1.0,5.0,0
254.92181,200.0,53.92128,0.022899177,37.92256,24.319696,250.84186,250.61037,13.0,2.0,0
93.541725,200.0,111.44825,0.008127866,34.32118,31.552263,194.33028,90.74832,10.0,1.0,0
209.3527,200.0,94.28388,0.0058555463,11.30383,60.12434,363.7886,224.81693,23.0,1.0,0
257.42075,200.0,126.76306,0.009087457,33.143574,42.450657,132.34709,170.7677,11.0,3.0,0
74.28951,400.0,100.24148,0.016009122,46.834724,63.36034,260.32736,115.76956,12.0,6.0,0
200.35124,200.0,119.84546,0.009277638,52.677303,59.482937,212.34558,237.33142,23.0,0.0,0
295.57446,200.0,93.19401,0.0005082019,28.167604,37.31295,302.6997,225.31174,14.0,4.0,0
247.13242,200.0,88.944046,0.017086972,84.76351,50.417656,329.3874,160.64473,14.0,0.0,0
89.54601,200.0,138.61543,0.001976618,36.709774,46.933735,146.69807,260.18988,4.0,3.0,0
147.59326,200.0,129.49754,0.0017862094,50.707733,64.59665,241.1594,186.9462,16.0,6.0,0
272.25043,200.0,70.70945,0.012119374,15.16152,53.791805,187.73506,152.01607,8.0,5.0,0
118.444466,301.0,72.076195,0.001001736,70.446495,60.68692,215.93822,64.17959,13.0,1.0,0
174.24562,200.0,99.3706,0.0058372463,33.867466,19.238455,94.8769,66.31603,21.0,1.0,0
132.33676,200.0,93.94259,0.012969751,60.61222,63.225536,265.66284,82.0494,16.0,2.0,0
99.031876,200.0,105.94068,0.00025693365,23.052206,45.100475,310.44373,257.20035,16.0,4.0,0
162.90297,200.0,147.40552,0.0040364694,28.493666,45.585392,460.26834,125.58296,6.0,5.0,0
85.80905,200.0,91.057205,0.0037115007,32.828384,34.391216,302.00357,198.88382,15.0,1.0,0
244.27036,200.0,134.50256,0.003772448,50.352596,54.288742,346.77087,82.90756,10.0,4.0,0
203.54369,200.0,69.69322,0.00079149666,27.86537,56.11711,206.23378,164.44554,8.0,1.0,0
152.96349,200.0,146.59393,0.016409984,62.636486,53.54452,190.17403,139.65813,8.0,2.0,0
199.59012,200.0,140.67006,0.028129471,46.5059,72.51385,262.73578,265.47507,21.0,0.0,0
192.256,404.0,87.422165,0.00040110294,68.98215,76.212006,224.9404,158.00441,3.0,2.0,0
138.33226,200.0,131.34636,0.0056537357,66.147156,41.610226,273.31573,130.3907,23.0,3.0,0
205.2101,200.0,122.99524,0.024400817,54.07507,62.9589,341.57605,201.69608,23.0,1.0,0
542.6168,200.0,73.46235,0.00034691428,43.978436,70.53486,165.58908,111.61855,13.0,4.0,0
193.64641,200.0,81.59019,0.004649221,53.055355,50.050095,163.87854,109.801285,14.0,5.0,0
129.39671,200.0,115.207245,0.0036154669,47.456615,79.86008,20.782534,236.67015,16.0,2.0,0
280.1193,200.0,101.25103,0.014219351,50.10402,29.418756,413.40076,129.63214,0.0,3.0,0
302.76447,200.0,67.542175,0.000759832,36.78045,42.399532,194.94946,179.91776,18.0,0.0,0
150.89862,200.0,117.275024,0.0038970695,27.034954,69.15421,265.4548,44.475685,5.0,2.0,0
258.63846,200.0,86.66841,0.009104104,35.834675,68.842926,231.85562,366.60956,18.0,5.0,0
203.94525,200.0,123.15409,0.0031709184,50.216957,71.32217,258.80814,173.63991,20.0,4.0,0
126.32733,200.0,168.42998,0.0112144435,31.295296,45.639454,143.3955,60.15462,1.0,0.0,0
82.332504,200.0,101.33491,0.0041474933,42.300785,48.123947,238.32108,51.634846,15.0,4.0,0
208.65814,200.0,61.526478,0.004131354,48.982067,38.64849,315.0706,221.29121,6.0,5.0,0
87.41841,200.0,46.847355,0.0067621204,61.01439,40.116413,257.85812,131.042,11.0,1.0,0
155.4221,200.0,136.99153,0.0014359807,27.86201,28.578142,85.82779,158.18816,8.0,6.0,0
84.38448,200.0,76.28547,0.0074528656,51.568645,78.01073,307.9674,0.0,11.0,1.0,0
228.70279,200.0,135.2033,0.006266744,46.985626,51.468605,165.82901,30.493677,15.0,3.0,0
311.8821,200.0,85.6736,0.0052686958,33.013588,77.1513,240.80698,70.17941,16.0,4.0,0
229.7249,200.0,112.10035,0.0024718835,43.759136,52.55557,414.43625,126.05511,4.0,1.0,0
218.41371,301.0,78.41759,0.00890518,31.82211,51.837254,382.02286,0.0,1.0,5.0,0
183.42903,200.0,172.79417,0.0051827696,29.94296,48.857136,380.5302,140.45163,23.0,6.0,0
216.33073,200.0,67.59139,0.007713944,42.714973,33.8044,329.63785,180.09625,12.0,5.0,0
143.34709,200.0,50.633366,0.02618236,57.711773,71.99902,10.068723,157.82312,17.0,5.0,0
170.97212,204.0,97.644646,0.008878106,51.973522,24.251278,134.51703,192.87619,20.0,4.0,0
176.81557,200.0,133.04034,0.027496688,40.31107,44.62998,89.35889,308.76926,14.0,5.0,0
351.30252,200.0,52.128685,0.023869505,64.39928,31.2887,314.4428,150.7946,4.0,1.0,0
176.34776,200.0,69.78466,0.00332932,50.040497,53.731613,340.45023,177.69559,9.0,0.0,0
293.18823,200.0,107.882484,0.003319267,36.54757,60.954514,273.33838,70.353264,10.0,1.0,0
140.79712,200.0,69.00099,0.009582746,27.769945,52.22193,340.26166,203.19804,4.0,3.0,0
189.86314,200.0,81.23385,0.00010122237,39.244125,41.752792,254.1148,210.56088,23.0,6.0,0
254.71724,200.0,179.7832,0.011303437,59.05359,82.277,247.02898,168.98853,19.0,1.0,0
233.79103,200.0,90.16637,0.011480516,19.4428,58.51475,262.21014,233.22687,12.0,1.0,0
248.33107,200.0,105.69015,0.008047708,55.004368,53.84379,293.7051,299.1523,5.0,6.0,0
200.88988,200.0,105.82479,0.021880709,46.00783,41.68854,92.556046,155.62663,8.0,2.0,0
164.10332,200.0,98.775795,0.0032240197,41.121994,62.083122,185.4576,261.90057,0.0,3.0,0
95.88262,200.0,110.04401,0.0052293413,33.309624,78.10853,315.12726,262.17926,3.0,4.0,0
101.30432,200.0,161.48521,0.012243862,64.90449,47.737816,185.82724,76.25862,0.0,6.0,0
340.0587,200.0,118.31693,0.0045172456,32.027496,56.02905,222.229,100.27691,1.0,2.0,0
126.35447,200.0,92.70963,0.008726341,48.564037,34.600872,340.04745,190.56784,13.0,3.0,0
120.11852,200.0,69.682274,0.014140255,14.386816,14.860362,353.20935,150.94063,16.0,6.0,0
173.69095,200.0,109.36898,0.01074436,38.30415,37.65191,208.62376,198.8285,18.0,3.0,0
85.25881,200.0,170.25655,0.020125642,49.808292,39.556053,158.08714,90.10366,6.0,6.0,0
385.17487,200.0,123.961914,0.025304457,48.34999,41.93886,431.17828,194.05371,7.0,4.0,0
212.46802,200.0,70.93998,0.00041044469,46.586422,55.228176,335.12546,43.17396,2.0,5.0,0
206.40724,200.0,93.28153,0.008155924,40.13841,51.194233,270.2488,187.49773,22.0,0.0,0
200.90031,302.0,76.25001,0.00048435634,45.580883,55.960068,137.26404,213.11711,3.0,5.0,0
240.60164,200.0,38.491184,0.0111715915,29.270386,47.07104,176.21498,201.4638,20.0,1.0,0
344.33847,200.0,66.5469,0.018691873,34.49329,57.312225,181.93988,108.972496,11.0,3.0,0
199.95776,200.0,48.410587,0.016441468,55.814655,68.51908,291.76746,231.24759,14.0,4.0,0
117.6257,200.0,69.12513,0.00018765737,42.22906,60.15938,428.22055,58.389854,16.0,2.0,0
101.33871,204.0,114.085075,0.003936349,35.24685,50.060482,304.45755,192.00401,12.0,5.0,0
89.846085,200.0,85.92015,0.003434065,40.45447,72.61929,152.17506,105.25051,2.0,3.0,0
1460.7585,200.0,106.10596,0.092383176,66.48051,76.58013,9827.899,8583.285,19.0,1.0,1
46.87781,200.0,147.39156,0.0018294656,58.878025,19.55573,286.88876,129.79315,22.0,3.0,0
185.45102,200.0,58.58955,0.0025892232,44.87388,51.560547,426.05267,363.10684,4.0,2.0,0
240.79697,200.0,108.098915,0.0034428963,37.108547,27.960825,363.36685,198.15527,19.0,1.0,0
75.53059,301.0,125.62211,0.0028293452,66.292046,52.213814,299.8982,52.767902,15.0,6.0,0
210.87149,200.0,75.67785,0.0046430817,37.98572,72.99394,25.876955,65.029144,5.0,2.0,0
178.35995,200.0,116.23479,0.0024692782,40.05608,33.783195,88.18132,166.09055,6.0,4.0,0
170.85435,200.0,67.33248,0.0011653265,21.484138,55.401268,339.50964,147.83145,20.0,3.0,0
249.88457,200.0,128.60947,0.006500071,18.38658,31.72706,276.1336,251.00233,18.0,0.0,0
94.091125,200.0,81.19048,0.00142513,53.159794,44.756416,263.79755,161.55783,22.0,5.0,0
108.521484,200.0,81.44707,0.02968394,27.437609,38.167255,162.6308,188.47906,20.0,1.0,0
198.12663,200.0,53.779987,0.0185811,66.147995,43.545124,146.37442,165.44283,1.0,1.0,0
394.81564,200.0,132.96613,0.007922576,41.39584,23.416435,248.76472,203.52127,16.0,3.0,0
212.00914,200.0,101.48241,0.02371218,31.456167,42.6634,367.70862,60.565765,15.0,5.0,0
327.4781,200.0,122.91672,0.0034864428,25.465237,55.60959,360.56314,110.11607,7.0,3.0,0
278.1691,200.0,42.78343,0.013534728,35.437595,43.56143,231.46793,184.59477,4.0,0.0,0
248.16309,200.0,108.46564,0.005051459,47.6258,43.692966,245.93759,289.93295,1.0,2.0,0
109.51966,302.0,123.9944,0.014626696,2.888747,42.823925,206.41995,231.63551,18.0,0.0,0
162.43134,200.0,89.39842,0.007867575,14.983392,76.0396,173.74199,279.46097,13.0,3.0,0
178.3431,200.0,135.0141,0.0044728164,38.444473,31.712261,265.4722,58.40079,4.0,4.0,0
154.82666,200.0,140.8219,0.0019568165,44.65534,42.555958,115.68794,132.46477,8.0,2.0,0
208.45045,200.0,133.97774,0.0024080884,31.18791,32.09485,250.13965,209.36499,23.0,1.0,0
46.73692,200.0,150.25607,0.00883701,63.563255,50.309597,145.78198,68.02469,3.0,2.0,0
348.63202,200.0,137.63968,0.015781764,29.086897,37.02889,282.27878,152.06088,23.0,0.0,0
139.78154,200.0,105.73186,0.026404995,31.155931,45.762753,266.23886,0.0,17.0,0.0,0
324.43246,200.0,144.44453,0.0126185855,38.524555,46.342834,274.37686,253.64093,4.0,6.0,0
339.8884,200.0,105.60099,0.03012001,26.53006,26.599499,248.1482,0.0,15.0,0.0,0
280.84512,200.0,96.532875,0.0065365024,36.584618,71.505196,139.93237,49.34381,5.0,6.0,0
279.54224,200.0,91.98797,0.02135701,52.806416,27.317268,318.20462,230.05867,8.0,1.0,0
75.07054,200.0,84.41965,0.014340353,0.0,45.99027,407.198,157.12337,2.0,0.0,0
62.54063,200.0,82.614365,0.0073470166,28.874846,50.227814,275.87772,151.80128,8.0,4.0,0
304.23904,200.0,77.01735,0.003950637,25.864267,68.0634,249.66573,146.54948,4.0,3.0,0
345.38943,200.0,130.0119,0.016089398,41.54364,54.726574,343.3166,197.07834,4.0,4.0,0
267.5745,200.0,29.045702,0.009288109,32.23615,0.0,35.64301,162.05556,14.0,6.0,0
182.64156,200.0,110.5351,0.0032360773,72.578094,64.33755,186.15024,32.95897,6.0,1.0,0
186.60544,200.0,111.74378,0.0027235798,53.847836,67.073685,250.17268,11.262376,22.0,4.0,0
110.57268,200.0,101.84275,0.0073528937,54.571148,51.69636,467.23734,204.52791,21.0,1.0,0
182.80138,200.0,97.57048,0.005530703,17.276848,32.954903,173.7634,180.17023,6.0,1.0,0
142.1602,200.0,136.1691,0.004232108,24.938257,40.21699,44.881897,64.60754,10.0,0.0,0
71.55195,200.0,72.805115,0.002025881,39.7803,49.268635,340.89252,0.0,7.0,3.0,0
226.18097,200.0,87.54362,0.003014054,27.691065,57.12606,278.67096,171.27913,8.0,1.0,0
274.08362,200.0,86.36301,0.033706274,33.987595,43.13612,220.02461,244.73404,7.0,4.0,0
62.441887,400.0,54.379173,0.060646724,35.43636,50.625862,358.91718,125.846725,1.0,0.0,0
183.96317,200.0,117.287544,0.0049693794,50.0552,64.49687,251.18,78.98301,20.0,6.0,0
117.7817,200.0,69.93585,0.0011762207,38.20175,43.748047,252.46953,67.1055,8.0,5.0,0
237.78899,400.0,81.22046,0.009287128,38.84854,36.469444,256.2538,0.0,17.0,4.0,0
136.45113,200.0,93.99208,0.0037948242,22.07744,29.82971,398.6686,188.46962,19.0,4.0,0
195.27069,200.0,82.20981,0.021795439,55.87833,25.880583,360.2346,258.70444,12.0,6.0,0
3302.0793,504.0,75.00053,0.25188306,79.10819,76.62738,5953.7925,8074.2705,13.0,4.0,1
158.85323,200.0,114.31717,0.0049595325,53.17887,43.256332,303.99414,231.07314,11.0,1.0,0
352.18674,200.0,128.63986,0.0072690086,34.27904,41.111126,228.75731,173.79446,0.0,6.0,0
187.83133,200.0,77.45012,0.001706591,35.806293,36.221184,180.36801,90.38705,15.0,5.0,0
6741.465,503.0,149.36565,0.15123399,41.509808,47.511555,361.5617,232.66756,23.0,4.0,1
77.47732,200.0,109.23445,0.016861225,59.657894,37.398514,180.94966,256.86084,21.0,0.0,0
179.31532,200.0,138.59291,0.010714309,35.591087,37.660183,246.963,170.89917,7.0,2.0,0
215.6725,200.0,80.59481,0.013620446,15.4452505,28.73273,264.15906,0.0,17.0,1.0,0
141.04947,200.0,103.446915,0.0054778904,39.35981,46.57656,227.95116,7.1424375,3.0,1.0,0
107.514755,200.0,182.52846,0.0032254842,19.293655,37.28779,242.3452,295.50293,18.0,1.0,0
262.09497,200.0,49.64818,0.0040031504,50.124474,57.360447,249.84097,217.60051,11.0,3.0,0
222.39774,200.0,69.56018,0.008291863,50.40341,27.022247,65.875305,129.03302,7.0,5.0,0
85.82512,200.0,95.1633,0.00031786648,35.89899,46.022465,295.0174,12.95191,10.0,2.0,0
211.98167,200.0,121.38174,0.018938921,46.112617,45.361034,280.22485,145.88443,6.0,5.0,0
93.23809,200.0,86.69758,0.012883979,25.111406,80.301285,144.5093,146.91478,21.0,2.0,0
251.34926,200.0,67.07456,0.017342782,47.160297,62.004356,316.19205,111.98896,21.0,1.0,0
163.47981,302.0,76.75202,0.0038761077,17.438322,31.391766,116.63648,176.1766,22.0,4.0,0
309.66348,200.0,101.85811,0.005408079,29.42355,51.85858,284.162,203.87727,6.0,1.0,0
102.02625,200.0,127.84884,0.013693455,52.476494,47.844337,223.33565,177.81584,10.0,5.0,0
283.29968,200.0,119.01092,0.0056202393,40.856148,40.790215,330.6227,196.00859,3.0,2.0,0
164.00679,302.0,107.898735,0.015377056,52.25994,61.87473,296.0523,226.35347,14.0,5.0,0
121.989235,200.0,48.97729,0.0017218294,18.541605,46.36921,225.02335,132.98894,16.0,3.0,0
194.28716,200.0,124.36964,0.026003057,23.852037,53.63276,415.95337,111.55151,3.0,4.0,0
168.82352,200.0,99.96078,0.011873638,53.84264,35.936016,113.55371,183.58534,20.0,4.0,0
177.44006,200.0,128.77992,0.0060500475,74.67172,50.345566,241.95901,183.95807,17.0,6.0,0
378.87683,200.0,93.70139,0.016949033,68.839,58.43058,347.65268,0.0,10.0,3.0,0
148.63972,200.0,98.57959,0.001331289,29.223358,46.32255,415.61523,144.12108,10.0,5.0,0
287.91776,400.0,114.83514,0.03413691,30.76391,49.416424,110.116516,181.41176,18.0,5.0,0
341.2617,200.0,119.52795,0.008499822,44.446857,54.11491,307.40747,92.067375,2.0,1.0,0
201.82382,200.0,83.287895,0.0055440706,8.511907,56.24879,84.9318,215.2804,20.0,0.0,0
141.59546,200.0,86.48142,0.033621576,44.125896,44.41966,253.36743,102.71223,4.0,5.0,0
206.81665,200.0,121.99611,5.537752e-05,40.495743,66.73358,120.12753,86.68068,8.0,2.0,0
210.53844,200.0,77.935295,0.0014559914,0.14592427,30.835367,231.01886,159.73557,12.0,2.0,0
242.01863,200.0,58.303497,0.0031958628,40.574883,22.394943,116.212425,287.90353,1.0,2.0,0
209.25056,200.0,112.79328,0.0050761965,25.896582,31.332298,136.5351,162.97983,19.0,5.0,0
106.17512,200.0,84.99534,0.002225594,47.604584,62.0538,58.677677,142.66864,0.0,6.0,0
329.7432,200.0,62.62293,0.014458361,75.16318,60.826885,220.86885,165.863,9.0,5.0,0
434.0815,200.0,71.235886,0.0010370414,21.988056,47.02365,505.18707,62.647594,20.0,4.0,0
156.03061,200.0,140.83142,0.004215163,69.37185,38.871716,205.29999,172.10358,10.0,3.0,0
471.30997,200.0,143.15369,0.005943155,47.059296,50.77017,51.924507,46.68155,12.0,6.0,0
31.110998,200.0,105.987816,0.007380275,50.06362,51.35626,189.67717,212.61624,9.0,6.0,0
321.84842,200.0,80.81406,0.0056270296,62.44673,26.381128,198.19005,100.13046,1.0,2.0,0
179.6206,200.0,86.24564,0.021753427,37.618923,22.173162,174.07436,75.31779,3.0,1.0,0
487.00174,200.0,76.54783,0.0039756843,56.33292,52.635895,10.691695,88.582756,6.0,1.0,0
123.46665,200.0,134.56067,0.011093551,29.748877,67.55136,115.76777,145.4697,1.0,5.0,0
131.3001,200.0,50.38557,0.0005614127,26.621454,74.42623,196.6791,134.54591,1.0,5.0,0
131.41418,201.0,133.95622,0.01147102,33.589157,43.796303,196.82387,30.75037,7.0,6.0,0
250.85997,200.0,97.403336,0.010969821,39.19223,45.758343,268.27475,192.78381,18.0,6.0,0
198.61531,302.0,112.11132,0.014298623,65.86578,63.7307,242.56802,177.1976,3.0,2.0,0
83.46848,200.0,123.05312,0.00976309,49.004494,57.615593,227.7511,155.99193,1.0,5.0,0
241.05098,200.0,73.09581,0.0066876956,30.89773,36.77377,334.67624,193.69745,5.0,6.0,0
117.59772,200.0,72.81661,0.0011453116,9.371814,47.658897,445.88263,130.49834,13.0,5.0,0
213.4845,200.0,76.555275,0.019043844,45.786106,62.491875,496.3909,256.1372,9.0,0.0,0
167.52567,200.0,138.64392,0.007842694,59.247704,69.1928,208.4275,118.49305,1.0,5.0,0
206.1973,200.0,78.34157,0.011658847,17.886894,61.05425,217.21391,254.74078,13.0,5.0,0
235.38167,200.0,85.36816,0.01780585,47.248043,45.64711,399.48297,46.97394,12.0,6.0,0
270.07028,200.0,155.42918,0.0033916556,33.14062,50.182304,325.09,313.3372,1.0,4.0,0
74.456474,200.0,152.38316,0.0031332236,48.898865,38.59943,156.57387,355.7323,8.0,2.0,0
88.35306,200.0,101.853455,0.00038700062,13.406274,41.979256,246.27719,223.74075,3.0,2.0,0
151.54097,200.0,94.221565,0.0026350578,39.451843,60.93092,269.51447,170.96043,6.0,6.0,0
2301.0378,200.0,124.65425,0.23491286,92.89472,75.50989,9089.394,5307.2954,19.0,1.0,1
167.94647,404.0,100.994125,0.0045789536,11.242768,39.669456,434.91528,127.70521,21.0,4.0,0
124.651436,200.0,88.64796,0.020646995,59.886284,70.64108,159.24203,115.97976,5.0,6.0,0
313.61298,200.0,75.82642,0.004655965,9.254737,55.15841,213.04187,0.0,18.0,6.0,0
235.07555,200.0,129.6739,0.0013926422,27.677647,57.174004,225.48988,168.63223,1.0,6.0,0
156.74677,400.0,72.841446,0.010188761,40.511528,37.036827,370.4653,274.98355,16.0,0.0,0
98.75412,200.0,158.70006,0.00012015145,14.084973,60.59509,147.57137,166.51076,4.0,3.0,0
378.6522,200.0,79.78534,0.010216769,44.407036,42.723576,326.05118,129.80524,8.0,5.0,0
332.76794,200.0,92.49186,0.005198984,71.127495,47.519093,234.40733,131.35164,13.0,3.0,0
372.4527,200.0,96.95397,0.005363212,25.787228,38.84011,148.8282,164.14966,6.0,3.0,0
42.583702,200.0,72.6111,0.0023152325,44.47709,47.010036,271.9234,67.10951,8.0,3.0,0
4710.5093,503.0,88.086296,0.23227188,48.08864,48.472107,329.68442,285.30664,10.0,4.0,1
284.32034,200.0,148.62799,0.012248128,34.899906,66.09136,289.0757,123.13668,20.0,0.0,0
127.94777,200.0,120.88127,0.0043464834,62.790154,87.41897,309.44708,158.98322,16.0,4.0,0
233.93156,200.0,90.83676,0.041465946,53.21848,46.280743,425.13055,136.73074,7.0,6.0,0
431.35333,200.0,114.281044,0.028712815,54.758472,44.181335,190.98286,106.76274,5.0,4.0,0
222.32051,302.0,88.51732,0.007397172,5.9582987,54.103672,287.3851,151.62468,21.0,3.0,0
118.48353,200.0,80.762985,0.014666493,13.748905,46.036156,345.37625,109.29449,3.0,2.0,0
242.2329,200.0,89.96843,0.016387546,38.739872,58.7681,242.15845,302.02777,1.0,4.0,0
102.21725,200.0,96.09601,0.006979922,18.918905,39.486973,381.52594,171.36261,18.0,2.0,0
165.8203,400.0,82.17423,0.011903196,62.7752,70.1115,272.88855,0.0,2.0,1.0,0
182.60321,200.0,26.518982,0.005884022,12.084468,34.26154,194.68892,50.25201,21.0,1.0,0
246.10138,200.0,76.06676,0.007093275,40.240173,42.308,236.25119,201.98941,10.0,6.0,0
2511.346,500.0,111.691,0.26616433,69.47939,40.77591,335.5784,249.49321,18.0,5.0,1
409.81808,200.0,187.07951,0.008753328,91.622795,62.5334,254.44984,214.72185,22.0,6.0,0
171.00456,200.0,98.98118,0.01098777,23.108791,43.82973,384.79837,57.569317,13.0,2.0,0
6613.0137,500.0,128.39172,0.20787409,55.056442,78.96064,242.48117,142.24258,0.0,4.0,1
137.28816,200.0,47.3306,0.014627115,53.218563,44.891907,218.91122,235.5935,0.0,1.0,0
323.17682,200.0,124.89349,0.0021658288,39.3453,20.289701,242.47672,177.2585,17.0,3.0,0
180.44398,200.0,104.4059,0.009209621,54.31006,73.77897,35.57843,187.90443,8.0,0.0,0
220.50429,200.0,77.35424,0.011001977,30.938055,70.05461,212.55629,231.50697,9.0,4.0,0
81.879745,200.0,84.44794,0.0050213025,39.065125,36.32899,114.73376,65.66909,23.0,1.0,0
135.34236,200.0,211.835,0.004902665,54.34654,62.233467,194.93184,142.83768,22.0,6.0,0
213.05565,200.0,108.20376,0.0031043484,40.025616,53.520947,160.15417,375.10938,7.0,4.0,0
129.4961,200.0,103.62586,0.023812125,36.43026,72.74317,434.62738,167.72556,7.0,2.0,0
228.32898,201.0,112.9121,0.0113008525,29.902828,50.382393,489.90353,45.877136,1.0,4.0,0
7906.308,503.0,126.71091,0.2649736,72.51341,76.84664,9933.74,6808.8,12.0,1.0,1
319.5891,200.0,113.54188,0.0003062407,28.906359,19.972809,276.08792,233.10945,7.0,1.0,0
367.53867,200.0,127.82774,0.004603161,50.639477,19.762459,166.43977,161.433,17.0,5.0,0
464.8642,301.0,114.49161,0.0018075098,45.833736,65.3709,59.275803,189.33676,10.0,6.0,0
215.34006,200.0,61.16737,0.0039275675,29.181894,65.583305,247.34698,37.880966,22.0,1.0,0
234.8274,301.0,101.423454,0.010369908,48.43036,47.141136,237.48677,186.26926,10.0,0.0,0
81.637344,200.0,81.65071,0.0030087736,55.061665,49.438282,199.55708,138.41112,6.0,3.0,0
133.82346,200.0,108.18872,0.008297067,47.59072,46.220917,324.17606,198.23158,7.0,2.0,0
76.29004,200.0,119.01296,0.011105479,3.8643994,83.05113,180.2807,135.96315,22.0,1.0,0
150.91193,204.0,78.14187,0.019496512,29.837534,40.35507,395.8337,189.64117,5.0,2.0,0
132.22801,200.0,140.15245,0.0008102949,48.27667,54.44389,230.33255,0.0,23.0,5.0,0
324.90073,201.0,118.219376,0.0025912584,44.2082,36.181053,336.7906,188.39377,7.0,0.0,0
166.8626,400.0,82.32519,0.003484556,31.682053,60.095375,363.83057,242.06557,1.0,6.0,0
103.12498,200.0,126.827225,0.005755659,62.183456,59.36872,260.19067,277.6216,2.0,2.0,0
246.79227,200.0,131.818,0.036263064,42.704216,59.230026,277.12317,173.25462,22.0,6.0,0
208.42448,200.0,110.65146,0.016435152,27.349035,53.76339,235.23833,4.256073,1.0,6.0,0
130.83707,200.0,96.136314,0.0026763175,29.400005,63.140892,237.51178,58.660797,1.0,5.0,0
174.00565,200.0,97.168465,0.007860439,47.664433,35.58463,264.8675,25.435575,6.0,1.0,0
173.51468,404.0,143.57924,0.001350385,43.096092,62.689903,243.701,154.19385,22.0,5.0,0
227.42885,201.0,76.23104,0.014092757,49.59914,37.38027,302.66498,201.82634,8.0,6.0,0
153.11363,200.0,86.11838,0.00072334043,59.428867,27.296394,377.9254,218.48033,18.0,2.0,0
133.08293,200.0,110.94304,0.0048741745,62.187084,28.178534,359.48267,114.20107,4.0,1.0,0
138.95222,200.0,132.22041,0.0008698698,29.08071,52.599667,116.06831,137.78282,23.0,3.0,0
172.62007,201.0,78.279945,0.005817589,38.52783,58.28074,308.8794,153.05295,11.0,2.0,0
246.37108,201.0,121.59642,0.006142405,60.244923,57.785877,155.51395,224.04489,14.0,6.0,0
278.04053,200.0,52.30208,0.004507956,49.42046,68.366905,235.58173,158.74356,15.0,2.0,0
98.24378,200.0,97.57349,0.0075929384,31.243162,60.911,330.36545,99.045296,21.0,5.0,0
112.613815,500.0,131.22617,0.0015461518,42.43464,21.164452,383.53284,279.5969,16.0,6.0,0
168.32098,200.0,75.38654,0.00082332746,57.506504,30.382902,24.110859,184.2058,8.0,4.0,0
177.42555,200.0,104.26444,0.0023126036,29.760187,62.4649,275.4573,46.48621,21.0,6.0,0
293.72272,200.0,107.21233,0.01948346,52.498287,34.842022,130.795,123.755684,20.0,5.0,0
242.5923,200.0,159.02966,0.021780794,41.551403,58.569225,259.38376,287.56445,16.0,3.0,0
134.5134,201.0,93.35887,0.02021435,49.912155,30.06034,297.92154,113.136215,8.0,0.0,0
212.99368,200.0,93.7102,0.01960096,48.35831,59.538864,274.0331,193.27419,23.0,1.0,0
184.58054,200.0,86.50655,0.0073164506,56.055897,57.588722,282.49612,84.4041,23.0,2.0,0
321.1645,200.0,136.09532,0.026399594,35.482094,54.77778,156.76022,194.213,23.0,3.0,0
100.37469,200.0,127.82583,0.0050451313,32.987038,40.823757,251.2904,120.60772,23.0,2.0,0
123.8619,200.0,145.7079,0.013733931,58.100685,44.817505,202.74641,158.4602,8.0,1.0,0
312.67416,200.0,158.14348,0.0016013803,27.052748,27.320145,287.10272,255.61217,9.0,4.0,0
142.54507,200.0,29.531017,0.013999617,56.747223,74.281624,318.0677,204.98135,14.0,2.0,0
373.52393,200.0,63.631084,0.0014639287,43.446587,61.110542,197.2562,220.29936,14.0,0.0,0
79.55255,200.0,54.424793,0.007706064,36.935345,49.87885,212.4345,102.530495,18.0,2.0,0
432.58142,200.0,109.57036,0.023907943,96.03669,85.07901,322.53076,367.96338,19.0,4.0,1
244.74915,200.0,93.38204,0.006225786,31.391586,51.854378,329.8883,109.64877,10.0,3.0,0
134.68016,200.0,133.43068,0.0053928043,51.604973,93.67593,281.69235,208.03816,6.0,1.0,0
124.26096,200.0,100.71171,0.004039678,42.69129,48.711174,148.9324,48.8202,8.0,0.0,0
297.10184,404.0,51.27698,0.010149893,42.497883,48.597214,174.77165,82.34706,10.0,1.0,0
222.2713,200.0,86.555275,0.008119136,47.828014,51.132862,153.57576,131.10625,5.0,1.0,0
150.79819,200.0,68.04215,0.0012119323,43.326862,61.286488,285.3475,96.62598,16.0,6.0,0
365.27844,200.0,110.83112,0.00026519413,53.904617,52.74715,273.70117,127.41565,7.0,3.0,0
438.03793,200.0,191.30212,0.03634531,91.24606,89.22202,478.2266,271.27548,16.0,3.0,1
193.28415,200.0,78.265335,0.0068887523,31.882538,46.361454,237.35703,393.1788,8.0,2.0,0
255.88873,302.0,92.19567,0.0020782899,57.155834,46.40594,192.94075,81.14442,3.0,1.0,0
106.91854,200.0,136.5769,0.0007274775,83.32792,77.19341,415.43204,116.26202,14.0,4.0,0
154.52097,200.0,61.68227,0.0017596649,35.80871,74.690834,222.49486,190.57658,11.0,1.0,0
349.80823,200.0,61.94907,0.03857068,24.869005,63.43213,201.42653,177.02849,9.0,6.0,0
106.1121,200.0,138.14668,0.0013675734,28.170275,39.932693,97.072556,190.26404,4.0,4.0,0
195.58923,200.0,138.22354,0.0038212207,46.493904,43.878048,308.97144,48.32455,19.0,5.0,0
67.7344,201.0,80.3657,0.0010495898,44.34003,37.437473,140.82948,155.72076,2.0,1.0,0
183.30463,200.0,63.308273,0.0028536378,42.100906,61.374035,202.80515,215.0898,20.0,1.0,0
194.06555,200.0,102.63885,0.008072169,45.87565,48.132202,338.36584,121.42968,13.0,0.0,0
354.20114,200.0,79.10142,0.0063973446,64.06967,28.459806,282.282,160.32162,22.0,2.0,0
154.70995,200.0,112.49291,0.00036008254,49.115463,54.18023,290.4627,130.4853,1.0,3.0,0
194.13647,200.0,100.644905,0.030680332,29.24518,34.3616,126.502785,118.21341,17.0,6.0,0
279.57968,301.0,87.92745,0.0038308227,43.930374,69.50359,246.65956,38.425007,0.0,1.0,0
167.89812,200.0,126.90388,0.012528856,31.776165,52.512985,233.59647,174.82594,3.0,1.0,0
45.96227,200.0,139.20581,0.005488505,31.895002,36.186935,291.3121,116.802155,2.0,6.0,0
352.16354,200.0,55.711662,0.021511922,8.071564,40.964687,219.94081,23.620592,16.0,5.0,0
281.7194,200.0,65.45442,0.024148664,53.28822,44.960247,235.71996,196.26582,8.0,5.0,0
202.61827,200.0,125.66054,0.0030371998,22.592817,26.327793,113.16875,97.916756,5.0,1.0,0
176.93477,200.0,125.903786,0.0069452114,25.72055,72.65679,0.0,143.53094,19.0,0.0,0
443.0423,200.0,96.825714,0.023587449,30.079674,55.781998,273.50784,49.67176,5.0,3.0,0
181.52675,200.0,80.91159,0.004952567,29.437735,41.47675,222.16599,186.35774,11.0,5.0,0
129.00911,200.0,87.80813,0.0040872972,47.017494,41.50795,199.96255,189.58125,19.0,2.0,0
199.87094,200.0,76.99115,0.0017590395,55.08767,61.328964,88.042725,200.31592,20.0,2.0,0
338.5221,200.0,100.23821,0.0020170666,27.767101,42.554707,292.5414,0.0,1.0,0.0,0
204.69693,200.0,49.965176,0.0022541967,33.086597,80.07781,344.0086,127.09047,6.0,3.0,0
319.89655,200.0,130.84486,0.01785965,30.746458,51.13277,274.29233,0.0,19.0,5.0,0
217.38493,200.0,92.44827,0.010821459,11.1136055,40.932343,283.80783,104.3434,21.0,6.0,0
266.83768,200.0,162.14908,0.01842783,40.833954,40.31437,328.07895,188.46947,5.0,4.0,0
279.94913,200.0,111.855156,0.006604072,35.39719,17.861687,204.35144,206.33446,14.0,1.0,0
275.56873,200.0,102.37109,0.000805151,52.015144,54.31634,47.540836,315.65585,4.0,3.0,0
203.09203,200.0,63.663452,0.015803732,33.47147,51.48463,247.50156,101.45254,23.0,5.0,0
233.81854,200.0,129.65668,0.0033278556,42.412903,85.47932,404.01868,254.33842,4.0,2.0,0
83.07923,200.0,97.27803,0.0055743395,53.054646,74.42559,328.02206,154.55263,18.0,5.0,0
148.4813,200.0,128.3248,0.013352441,25.48457,46.41784,214.885,322.76498,9.0,3.0,0
231.38179,200.0,117.077736,0.0011672165,41.9376,39.557575,291.90555,316.7223,6.0,6.0,0
254.97731,200.0,103.39503,0.00055417704,36.422718,43.554405,254.1894,319.1288,7.0,0.0,0
148.48187,200.0,76.91294,0.0014240299,29.520563,52.917576,160.67253,43.423546,1.0,1.0,0
153.62535,201.0,118.182556,0.031391073,52.44077,52.21616,235.60767,125.736015,5.0,0.0,0
240.62949,200.0,131.42766,0.0009909078,27.920202,50.78325,126.59807,75.902695,9.0,3.0,0
174.10765,200.0,72.630516,0.010395477,49.69746,62.18873,20.19071,114.09622,20.0,6.0,0
189.36374,200.0,137.83752,0.0002043181,36.809597,41.728348,80.39303,217.02423,17.0,2.0,0
528.9941,200.0,32.046722,0.003030084,35.776836,44.59225,159.45236,243.96422,11.0,3.0,0
115.22719,200.0,39.119556,0.0012856439,47.686237,40.775677,291.5427,92.09316,19.0,5.0,0
202.66293,200.0,34.86718,0.0017973699,58.280632,69.07123,111.38204,200.0591,12.0,0.0,0
124.80607,200.0,68.461105,0.0038471762,22.45259,51.978485,244.43552,227.42635,18.0,1.0,0
142.37076,200.0,126.61308,0.0006813265,40.3874,44.399906,277.37595,83.14912,10.0,5.0,0
304.73074,200.0,106.88176,2.4875399e-05,40.697834,43.03053,275.6869,129.05748,1.0,5.0,0
469.54376,200.0,54.18878,0.0108836405,32.13029,56.189575,263.6514,239.26433,1.0,1.0,0
217.78242,200.0,139.76117,0.024719048,44.19765,26.451159,200.81522,166.62941,5.0,1.0,0
277.41504,200.0,100.32666,0.0054946495,51.561695,33.22863,456.12637,205.05457,12.0,5.0,0
342.1291,200.0,110.69087,0.0049484284,34.129528,65.55226,106.467575,19.914211,10.0,5.0,0
312.34592,201.0,100.62662,0.0004025128,51.237537,61.96149,226.27255,107.38037,21.0,2.0,0
426.36145,204.0,73.923386,0.006728379,38.251984,30.061314,211.80363,233.77475,16.0,4.0,0
94.24755,200.0,67.092155,0.010071264,2.9358866,30.716343,321.60464,164.1985,7.0,2.0,0
218.53926,200.0,67.39353,0.0037417077,73.62374,67.92985,215.5932,173.78865,21.0,1.0,0
275.93332,200.0,78.06326,0.00820813,42.05395,41.509594,203.44916,128.25952,15.0,4.0,0
105.75402,200.0,104.26349,0.010127359,10.875242,61.870228,237.24141,91.24046,22.0,2.0,0
83.602486,200.0,124.84174,0.012802286,26.065617,43.548077,156.88159,86.07714,2.0,2.0,0
149.16202,200.0,85.14018,0.0029772364,64.5658,57.3191,183.27434,0.65986156,1.0,2.0,0
207.4635,200.0,47.025055,0.0023649072,37.504444,55.27488,199.71324,100.31754,5.0,0.0,0
198.45775,200.0,119.84915,0.0019801643,39.752266,46.10884,198.07451,120.98716,15.0,5.0,0
365.79727,400.0,78.20934,0.016061578,36.349537,44.61986,175.33432,159.0312,23.0,4.0,0
148.6973,200.0,150.7352,0.005588057,36.76327,45.71915,485.879,58.695404,15.0,3.0,0
223.62885,200.0,124.370285,0.0027240468,49.541595,57.26169,468.56528,129.10004,21.0,0.0,0
160.1615,500.0,107.383194,0.0010308871,43.69756,20.156212,297.24084,87.82686,20.0,1.0,0
167.9174,200.0,105.31566,0.0015410176,50.761986,45.283276,395.55313,201.21986,4.0,0.0,0
284.26266,201.0,146.04839,0.0065724547,37.975487,78.62297,184.2201,115.0601,0.0,4.0,0
103.787384,200.0,0.0,0.004295209,36.036957,63.836147,334.2493,236.95415,7.0,6.0,0
290.43002,200.0,99.54416,0.0157468,30.316952,48.57244,290.7565,0.0,1.0,4.0,0
217.69708,200.0,76.90829,0.00973723,42.21953,20.224127,300.77164,185.43658,2.0,4.0,0
81.739815,200.0,80.00166,0.02022052,38.318554,71.37999,203.76738,248.57454,13.0,3.0,0
122.3019,201.0,132.54774,0.0023614003,59.626118,42.350758,451.574,171.1842,21.0,6.0,0
291.3952,200.0,87.33037,0.0043506017,71.27971,42.325882,237.37035,109.94092,23.0,5.0,0
296.4109,200.0,101.364,0.0059102024,33.762516,18.99882,137.87741,154.79407,15.0,3.0,0
131.4285,200.0,74.62927,0.0028863682,25.25597,33.026108,228.76207,114.68485,15.0,5.0,0
224.51622,200.0,123.82279,0.003533999,55.818527,42.578423,307.7724,151.69046,15.0,2.0,0
104.82703,201.0,109.056885,0.0038754873,53.544174,61.39671,269.82205,76.67517,9.0,0.0,0
181.44478,200.0,61.98994,0.0008130657,30.806772,61.130203,370.549,160.09834,6.0,3.0,0
218.67764,200.0,133.62686,0.011484181,41.733253,46.448994,0.0,74.50004,16.0,2.0,0
195.74815,200.0,97.316895,0.0110291755,17.606358,61.829502,241.64934,270.2884,20.0,1.0,0
180.2791,200.0,104.60291,0.021250999,51.104095,68.72941,348.70792,112.41059,3.0,2.0,0
337.20364,302.0,112.26782,0.0003596663,53.571663,85.16671,104.39941,0.0,0.0,6.0,0
270.78427,200.0,121.43962,0.0031746514,52.454365,54.31039,195.9655,313.75436,15.0,4.0,0
246.07234,200.0,149.42665,0.005092829,54.76242,33.68829,301.17523,0.0,7.0,2.0,0
238.39618,200.0,65.14719,0.0015527029,12.921699,59.8132,265.22916,180.55469,13.0,2.0,0
238.93253,200.0,118.84738,0.0044773296,51.70334,61.762394,42.077763,0.0,8.0,2.0,0
147.01288,200.0,64.02774,0.010155544,36.115223,93.636795,443.99576,94.39089,20.0,2.0,0
373.50082,200.0,125.246506,0.003168103,44.950836,49.66412,298.46982,237.33044,21.0,3.0,0
169.05898,200.0,151.95477,0.03012517,17.380592,44.39979,325.58563,97.26173,20.0,2.0,0
238.8116,200.0,78.69336,0.015889486,49.400135,40.87108,253.01387,227.59816,7.0,2.0,0
149.03998,204.0,101.327255,0.0059071034,53.857483,47.007973,378.06717,40.08109,10.0,6.0,0
165.04095,301.0,38.612038,0.005827574,33.952366,43.14343,250.14099,110.353386,21.0,3.0,0
297.358,200.0,97.04825,0.002847691,43.23328,57.461422,282.7468,222.67107,4.0,6.0,0
209.8177,200.0,118.19478,0.0011888046,57.898876,46.71837,175.35846,100.51966,17.0,2.0,0
135.62839,200.0,119.90761,0.0050611417,34.848583,65.38673,280.0113,219.44005,11.0,4.0,0
262.87988,302.0,73.679726,0.013942236,38.991875,49.90339,243.47797,0.0,9.0,6.0,0
158.08455,200.0,72.77863,0.011517151,27.92553,51.81452,294.55118,222.16606,6.0,3.0,0
169.36494,200.0,66.20217,0.00089642685,26.849474,38.93351,229.34355,200.29727,20.0,6.0,0
254.80006,200.0,98.26237,0.004694852,27.198696,58.7751,4.2493477,38.207516,9.0,3.0,0
336.7582,400.0,113.943726,0.006301037,44.965763,42.313404,293.12082,70.10247,12.0,4.0,0
237.6586,200.0,100.89015,0.0107117,36.12615,63.607597,276.02704,186.52148,18.0,1.0,0
334.6334,200.0,101.53065,0.021954276,9.00652,29.54215,467.15512,100.2821,15.0,4.0,0
365.6931,200.0,144.41476,0.033077184,57.73934,65.69043,117.41247,0.0,9.0,3.0,0
160.93086,200.0,98.253815,0.019170353,31.74497,50.721397,201.03734,53.595276,7.0,5.0,0
258.03543,200.0,81.309685,0.007230713,27.894325,29.654404,73.1799,76.6707,14.0,6.0,0
349.6862,200.0,120.000244,0.024248691,43.67045,70.96644,469.3057,145.48769,9.0,2.0,0
177.016,200.0,114.76375,0.0035909961,28.779634,47.26632,278.68823,295.18335,23.0,0.0,0
104.60725,200.0,79.4421,0.0049192,33.64008,12.086735,557.5661,224.90157,14.0,5.0,0
140.85403,200.0,90.18175,0.00020352176,31.06191,43.628773,310.72763,176.68866,2.0,2.0,0
147.60075,200.0,70.96179,0.01978039,20.632368,62.055557,216.78055,85.44745,17.0,3.0,0
257.59174,204.0,112.01925,0.002113568,36.786255,37.421093,239.66522,176.49284,11.0,4.0,0
202.6843,201.0,85.095474,0.0060507576,69.91291,71.660835,200.91469,103.17296,15.0,2.0,0
219.5358,200.0,70.89938,0.0033381153,45.70741,37.150272,340.16052,0.0,4.0,0.0,0
106.17265,200.0,108.454605,0.038822636,36.27804,50.858223,92.31139,226.48958,22.0,5.0,0
128.88629,200.0,82.96268,0.00524624,36.59716,41.95968,257.2739,256.03354,7.0,6.0,0
209.68884,200.0,112.35002,0.014386391,29.633337,22.481823,99.90723,246.32458,13.0,4.0,0
58.762,400.0,91.92492,0.0027349354,34.895203,49.212795,286.4969,9.294581,4.0,6.0,0
214.77008,200.0,123.8733,0.012280526,42.309753,60.961857,141.06721,95.90871,7.0,3.0,0
175.79015,200.0,135.64357,0.047264107,46.643112,55.023304,109.60695,271.77554,17.0,1.0,0
208.85898,200.0,106.419785,0.0081096515,54.98726,55.445152,198.9288,30.977936,7.0,5.0,0
202.92259,200.0,96.60073,0.00017589115,23.591629,31.451933,360.82825,207.78513,17.0,2.0,0
86.431015,200.0,66.32232,0.0060909996,30.469015,64.502266,224.7427,128.56815,11.0,0.0,0
105.32525,201.0,90.80216,0.025199141,17.756172,71.45656,253.41962,125.18651,4.0,0.0,0
236.05241,200.0,104.36793,0.0076574474,42.9434,41.884666,130.96927,307.47473,3.0,6.0,0
88.417984,200.0,100.168816,0.00457676,75.00019,43.284233,132.90627,46.454346,14.0,2.0,0
191.47717,200.0,210.74873,0.0027189904,83.54551,34.2437,143.91093,50.406628,11.0,6.0,0
157.01501,200.0,78.145096,0.008234145,24.445326,70.8229,148.47523,0.0,23.0,6.0,0
82.52989,200.0,105.55943,0.000601832,41.58204,32.848293,201.55453,125.887474,13.0,6.0,0
94.44841,200.0,86.93054,0.001293083,64.180046,58.044296,326.0101,162.88599,3.0,1.0,0
265.73367,200.0,126.95581,0.023457563,45.305576,57.720097,308.3661,150.22926,20.0,4.0,0
200.40538,200.0,87.82034,0.00867158,61.430725,54.415844,234.30904,168.08485,12.0,0.0,0
307.98267,200.0,102.8333,0.036019623,46.99186,45.66197,247.82306,222.4113,1.0,6.0,0
176.34288,200.0,85.57142,0.0032704873,27.090363,54.46625,319.01666,24.075174,19.0,1.0,0
427.88107,200.0,93.200134,0.010144553,19.393234,41.61731,302.42773,240.00485,20.0,6.0,0
279.3867,200.0,74.13583,0.004850214,43.372772,41.71624,429.5823,242.2676,15.0,6.0,0
220.03224,200.0,107.084145,0.016804107,64.04003,54.666367,289.67136,263.6508,14.0,2.0,0
203.906,200.0,82.41591,0.004136504,80.91022,67.06817,104.05839,119.180786,4.0,0.0,0
136.22772,200.0,109.10214,0.0279531,53.466797,63.2691,195.16972,211.29631,1.0,0.0,0
167.75784,200.0,65.3766,0.005914684,31.821732,59.52535,267.48703,253.10281,23.0,1.0,0
283.3333,200.0,77.350105,0.0026019244,46.474777,40.030632,248.01663,143.45453,2.0,2.0,0
349.84854,200.0,95.626945,0.0045578615,34.643204,50.160694,265.36255,300.3622,16.0,0.0,0
168.21634,200.0,128.15833,0.0060362676,8.248536,66.93786,22.624804,9.224882,10.0,5.0,0
153.9106,201.0,160.03069,0.0012118578,51.889557,64.03686,155.20972,135.83398,4.0,6.0,0
74.96074,200.0,92.78264,0.0371954,29.464178,43.953526,151.41876,153.14896,8.0,3.0,0
192.22546,200.0,82.389145,0.006305972,41.607,53.260616,228.73227,190.63939,10.0,4.0,0
187.36458,200.0,43.900616,0.014590818,24.854815,33.18678,220.66742,2.1116588,1.0,0.0,0
204.24086,200.0,110.59275,0.0078067365,51.59552,70.75725,211.69226,140.69061,23.0,6.0,0
212.84326,200.0,122.31606,0.009303456,26.318209,74.26183,120.94292,128.09753,22.0,3.0,0
137.48297,404.0,93.125404,0.025436928,48.824203,51.26397,350.04352,159.75902,15.0,1.0,0
226.96469,200.0,119.54344,0.0012901818,74.04389,33.477116,260.47412,167.28215,4.0,3.0,0
213.44136,200.0,81.55789,0.004282065,26.537077,24.819347,168.65994,81.287964,0.0,6.0,0
160.22154,200.0,66.6312,0.027164536,57.664524,46.907005,312.15332,175.65503,13.0,4.0,0
907.94434,200.0,188.1508,0.09349382,50.619373,71.34789,9770.0625,9590.034,11.0,0.0,1
132.69992,200.0,141.11206,0.006175948,57.44226,34.65108,159.7729,4.8668795,9.0,5.0,0
8570.863,504.0,77.79751,0.10767673,46.92615,56.373894,381.72574,241.5191,8.0,4.0,1
139.41359,200.0,138.01506,0.003975559,72.13503,31.74661,239.90349,200.04924,21.0,2.0,0
145.66177,200.0,98.77072,0.0032046125,29.034119,18.10018,242.00797,98.26377,8.0,2.0,0
191.28915,200.0,117.49325,0.014640066,37.828934,42.29326,255.06122,332.46085,14.0,3.0,0
58.213387,200.0,74.46239,0.00085326616,53.34518,66.63547,155.94798,257.82153,6.0,3.0,0
289.9963,200.0,100.37026,0.005678604,42.794243,39.093643,304.14172,203.65622,4.0,5.0,0
318.76428,200.0,123.99857,0.01594459,29.050997,45.403446,393.06497,113.37212,3.0,6.0,0
123.20331,201.0,121.1084,0.0005163835,35.713707,70.80992,327.4853,162.36642,17.0,6.0,0
145.66614,200.0,102.84251,0.003519399,16.268599,60.070663,205.2386,92.75113,13.0,3.0,0
202.36104,302.0,95.533676,0.0015226237,51.75706,42.88214,389.95663,186.7139,18.0,2.0,0
258.94714,200.0,158.14601,0.01589259,49.29542,44.620968,401.4098,14.240348,14.0,3.0,0
758.23615,200.0,179.50797,0.0129025,85.517746,97.291985,390.1807,302.2839,10.0,1.0,1
333.5054,200.0,146.2689,0.013955408,28.394075,30.322334,309.1471,179.3118,1.0,1.0,0
9848.869,503.0,127.87553,0.16016316,32.3078,64.302536,362.42795,277.26157,14.0,5.0,1
204.58545,204.0,106.52429,0.028563565,56.616356,67.41065,281.88086,66.78138,4.0,1.0,0
143.50162,200.0,74.92996,0.008618689,13.10815,59.271477,237.24698,108.25978,17.0,2.0,0
397.21298,400.0,92.797646,0.006077846,37.53537,41.287746,102.068665,101.14781,12.0,6.0,0
113.834305,200.0,102.59643,0.010763596,49.94248,71.13171,237.06305,190.95473,17.0,4.0,0
216.57333,200.0,47.659748,0.00056758814,54.049423,57.9039,297.5081,131.29973,18.0,0.0,0
217.41869,200.0,83.641785,0.008982385,42.257328,51.138397,155.96667,103.84506,15.0,6.0,0
150.0056,302.0,80.883644,0.004609697,16.91413,40.61573,132.40341,265.70578,10.0,2.0,0
224.35258,400.0,160.74635,0.02636732,33.73174,64.708595,359.5589,184.1744,9.0,2.0,0
118.656296,200.0,138.58922,0.0056525297,8.209623,67.674545,159.7431,25.992838,17.0,3.0,0
197.5051,200.0,133.60568,0.024500277,33.066944,32.763603,81.16217,191.56137,22.0,1.0,0
93.40775,200.0,148.13042,0.026495822,44.12951,67.25893,232.01968,151.82133,4.0,6.0,0
335.54034,204.0,61.916103,0.015725045,30.126251,67.12763,308.69357,253.17267,0.0,2.0,0
134.97997,200.0,94.548325,0.003774524,75.11873,29.559187,292.64243,175.2201,0.0,1.0,0
280.0485,200.0,114.58095,0.01189978,49.10716,56.72132,370.9019,191.94814,7.0,3.0,0
168.09502,200.0,64.39763,0.0026396108,57.35527,52.933586,96.12807,196.84007,1.0,5.0,0
283.50076,200.0,101.54657,0.009456641,28.04888,28.049404,373.42316,5.82154,4.0,4.0,0
3094.2488,504.0,61.005924,0.29767966,54.957405,50.48957,326.56247,166.20575,10.0,1.0,1
254.8785,201.0,118.89156,0.010159915,54.44447,67.417625,208.49652,193.29813,6.0,4.0,0
92.55616,200.0,73.71133,0.030834006,62.24021,43.34799,183.66327,122.7328,11.0,3.0,0
9203.226,502.0,112.51981,0.29974452,57.31047,71.850204,210.99393,278.56857,5.0,2.0,1
42.345478,200.0,56.068913,0.00045349088,54.405483,67.406,214.35779,221.18466,2.0,1.0,0
247.80774,200.0,105.07719,0.01498084,71.7168,60.695602,270.67502,324.00974,10.0,4.0,0
114.45024,200.0,160.36986,0.0062217163,36.270817,29.106318,115.89714,152.2605,23.0,2.0,0
335.84738,500.0,76.695656,0.009873082,57.78016,60.227448,285.46686,221.382,6.0,6.0,0
209.99791,200.0,94.91232,0.009296773,29.028713,47.96983,333.72647,303.88867,15.0,5.0,0
154.0165,204.0,138.7387,0.032257177,30.249784,27.03035,285.20975,113.0692,11.0,2.0,0
263.0989,200.0,130.51724,0.0055786697,61.806534,57.849392,106.84445,116.61096,18.0,1.0,0
143.33241,200.0,99.992935,0.0045481347,35.92342,39.364727,318.64853,140.63657,22.0,6.0,0
187.30255,200.0,119.463646,0.014812136,47.408142,48.390472,222.44522,45.338078,21.0,6.0,0
151.86311,201.0,94.40939,0.015548644,56.936264,49.67174,481.7606,64.37783,6.0,4.0,0
125.00149,200.0,55.175507,0.0044156,45.923992,67.70329,318.0666,79.45595,1.0,0.0,0
115.64177,200.0,144.05481,0.0026974874,56.062313,48.963886,165.7456,175.6173,8.0,1.0,0
188.24644,200.0,62.754513,0.00094986684,72.78149,78.06371,251.11731,192.35172,0.0,5.0,0
110.74031,200.0,149.31477,0.0045139333,26.733696,43.421917,272.95026,0.092713915,0.0,1.0,0
273.84683,200.0,72.2691,0.012493685,52.35425,60.36158,288.24768,211.61674,14.0,0.0,0
243.83698,200.0,67.59499,0.0072038686,31.495493,52.408348,117.22461,235.3971,4.0,4.0,0
1859.2963,503.0,50.37954,0.19012728,63.6579,54.151344,212.02083,173.35051,1.0,1.0,1
209.73691,200.0,142.03397,0.0001860892,34.97871,47.797733,315.10284,152.8128,3.0,3.0,0
189.93047,200.0,164.69423,0.0038676963,49.116524,79.11918,128.99846,13.315663,21.0,1.0,0
202.53505,200.0,140.0806,0.0063947057,63.605484,58.298862,255.57051,231.52261,13.0,4.0,0
131.57294,200.0,111.959305,0.008836748,36.844025,35.70082,260.94946,2.1208572,4.0,3.0,0
91.901955,200.0,98.68303,0.0007226444,71.17249,41.072372,135.63907,245.00912,12.0,6.0,0
317.14038,200.0,43.707466,0.006196546,10.35124,46.445324,286.2039,110.44662,15.0,2.0,0
278.4744,200.0,124.90628,0.0005785571,41.25486,41.266323,224.97925,201.58418,13.0,3.0,0
238.70862,200.0,71.753296,0.009024392,38.872925,35.128777,273.25497,125.53537,3.0,3.0,0
140.39137,200.0,103.65841,0.002663888,41.75681,16.856733,18.06863,180.07693,21.0,3.0,0
184.32495,200.0,82.624825,0.00902911,24.692976,38.9021,429.10175,51.277126,7.0,1.0,0
151.50835,201.0,126.50481,0.046719223,21.387167,51.96134,319.79172,77.01041,2.0,6.0,0
94.19274,200.0,79.83945,0.01892298,49.54206,66.93766,49.02035,215.8705,3.0,2.0,0
216.37956,200.0,128.13617,0.01061861,53.37868,56.686005,244.61858,86.86913,1.0,3.0,0
161.90018,200.0,97.9904,0.0018907534,51.944458,57.989315,253.46805,245.9445,23.0,5.0,0
209.26122,200.0,135.72385,0.005688234,67.87313,37.01825,294.96524,54.64316,14.0,2.0,0
170.4828,200.0,109.98668,0.02151434,29.628244,41.701305,358.35025,281.55484,8.0,1.0,0
316.80493,200.0,87.889206,0.013954253,73.01821,51.645897,292.02167,244.94998,15.0,0.0,0
222.33603,200.0,111.10509,0.025461713,64.00765,64.42143,315.93082,97.11223,2.0,6.0,0
135.1433,200.0,97.264755,0.0062785456,53.36192,34.540604,211.38676,120.54953,17.0,4.0,0
173.35742,200.0,104.049225,0.002454571,79.84302,38.74653,376.5377,142.16397,16.0,4.0,0
265.6741,200.0,140.6302,0.006861248,52.307846,48.351906,205.23802,177.11958,23.0,0.0,0
165.91434,201.0,101.126816,0.010755629,37.351215,49.055653,320.15976,135.99632,8.0,5.0,0
133.3933,200.0,100.14944,0.0013805744,21.283998,45.220108,374.60092,197.45262,12.0,5.0,0
251.6722,200.0,52.84711,0.0044047153,28.636427,34.43591,317.8397,197.4585,10.0,4.0,0
267.077,200.0,48.730137,0.008769298,52.569496,59.773777,384.86246,187.52614,9.0,5.0,0
105.13976,200.0,95.186386,0.015949996,60.766228,64.09846,266.237,260.96997,2.0,3.0,0
91.975296,200.0,114.39055,0.07424312,52.97205,38.316586,188.03745,237.79944,11.0,6.0,0
144.4939,200.0,172.22774,0.012969871,28.731438,24.128302,312.05078,0.0,20.0,6.0,0
7195.2803,504.0,71.58976,0.23148584,51.230152,67.399124,349.63843,163.74158,14.0,0.0,1
204.63928,200.0,156.94351,0.0088835,20.409811,68.9951,316.61072,182.35559,19.0,0.0,0
130.11385,500.0,99.05315,0.015834915,46.486973,32.13593,334.87332,164.94305,10.0,4.0,0
178.5681,200.0,95.85182,0.003590813,59.086327,24.346735,212.1814,348.86554,20.0,4.0,0
295.8436,200.0,49.051006,0.012731158,48.888233,54.39396,261.67896,156.7732,23.0,6.0,0
233.51479,200.0,74.725784,0.013099027,58.795235,42.42645,215.13365,264.34006,13.0,2.0,0
130.10355,204.0,109.26359,0.003924681,40.56674,45.750465,237.5936,100.14938,21.0,6.0,0
398.3408,200.0,176.01132,0.006947187,25.330952,59.581436,307.0782,129.37662,19.0,4.0,0
105.85943,200.0,130.08731,0.0087129325,31.170609,49.395645,499.78528,201.90656,21.0,5.0,0
463.00485,200.0,94.97035,0.021145536,56.70235,77.202354,168.20334,65.56312,21.0,6.0,0
143.41628,200.0,149.46358,0.0013145552,44.443794,48.949062,329.85074,128.57294,0.0,4.0,0
95.71944,200.0,97.212746,0.013262714,43.93514,58.294994,323.7218,262.4589,21.0,0.0,0
236.65118,200.0,84.16793,0.021588057,44.678173,42.346046,250.76497,161.14577,11.0,1.0,0
131.96704,200.0,85.84569,0.008586564,39.306953,63.704018,192.4978,252.24121,5.0,6.0,0
