response_time,status_code,request_count,error_rate,cpu_usage,memory_usage,network_io,disk_io,hour_of_day,day_of_week,is_anomaly
0.8122137266923,200,85.64324324324325,0.0,39.42036778148188,40.1997489925703,183.39614815883337,54050.0,6,4,0
0.06324646128836198,200,16.166804782763112,0.0,90.0,40.01918033804699,66.78627133661772,5190.0,19,1,0
4.480996493658201,200,99.57327586206895,0.0,31.645338208409505,40.229535798862926,542.4700229427284,62110.0,14,0,0
17.8370982315735,200,69.7927927927928,0.0,31.2581998064308,40.306441932727644,173.693042468051,82920.0,10,2,0
0.797130068457,200,14.952755905511813,0.0,31.755027422303474,40.006726053033816,13.92838335966279,1820.0,7,6,0
1.6601732773791,200,92.22222222222224,0.0,35.78771910958167,40.27196167184548,250.304589143088,73590.0,20,6,0
4.798067474615101,200,100.09836065573772,0.0,32.20668889127863,40.32484618773227,448.411398624302,87900.0,6,1,0
7.569573591923399,200,65.7467248908297,0.0,31.54855360791483,40.25274437746314,117.4880446333687,68390.0,18,1,0
0.7075345519393,200,7.526845637583893,0.0,32.10345198408431,40.003547808193666,48.551047703967605,960.0,22,2,0
0.7985063310334,200,79.39202407825432,0.0,39.49134315517797,40.18685123153292,202.29357798165054,50560.0,10,4,0
0.2981574539363,200,6.539906103286385,0.0,34.25207011506613,40.0027717251513,185.30748983010264,750.0,10,5,0
21.537886340977,200,16.810055865921786,0.0,31.316270566727606,40.143723188178704,50.54835493519422,38890.0,23,6,0
0.5854347826086,200,20.26431718061674,0.0,31.522744381116247,40.005986926326806,89.04347826086912,1620.0,20,6,0
24.0362038664323,200,76.89189189189189,0.0,30.742015270459188,40.454895531831234,270.69712946690083,123090.0,3,1,0
13.711644591611401,200,17.257142857142856,0.0,31.393698247123346,40.11020379201566,48.675496688741575,29820.0,7,3,0
0.0059243006034009876,200,8.60717658168083,0.0,46.7308312721798,40.0001478253414,202.91826659352688,40.0,23,1,0
4.519878753700801,200,28.146825396825395,0.0,32.41961501236692,40.07110398921466,264.6129987311433,19240.0,2,5,0
15.495678790061199,200,18.45182724252492,0.0,32.20023658457899,40.19084251575079,58.49837954627244,51640.0,21,4,0
1.6153125,200,8.465608465608465,0.0,31.36143671362512,40.005765188314705,264.0625,1560.0,20,4,0
12.2591913586364,200,82.71311475409836,0.0,31.651790515109152,40.5486167982805,175.12635021305996,148450.0,1,3,0
0.9801966292133999,200,16.3302752293578,0.0,31.806645875900635,40.007760830423635,12.38764044943803,2100.0,23,6,0
13.9875271149674,200,17.39622641509434,0.0,31.593719754812344,40.11441681424563,43.3839479392624,30960.0,11,1,0
0.1470276383685,200,19.432692307692307,0.0,36.96849123561673,40.004619541918835,5.944723262882331,1250.0,5,4,0
0.7481497753975,200,85.88874430709174,0.0,41.09796752338961,40.21900324328799,207.99478831309492,59260.0,1,5,0
26.3759364866375,200,70.97619047619048,0.0,31.000107538444993,40.52304301421784,64.58682768645848,141530.0,20,2,0
1.2406642161453,200,28.50316983650317,0.0,52.64759651575439,40.23500533649482,43.60484173065945,63590.0,0,0,0
0.5280444669023999,200,11.528155339805826,0.0,33.40036563071298,40.006984747381274,58.63230587838951,1890.0,11,0,0
0.8268641470888,200,6.705479452054795,0.0,31.955048929992472,40.003621720864366,81.7160367722164,980.0,21,0,0
0.7321248741188,200,6.848275862068966,0.0,31.96795354339176,40.00325215751086,97.48237663645492,880.0,11,6,0
10.508527671423598,200,27.625,0.0,30.95494139154748,40.06696487965539,97.77236338322307,18120.0,16,1,0
2.4981281737647003,200,102.58174904942966,0.0,33.89719324658565,40.29890284031611,339.4936802698368,80880.0,9,3,0
0.0968209588899244,200,41.44635193133047,0.0,32.69706420045166,40.00210651111499,118.55648752200388,570.0,15,4,0
14.4034553681612,200,39.46428571428572,0.0,32.20668889127863,40.38822630285865,120.45248868778258,105050.0,14,2,0
10.7579318448883,200,14.183333333333334,0.0,31.206581352833638,40.06090404065788,30.70896983940436,16480.0,14,5,0
1.6276798063623,200,46.272,0.0,33.40036563071298,40.041760658946245,112.34439834024823,11300.0,18,2,0
0.6712919889772,200,78.26421636615811,0.0,40.4527368534251,40.168003500504085,202.45443348662127,45460.0,11,5,0
0.2066573665039,200,22.75661375661376,0.0,34.25852242176578,40.005913013656105,67.03092304115289,1600.0,22,6,0
20.369457062513497,200,29.07547169811321,0.0,31.14851059253683,40.20884025106656,67.83473934674417,56510.0,19,1,0
272.33779264214047,200,2.7685185185185186,0.0,30.71620604366061,40.180568654523306,40.46822742474908,48860.0,2,0,0
0.006711409395973154,200,22.713414634146343,0.0,45.6145822131412,40.0000739126707,290.36241610738233,20.0,4,1,0
1.8160005379564,200,102.36670838548186,0.0,35.88450371007635,40.32935486064505,272.38204692447647,89120.0,18,6,0
0.06623176296677165,200,15.929357563347835,0.0,85.47693300354877,40.018293385998575,46.6618998650276,4950.0,6,3,0
0.00506420690902514,200,32.523529411764706,0.0,54.21550704376814,40.0000739126707,300.976668475311,20.0,20,3,0
0.9786140452173,200,83.56575212866603,0.0,37.523389611786214,40.191692511463856,247.96386237815247,51870.0,8,6,0
1.0616992276238,200,62.885714285714286,0.0,31.709861275405956,40.02594334741616,464.1163107678322,7020.0,6,5,0
3.4550387596899,200,11.415929203539823,0.0,30.735562963759545,40.00990429787397,27.984496124030944,2680.0,17,4,0
0.5352635486265,200,6.013392857142857,0.0,31.645338208409505,40.00162607875543,118.7824795842612,440.0,3,4,0
7.3422075979658,200,30.11711711711712,0.0,31.290461339929024,40.05443668197152,8.64492970385869,14730.0,13,5,0
0.17445157439179998,200,48.55797101449275,0.0,31.780836649102053,40.0026238998099,75.22757797343633,710.0,17,3,0
24.9297196261682,200,18.97163120567376,0.0,31.025916765243576,40.14789925407333,82.57943925233633,40020.0,8,3,0
0.6547140934908999,200,74.77496159754224,0.0,39.349392407785786,40.14135798271626,203.4008854011505,38250.0,20,3,0
21.4460716747071,200,33.941520467836256,0.0,31.24529519303151,40.27602686873405,91.81598897312193,74690.0,1,1,0
0.5637082862410999,200,75.78211870773855,0.0,39.51715238197656,40.12609501621644,218.07249221739315,34120.0,19,3,0
0.6764923989618,200,9.236301369863014,0.0,32.0453812237875,40.004065196888575,293.69670003707785,1100.0,14,2,0
4.1643537869921,200,46.7265625,0.0,30.980750618346057,40.055249721349234,376.1912723624805,14950.0,6,0,0
0.1294717022926,200,43.40865384615385,0.0,32.52285191956124,40.0026238998099,266.0870528297698,710.0,11,3,0
0.17736486486480002,200,9.652173913043478,0.0,37.05882352941177,40.003510851858316,44.69594594594535,950.0,7,5,0
8.2381671701913,200,22.715686274509803,0.0,32.52285191956124,40.12698196826486,103.9418788663496,34360.0,14,0,0
1.058399175541,200,8.637982195845698,0.0,32.52285191956124,40.006836922039874,446.4445207832359,1850.0,2,1,0
0.1344364012409,200,34.186868686868685,0.0,32.258307344875796,40.00203259844429,87.59048603929625,550.0,13,5,0
5.7685979971387,200,27.014492753623188,0.0,33.06484568233143,40.143057974142394,148.79291845493435,38710.0,16,0,0
0.6275346851654,200,7.556451612903226,0.0,31.238842886331863,40.00133042807262,20.917822838847343,360.0,3,5,0
0.6286427976686,200,83.57836257309941,0.0,42.381976556618994,40.19923160387539,184.85715685108076,53910.0,17,1,0
0.7401528512639,200,9.047872340425531,0.0,31.37434132702441,40.00280868148665,67.96002351557895,760.0,7,2,0
0.8889407100798,200,88.41752577319588,0.0,39.781696956662,40.23670532792095,199.96502069608403,64050.0,3,1,0
0.00797773654916512,200,14.18421052631579,0.0,48.68588020217227,40.00011086900605,42.74582560296816,30.0,1,1,0
5.862909820831099,200,18.25101763907734,0.0,35.05215614582213,40.17487737887931,45.23083785592086,47320.0,5,5,0
0.2380456547857,200,13.6448087431694,0.0,36.252285191956126,40.006615184027766,32.807368842610565,1790.0,21,6,0
4.5208522528815,200,23.314332247557005,0.0,35.07151306592107,40.143501450166596,89.2001397135863,38830.0,9,4,0
0.1148813484142,200,19.248665955176094,0.0,38.40735562963759,40.004619541918835,12.77445109780416,1250.0,3,3,0
1.6984406510069,200,91.9242819843342,0.0,35.59414990859232,40.26519866247631,227.22753997784397,71760.0,21,3,0
0.008999581414817916,200,17.566176470588236,0.0,47.498655769437576,40.00011086900605,16.408539137714364,30.0,17,2,0
0.01056338028169014,200,7.282051282051282,0.0,43.078825680180664,40.0001478253414,15.099420049709758,40.0,11,2,0
3.8639285255174,200,20.67050487156776,0.0,37.994408000860304,40.1999707305824,79.25611689591504,54110.0,1,3,0
4.5325624468138,200,32.22096774193548,0.0,34.613399290246264,40.20078376996012,76.96851379085848,54330.0,9,4,0
0.6907161045793,200,81.27800546448087,0.0,40.35595225293042,40.182268645949435,200.13614475044255,49320.0,3,3,0
1.0746268656715998,200,17.130681818181817,0.0,31.20012904613399,40.007206485393375,19.10447761194024,1950.0,13,6,0
0.1262727918541,200,16.49609375,0.0,38.284761802344335,40.004730410924886,4.31565237982458,1280.0,15,4,0
0.6844526218950999,200,5.574358974358974,0.0,31.33562748682654,40.00166303509078,77.36890524378998,450.0,14,2,0
0.11815206310019999,200,20.77703455964325,0.0,37.587912678782665,40.004915192601636,56.924397703492126,1330.0,7,0,0
0.1370687132125,200,16.84986301369863,0.0,42.87235186579202,40.00934995284371,112.50365841761167,2530.0,13,5,0
0.226560144709,200,14.1903743315508,0.0,36.594257447037315,40.006689096698466,54.45432619837175,1810.0,22,6,0
1.1438437406467001,200,89.49305555555556,0.0,37.2782019571997,40.228833628491266,244.87578844682568,61920.0,7,6,0
0.5661438089949999,200,12.63859649122807,0.0,33.91655016668459,40.00905430216091,93.33703498056568,2450.0,20,2,0
1.9899827829080998,200,68.14933333333333,0.0,32.638993440154856,40.1127907354902,428.7095007043354,30520.0,15,2,0
0.1748229740361,200,47.42537313432836,0.0,31.5872674481127,40.0024760744685,139.04012588512967,670.0,12,1,0
0.27636022514069997,200,6.57213316892725,0.0,35.39412840090332,40.00328911384621,120.0750469043152,890.0,17,6,0
1.0653292181069,200,6.037267080745342,0.0,31.096892138939673,40.00232824912709,199.17695473251004,630.0,14,1,0
0.8096836049856,200,5.96,0.0,31.251747499731152,40.00188477310288,46.404602109299944,510.0,20,1,0
1.6362967730072,200,66.12158054711246,0.0,32.36154425207012,40.078938732309005,479.5853636112887,21360.0,23,5,0
0.015584415584415583,200,52.33009708737864,0.0,31.413055167222282,40.0002217380121,143.67346938775512,60.0,12,1,0
0.010537870472008782,200,11.861979166666666,0.0,44.58221314119798,40.00011086900605,66.41053787047186,30.0,8,4,0
0.7904060567347,200,29.261682242990656,0.0,65.44252070115067,40.24147269518119,70.65996922272599,65340.0,14,3,0
4.5210332856851005,200,20.927350427350422,0.0,32.13571351758254,40.04911496968102,161.7520931182355,13290.0,12,0,0
32.573954983922796,200,49.941605839416056,0.0,31.206581352833638,40.49421707264433,105.5977784273596,133730.0,0,2,0
0.6871961102106,200,9.640625,0.0,30.974298311646415,40.00188477310288,42.86871961102106,510.0,6,4,0
0.8111798940645001,200,82.36445242369838,0.0,38.104097214754276,40.16504699367603,230.6166488654418,44660.0,8,0,0
0.2152211874272,200,7.756207674943567,0.0,36.13614367136251,40.00328911384621,231.02444703143107,890.0,23,6,0
0.1333643740854,200,18.289537712895378,0.0,37.35562963759544,40.00447171657743,4.8490089131300405,1210.0,0,6,0
0.007945306725794531,200,13.632241813602016,0.0,48.66652328207334,40.00011086900605,82.94530672579393,30.0,11,6,0
0.9523556465949999,200,68.54039735099337,0.0,35.374771480804384,40.10927988363189,242.16588080698514,29570.0,7,4,0
0.059494309838472835,200,15.686161597984524,0.0,68.86869555866222,40.0115303766294,56.030882892804165,3120.0,23,4,0
12.6366929133858,200,22.841726618705035,0.0,30.99365523174535,40.08899085552438,158.77165354330674,24080.0,10,2,0
3.4058577405857,200,30.16504854368932,0.0,30.825895257554574,40.02346727294767,334.85677502413836,6350.0,18,3,0
0.11137929004529999,200,19.57027649769585,0.0,37.555651145284436,40.004213022229976,23.364926119973973,1140.0,16,1,0
1.7537530065522,200,51.08898305084746,0.0,33.12936874932788,40.04689758955998,94.95728622376939,12690.0,7,6,0
33.2498952660242,200,39.45454545454545,0.0,31.290461339929024,40.352009094215006,63.364055299538954,95250.0,2,5,0
8.162127346337801,200,71.81497797356828,0.0,31.529196687815894,40.29505938143964,149.28229665071737,79840.0,2,3,0
1.4914648953646,200,93.21571238348868,0.0,35.55543606839445,40.231531440971864,279.0714948932178,62650.0,0,5,0
20.6804910418049,200,15.377551020408164,0.0,31.290461339929024,40.13821669421146,45.42136695421348,37400.0,4,2,0
0.7364682002706,200,7.038095238095238,0.0,31.651790515109152,40.00243911813315,169.14749661705,660.0,9,2,0
6.876943881000599,200,10.564285714285717,0.0,31.038821378642865,40.02258032089925,136.9168356997971,6110.0,6,2,0
0.4312849162011,200,10.170454545454543,0.0,31.529196687815894,40.00173694776148,113.1284916201114,470.0,8,0,0
1.0156193721774,200,82.02954545454546,0.0,36.29745133885364,40.16257091920754,279.27991577313867,43990.0,6,5,0
0.00648807032231059,200,7.6448,0.0,48.130981826002795,40.0001478253414,288.3633319380494,40.0,8,3,0
0.15787094586949998,200,8.411596958174904,0.0,37.587912678782665,40.00310433216946,165.45372358458513,840.0,7,3,0
0.7277335264300999,200,9.33108108108108,0.0,31.18077212603506,40.00225433645639,52.787834902244605,610.0,11,4,0
27.153026026967698,200,39.37037037037037,0.0,31.742122808904185,40.38401328062867,141.50203825650615,103910.0,1,4,0
1.4051329702772,200,91.71413160733547,0.0,36.76846972792774,40.26490301179351,216.47043602017976,71680.0,0,6,0
0.4783923172683,200,11.59381443298969,0.0,33.213248736423274,40.005986926326806,75.13782678285584,1620.0,15,4,0
0.0721398403058236,200,17.078846913255234,0.0,84.41875470480697,40.02076946046707,62.163578629341444,5620.0,22,2,0
6.951739577216601,200,80.14117647058823,0.0,31.187224432734702,40.21002285379778,608.8079859072221,56830.0,22,3,0
24.0434884538741,200,41.8186274509804,0.0,32.01957199698892,40.454821619160526,67.70601336302819,123070.0,23,5,0
0.013205086403651776,200,44.77372262773723,0.0,31.806645875900635,40.00018478167675,96.65797195956901,50.0,4,2,0
4.6187072359618995,200,96.18014705882354,0.0,31.987310463490697,40.267933431292256,465.582355414548,72500.0,2,0,0
14.568627450980301,200,23.82236842105263,0.0,31.14851059253683,40.11700375772018,172.35570284451765,31660.0,11,4,0
0.005676552363299351,200,8.67537688442211,0.0,52.466931928164314,40.00011086900605,183.92029657089856,30.0,7,2,0
0.1116905309056,200,19.71080139372822,0.0,38.452521776535114,40.004213022229976,17.18225207707248,1140.0,21,2,0
1.64038616251,200,7.022598870056497,0.0,31.206581352833638,40.00454562924813,67.65888978278353,1230.0,2,0,0
13.3431759708011,200,84.83756345177665,0.0,31.34853210022583,40.494512723327134,239.33464967390597,133810.0,0,1,0
0.2124609510586,200,21.090775988286968,0.0,36.69749435423164,40.00679996570452,26.68517875737566,1840.0,2,3,0
3.2448036542615,200,20.39061371841155,0.0,39.70426927626627,40.20322288809326,86.17258595658647,54990.0,4,5,0
3.0679652407539,200,99.25416666666666,0.0,33.54231637810517,40.32410706102526,325.8385458209104,87700.0,14,6,0
17.8658798283261,200,20.43859649122807,0.0,31.742122808904185,40.18463385141188,67.29613733905552,49960.0,13,1,0
3.4423534459222003,200,20.26798418972332,0.0,38.80094633831595,40.195720752017074,59.97113771987912,52960.0,2,4,0
5.7461737842508,200,17.386266094420602,0.0,33.845574792988494,40.103256000969736,48.98790422117991,27940.0,0,2,0
0.7263531266421,200,11.968553459119496,0.0,32.14216582428218,40.006134751668206,53.205465055176006,1660.0,4,0,0
1.4038182239154,200,79.44648829431438,0.0,34.361759328960105,40.14789925407333,357.2880927824183,40020.0,22,0,0
0.15594162612919998,200,39.31693989071038,0.0,32.01957199698892,40.00251303080385,136.2195969423201,680.0,13,3,0
0.9884564643799,200,14.862745098039216,0.0,31.36143671362512,40.006652140363116,24.04353562005267,1800.0,6,1,0
3.3458302749703,200,24.875,0.0,35.20055919991397,40.131416728506935,82.66613968719908,35560.0,8,6,0
10.7882566311494,200,17.298039215686273,0.0,31.755027422303474,40.105547293761475,76.26388574019441,28560.0,14,3,0
22.7561606327958,200,16.435,0.0,31.53564899451554,40.16586003305375,35.16884697292354,44880.0,14,2,0
5.3797065582464,200,45.62096774193548,0.0,30.95494139154748,40.0674822683503,366.5547109775491,18260.0,9,3,0
28.3194130925507,200,16.40740740740741,0.0,31.225938272932574,40.166931766778916,33.860045146726804,45170.0,12,5,0
2.3391715073637,200,84.58064516129032,0.0,32.89708570814066,40.17679910831754,397.30094466936526,47840.0,18,0,0
212.2073732718894,200,2.9931034482758623,0.0,30.967846004946768,40.20422070914773,51.8433179723502,55260.0,6,0,0
0.6404027139417,200,22.17961165048544,0.0,31.48403054091838,40.006504315021715,46.31210330488032,1760.0,16,4,0
0.44260151410869997,200,12.148829431438129,0.0,33.96816862028175,40.007132572722675,40.137646249139216,1930.0,19,4,0
1.3453185800307998,200,78.36626916524702,0.0,34.290783955264004,40.13725582949234,320.549553270578,37140.0,3,6,0
0.6374363720499,200,16.559386973180075,0.0,31.77438434240241,40.006134751668206,62.563627950022685,1660.0,4,2,0
0.005389604457842331,200,6.578725961538462,0.0,51.91203355199484,40.0001478253414,181.61140038366563,40.0,22,5,0
0.13252839894260002,200,17.452618453865338,0.0,36.8781589418217,40.004139109559276,4.82960634421642,1120.0,6,1,0
22.4652951355508,200,39.10526315789474,0.0,30.890418324551028,40.25910086714345,73.9088636800612,70110.0,12,3,0
0.1478673851493,200,8.232330827067669,0.0,39.601032369071945,40.003621720864366,179.0117818978902,980.0,14,6,0
1.8826777087646,200,8.835365853658537,0.0,32.63254113345521,40.01212167799502,199.30986887508567,3280.0,10,2,0
15.3012328767123,200,46.496815286624205,0.0,32.08409506398537,40.2476813595201,123.63013698630054,67020.0,3,4,0
8.1391948115516,200,74.2909090909091,0.0,30.81944295085493,40.14749273438447,200.48947626040064,39910.0,12,3,0
0.6607806691449,200,12.963855421686748,0.0,33.342294870416175,40.00946082184977,78.0824039653034,2560.0,6,4,0
225.51604278074868,200,3.1166666666666667,0.0,30.79363372405635,40.18703601320967,32.35294117647053,50610.0,18,3,0
1.0539198924667001,200,27.59876342336479,0.0,53.06699645123132,40.19823378282092,66.78850620792014,53640.0,21,1,0
0.4140395894428,200,12.827586206896552,0.0,34.34240240886117,40.007539092411534,63.34310850439825,2040.0,1,2,0
0.1236559139784,200,18.579470198675494,0.0,37.82664802666953,40.004619541918835,24.33315511198208,1250.0,9,3,0
2.19,200,50.6,0.0,31.922787396494247,40.06145838568814,436.5612648221337,16630.0,12,5,0
0.7118914888328,200,30.120855614973262,0.0,65.56511452844393,40.2222923571342,84.03650179313071,60150.0,20,6,0
0.09621412479185033,200,22.81340782122905,0.0,37.63953113237982,40.00436084757138,61.43598785385377,1180.0,5,0,0
0.07316289653326194,200,16.822787660436838,0.0,61.551779761264655,40.01212167799502,60.726810333288086,3280.0,11,5,0
1.2226976744186,200,27.849740932642487,0.0,36.884611248521345,40.058317097183334,100.50697674418485,15780.0,11,5,0
10.0319640252795,200,76.18518518518519,0.0,30.76782449725777,40.1830447289918,648.5294117647053,49530.0,19,6,0
5.7210059706893,200,45.67768595041322,0.0,30.95494139154748,40.070143124495544,474.8326397684088,18980.0,10,0,0
5.2085911513287,200,102.41391941391942,0.0,31.942144316593183,40.32292445829404,489.6455524160366,87380.0,22,5,0
1.001400560224,200,7.14,0.0,31.380793633724057,40.00317824484016,129.48179271708653,860.0,6,3,0
1.3581131426606,200,81.91079812206573,0.0,36.00709753736961,40.21017067913918,255.17854072333233,56870.0,0,3,0
0.9502849905003,200,14.354545454545455,0.0,31.477578234218733,40.006689096698466,10.25965801139958,1810.0,0,3,0
0.8817351598173,200,14.47136563876652,0.0,31.522744381116247,40.006430402351015,17.53424657534232,1740.0,19,0,0
0.2178682349831,200,14.45367717287488,0.0,37.523389611786214,40.00731735439943,58.388951298486724,1980.0,12,5,0
25.191055834876902,200,43.4367816091954,0.0,31.948596623292826,40.4221891750459,66.69753903148928,114240.0,8,0,0
2.0429864253392997,200,10.440944881889765,0.0,31.000107538444993,40.006023882662156,507.08898944193,1630.0,2,3,0
15.5401895401895,200,47.96296296296296,0.0,32.348639638670825,40.49089100246277,149.6384696384689,132830.0,6,6,0
3.8247807729781997,200,34.41971544715447,0.0,37.62017421228089,40.28726159468065,153.48548820455233,77730.0,5,5,0
1.0533625730993998,200,18.105882352941176,0.0,34.013334767179266,40.01441297078676,360.64002599090315,3900.0,7,5,0
0.40598290598290004,200,12.061855670103093,0.0,34.555328529949456,40.00739126707013,39.67032967032933,2000.0,8,4,0
0.8091397849462,200,13.633507853403142,0.0,32.26475965157544,40.004693454589535,297.3886328725031,1270.0,4,4,0
3.5869193314909,200,19.927447552447557,0.0,37.98150338746102,40.181344737565674,63.1662060797472,49070.0,0,1,0
0.07570153216080809,200,16.660059331175837,0.0,82.83793956339392,40.02076946046707,66.20423954480336,5620.0,18,2,0
0.059501668579267405,200,14.90621313409359,0.0,65.57156683514356,40.01001516688003,40.39544669119925,2710.0,9,4,0
3.9792709077912,200,9.517006802721088,0.0,31.14851059253683,40.01238037234247,240.4574696211578,3350.0,11,0,0
0.12457465349819999,200,11.054128440366972,0.0,38.98161092590601,40.00336302651691,74.90248153373635,910.0,23,4,0
0.0838293394061729,200,15.94799834915394,0.0,81.92171201204431,40.02158249984478,75.0694408501954,5840.0,14,1,0
1.7704202198705001,200,52.32795698924731,0.0,32.503494999462305,40.03821285075258,98.67461214425136,10340.0,21,5,0
0.8952536824877,200,8.092715231788079,0.0,31.116249059038605,40.00243911813315,68.82160392798663,660.0,23,1,0
0.2407677356656,200,9.811680572109656,0.0,36.600709753736965,40.00439780390673,334.7424684159371,1190.0,8,5,0
0.06450981853411335,200,16.13527731850293,0.0,77.34057425529627,40.015373835505876,38.010955024778234,4160.0,19,6,0
0.08468588397931494,200,15.066340961686809,0.0,57.15130659210668,40.01101298793449,45.9030942262714,2980.0,16,6,0
2.1062992125984,200,12.023668639053254,0.0,31.103344445639316,40.00949777818512,21.70275590551173,2570.0,16,5,0
0.9452799412796,200,29.688861985472155,0.0,61.37111517367458,40.257031312363814,53.031847653223195,69550.0,19,2,0
0.1129229949373,200,21.89614935822637,0.0,38.1363587482525,40.004730410924886,17.31414868105479,1280.0,11,4,0
33.719253604749696,200,36.55813953488372,0.0,31.277556726529735,40.352637351915966,81.50975402883786,95420.0,6,0,0
0.3133878385283,200,12.960264900662253,0.0,35.16829766641575,40.00679996570452,51.517629024016166,1840.0,1,0,0
0.009210268469527728,200,9.5561797752809,0.0,45.86622217442736,40.00011086900605,85.3615520282184,30.0,2,3,0
24.8223777462792,200,93.2892561983471,0.0,30.84525217765351,40.62130990991524,166.27391920623535,168120.0,16,5,0
3.9556389825314002,200,75.44508670520231,0.0,31.406602860522636,40.11449072691634,265.06282562059397,30980.0,4,0,0
0.07835574260159472,200,16.321043288269834,0.0,81.83783202494891,40.02076946046707,67.00942946309688,5620.0,16,2,0
3.8342231914573,200,20.713395638629283,0.0,39.35584471448543,40.22613581601067,96.25507595127041,61190.0,23,5,0
0.01077414205905826,200,16.706666666666667,0.0,37.013657382514246,40.0000739126707,716.5203511572219,20.0,16,2,0
26.9756827534605,200,16.917721518987342,0.0,31.238842886331863,40.15991006306229,54.021698466142674,43270.0,16,0,0
0.08060268799841006,200,17.68585237258348,0.0,62.88740724809119,40.01441297078676,95.99781382753943,3900.0,1,0,0
0.11697697207249999,200,36.12389380530973,0.0,32.484138079363376,40.00214346745034,92.71190592846573,580.0,1,3,0
5.3112808534814,200,41.25260416666666,0.0,34.200451661468975,40.18659253718546,101.8180670412209,50490.0,21,0,0
0.008605549701440113,200,9.125,0.0,46.4146682438972,40.00011086900605,76.50158061116935,30.0,22,5,0
2.2152486518873,200,52.56692913385827,0.0,31.251747499731152,40.03281722579138,479.9430796884361,8880.0,4,6,0
0.07212255444813584,200,17.374294510005132,0.0,85.85761909882783,40.02169336885083,57.88113695090159,5870.0,0,5,0
0.5695642041482,200,11.886426592797784,0.0,32.40025809226798,40.005432581296546,65.46259613143751,1470.0,0,5,0
8.1418571428571,200,76.08695652173913,0.0,31.542101301215183,40.315939710912765,151.8228571428569,85490.0,18,3,0
8.0622811794911,200,88.03424657534246,0.0,31.038821378642865,40.229794493210385,451.8867190539173,62180.0,1,3,0
0.06526161473904414,200,16.72207684891888,0.0,81.51521668996666,40.017591215626915,64.10940627084453,4760.0,20,0,0
0.012351124834583149,200,13.257309941520468,0.0,38.56866329712872,40.0000739126707,296.6034406704895,20.0,11,1,0
0.8647594278283001,200,18.13679245283019,0.0,31.632433595010216,40.00739126707013,55.0325097529258,2000.0,5,1,0
1.6827816696441,200,27.677222222222223,0.0,43.33691794816647,40.18592732314915,57.329532909130435,50310.0,22,3,0
0.6219558240512999,200,21.79835390946502,0.0,32.07764275728573,40.00731735439943,28.714366622616478,1980.0,3,0,0
0.009863588667366212,200,10.181623931623932,0.0,44.96289923647704,40.00011086900605,78.09024134312672,30.0,22,1,0
0.06542754438265438,200,16.79653851235302,0.0,83.73481019464458,40.018478167675326,77.5534282994945,5000.0,10,0,0
30.5434027777777,200,79.26605504587155,0.0,30.7291106570599,40.58516661394229,315.1041666666663,158340.0,23,0,0
1.4190912714228,200,13.489247311827956,0.0,31.225938272932574,40.00790865576504,168.39378238341945,2140.0,16,0,0
0.28243881494199996,200,12.895902547065338,0.0,36.33616517905151,40.00731735439943,47.02447402318533,1980.0,5,4,0
0.005021316911416391,200,9.71915285451197,0.0,52.957307237337346,40.0001478253414,216.02084320227308,40.0,23,5,0
0.6518804243008,200,19.942307692307693,0.0,31.36143671362512,40.006023882662156,65.18804243008668,1630.0,4,0,0
9.4422629435718,200,79.03448275862068,0.0,31.767932035702763,40.43190869124312,182.45103742485847,116870.0,19,4,0
8.043660432353601,200,103.57232704402516,0.0,31.213033659533284,40.293728953367015,535.6388146708754,79480.0,1,3,0
7.4655529142454,200,37.67164179104478,0.0,34.46499623615443,40.37606766852828,95.12678288431017,101760.0,5,1,0
0.1628086419753,200,18.0873786407767,0.0,37.678244972577694,40.005395624961196,4.53569511540522,1460.0,21,5,0
0.7058678500986,200,18.605504587155963,0.0,31.57436283471341,40.006356489680314,64.12721893491113,1720.0,10,6,0
0.1568397761291,200,39.0,0.0,32.23895042477686,40.0026978124806,32.539372640894996,730.0,15,1,0
4.4706909937888,200,56.0,0.0,30.935584471448543,40.07661048318191,365.2173913043477,20730.0,15,5,0
0.14072096128169997,200,9.863915715539948,0.0,38.736423271319495,40.003510851858316,94.42812639074315,950.0,0,6,0
12.7689417989418,200,90.43062200956938,0.0,31.432412087321218,40.53512773587751,177.19047619047467,144800.0,8,1,0
0.34444444444440003,200,8.949343339587243,0.0,33.974620926981395,40.00365867719972,58.88888888888882,990.0,5,5,0
0.05680046598482123,200,16.102344827586208,0.0,81.74104742445424,40.01470862146956,51.83738500282596,3980.0,15,1,0
0.5163358147229,200,14.350148367952524,0.0,33.48424561780837,40.005543450302596,278.24648469809654,1500.0,2,1,0
0.1467492481741,200,19.50558659217877,0.0,36.439402086245835,40.00454562924813,6.88099670628646,1230.0,19,6,0
0.9321047526673,200,14.123287671232877,0.0,31.432412087321218,40.006393446015664,9.343679275783892,1730.0,3,1,0
0.1243203163618,200,17.47732181425486,0.0,37.8072911065706,40.00447171657743,4.84429065743924,1210.0,18,1,0
5.0821474773609,200,14.448598130841122,0.0,30.838799870953867,40.01744339028551,1416.817593790426,4720.0,2,6,0
8.5211795151184,200,77.6931216931217,0.0,31.316270566727606,40.27746816581273,759.7112503405052,75080.0,18,3,0
0.6040675547098,200,20.81188118811881,0.0,31.638885901709862,40.00565431930865,30.827783063748598,1530.0,19,0,0
1.3483309143686,200,6.321100917431193,0.0,30.84525217765351,40.00206955477964,76.77793904208988,560.0,6,2,0
10.260242792109201,200,42.516129032258064,0.0,32.78094418754705,40.29986370503523,69.92412746585663,81140.0,19,4,0
0.2425860023724,200,42.50420168067227,0.0,31.451769007420154,40.00273476881595,66.50850138394617,740.0,8,2,0
0.005319714863283328,200,8.158854166666666,0.0,53.48639638670825,40.00011086900605,124.09830833067252,30.0,0,2,0
0.144560615225,200,15.108355091383812,0.0,40.80761372190558,40.00742822340548,114.7887323943652,2010.0,7,5,0
3.9074944862885,200,20.26222596964587,0.0,38.31057102914292,40.20824894970095,82.73063959052833,56350.0,6,0,0
0.8084868788385999,200,15.242553191489362,0.0,31.593719754812344,40.006430402351015,26.82858738135113,1740.0,17,5,0
4.9960399449035,200,23.60975609756097,0.0,30.96139369824712,40.03218896809042,358.2644628099167,8710.0,7,0,0
44.6536559139785,200,44.285714285714285,0.0,31.03236907194322,40.46043898213383,36.15053763440832,124590.0,0,6,0
0.8931685283098001,200,30.317409766454357,0.0,59.77739541886224,40.22624668501672,80.89919114814799,61220.0,10,6,0
0.01849763140085721,200,40.3,0.0,31.47112592751909,40.00018478167675,101.26325287615549,50.0,17,0,0
1.1830732292917,200,7.371681415929204,0.0,30.980750618346057,40.00221738012104,34.69387755102037,600.0,22,1,0
24.336088154269902,200,20.166666666666668,0.0,30.806538337455642,40.117558102750436,69.83471074380138,31810.0,9,3,0
3.3897868918375,200,71.878612716763,0.0,31.277556726529735,40.093499528437164,564.7366304784869,25300.0,2,1,0
0.1118984533859,200,20.859897172236504,0.0,37.433057317991185,40.00402824055322,14.19680818288224,1090.0,6,3,0
16.755313807531298,200,82.98611111111111,0.0,30.967846004946768,40.443993412902785,148.0251046025103,120140.0,15,5,0
1.7247808543203,200,25.704577968526465,0.0,39.94300462415313,40.13744061116909,69.46987616529789,37190.0,15,3,0
30.506020278833898,200,16.4375,0.0,31.264652113130445,40.21349674932074,38.81495564005045,57770.0,19,5,0
0.15373134328350002,200,40.81218274111675,0.0,32.251855038176146,40.0027717251513,49.36567164179049,750.0,16,6,0
0.7070787110405999,200,17.447004608294932,0.0,31.980858156791054,40.005949969991455,13.97253037506592,1610.0,1,2,0
1.0389321468298,200,14.578378378378378,0.0,31.219485966232927,40.006245620674264,10.71560993696689,1690.0,0,6,0
0.12620981679909998,200,9.627287853577371,0.0,39.117109366598555,40.00325215751086,84.69581749049422,880.0,15,6,0
0.1133932016697,200,15.68041804180418,0.0,42.91106570598989,40.007169529058025,100.18942715824042,1940.0,11,2,0
1.0475375724823,200,31.355596784168213,0.0,54.292934724163885,40.23555968152508,71.35911798350949,63740.0,4,3,0
2.034318655269,200,31.58479863868406,0.0,43.69179481664695,40.25119221137841,100.8709862797206,67970.0,4,3,0
0.007273744579661491,200,7.302349336057201,0.0,45.53070222604581,40.0001478253414,201.4267729752408,40.0,22,5,0
0.006200482259731312,200,10.355529131985731,0.0,44.8854715560813,40.0001478253414,275.8640486852669,40.0,8,1,0
0.24928366762169998,200,7.505376344086022,0.0,31.66469512850844,40.00077608304236,702.0773638968474,210.0,8,5,0
12.659233847913,200,18.705882352941178,0.0,32.52285191956124,40.19638596605339,38.650657518581674,53140.0,2,1,0
8.4214316330904,200,81.00694444444444,0.0,31.051725992042154,40.21785759689212,740.9858551221575,58950.0,18,6,0
0.7233532934131,200,9.382022471910112,0.0,31.28400903322938,40.0026978124806,57.544910179640695,730.0,15,2,0
5.3645970070884,200,34.54875283446712,0.0,33.342294870416175,40.18127082489497,104.2005775794165,49050.0,15,6,0
0.5651815181518,200,8.616113744075829,0.0,31.48403054091838,40.00229129279174,49.5049504950495,620.0,2,0,0
7.5835049311802,200,29.57371794871795,0.0,32.36154425207012,40.155179652137406,153.47350167985226,41990.0,19,3,0
0.009936575052854125,200,14.827586206896552,0.0,43.90472093773524,40.00011086900605,89.32346723044355,30.0,23,1,0
15.3030102859299,200,88.30833333333334,0.0,30.858156791052803,40.35958514296189,793.6208360856825,97300.0,21,5,0
0.8365608055770001,200,19.365,0.0,31.819550489299925,40.007206485393375,45.5460883036404,1950.0,23,2,0
1.9422971491228,200,10.635568513119534,0.0,32.94225185503818,40.01574339885938,198.0537280701752,4260.0,0,1,0
0.1457719958918,200,17.101873536299767,0.0,36.89751586192064,40.004730410924886,7.01129750085568,1280.0,23,5,0
4.9725563470746,200,19.37330316742081,0.0,36.052263684267125,40.18884687364186,129.63330608431568,51100.0,19,3,0
14.2923011393887,200,87.76635514018692,0.0,30.735562963759545,40.29764632491419,846.8107762751554,80540.0,10,6,0
0.10466348701639999,200,19.17682926829268,0.0,38.47833100333369,40.00439780390673,18.447270800211747,1190.0,16,3,0
9.935624341265799,200,36.27162977867203,0.0,33.64555328529949,40.3971697360135,89.4713485327553,107470.0,7,4,0
0.0925067593665508,200,13.745164960182024,0.0,47.911603398214865,40.007465179740834,59.6176129779825,2020.0,3,0,0
0.060870156356220256,200,16.007690075449798,0.0,79.12141090439832,40.01489340314632,74.14094720144969,4030.0,5,4,0
0.07937681976143515,200,15.424846070264396,0.0,67.9782772341112,40.01500427215237,41.0549920165297,4060.0,7,2,0
0.8316455696202,200,16.719576719576718,0.0,31.24529519303151,40.005839100985405,19.778481012658,1580.0,19,1,0
5.1162002760697,200,62.74803149606299,0.0,30.99365523174535,40.09043215260306,453.0053959091478,24470.0,2,2,0
12.272269292420399,200,34.1171875,0.0,32.68415958705237,40.356517767127784,99.19853446301804,96470.0,15,6,0
0.4583135954523,200,12.435935198821795,0.0,34.54242391655016,40.0086108261367,120.80767408810979,2330.0,2,5,0
0.8980619711364001,200,30.22059606173497,0.0,58.583718679427896,40.22617277234602,68.54071093344099,61200.0,17,3,0
1.5457154571545,200,9.066914498141264,0.0,32.03892891708786,40.0083890881246,289.2988929889296,2270.0,13,4,0
1.5287356321839,200,6.462857142857143,0.0,31.18077212603506,40.00384345887647,59.77011494252864,1040.0,17,4,0
9.5459354794094,200,96.08305647840533,0.0,32.026024303688565,40.61218169508363,155.40264859444673,165650.0,1,6,0
0.6318082788671,200,20.035714285714285,0.0,31.66469512850844,40.007095616387325,27.1142800554564,1920.0,21,4,0
3.0127188316084,200,51.695,0.0,31.567910528013766,40.069071390770375,320.3791469194298,18690.0,2,6,0
11.8527813009603,200,23.09205020920502,0.0,31.83890740939886,40.145053616251325,110.23736184091256,39250.0,15,2,0
0.2031790586852,200,12.744592346089853,0.0,38.226691042047534,40.006910834710574,61.420458254454836,1870.0,8,3,0
14.8145968216598,200,97.08571428571427,0.0,30.76782449725777,40.33489831094765,496.61565626839274,90620.0,3,1,0
13.7159406215316,200,68.64761904761905,0.0,30.683944510162384,40.219224981300094,161.8201997780238,59320.0,0,5,0
0.5737246680642,200,10.29496402877698,0.0,31.28400903322938,40.00184781676753,447.23969252271115,500.0,3,1,0
13.0119796708615,200,25.195121951219512,0.0,31.277556726529735,40.119221137841215,67.98160696998985,32260.0,0,2,0
0.7881859005905,200,31.28409910993505,0.0,63.58425637165286,40.22731841874189,74.85236220472297,61510.0,13,5,0
10.5001755926251,200,80.21126760563381,0.0,30.99365523174535,40.26519866247631,250.75504828797045,71760.0,20,4,0
2.0792891319207,200,7.823529411764706,0.0,31.445316700720507,40.00676300936917,103.96445659603538,1830.0,15,0,0
0.7625546889861,200,30.76517922457937,0.0,63.12614259597806,40.21334892397934,52.75822712573515,57730.0,19,2,0
0.1942377408891,200,40.315384615384616,0.0,31.49693515431767,40.00229129279174,107.32684602175127,620.0,23,2,0
5.0753392330383,200,50.44642857142857,0.0,31.316270566727606,40.095384301540044,369.6637168141577,25810.0,7,3,0
5.2452985184098,200,92.37127371273712,0.0,32.52930422626089,40.39646756564184,122.09476309226747,107280.0,6,1,0
8.2378802132329,200,91.90201729106629,0.0,32.3873534788687,40.5825427141324,192.86296644716134,157630.0,2,2,0
1.5892997639653001,200,6.689473684210526,0.0,31.28400903322938,40.00450867291278,57.3564122738001,1220.0,16,2,0
0.9986577181208001,200,7.095238095238095,0.0,31.567910528013766,40.00332607018156,82.21476510067099,900.0,0,4,0
0.9569152787834,200,9.794326241134751,0.0,31.04527368534251,40.00295650682805,133.88848660390994,800.0,15,4,0
0.2506532288167,200,21.91411042944785,0.0,33.76169480589311,40.005986926326806,49.72937663307182,1620.0,11,5,0
15.5009424083769,200,39.9581589958159,0.0,32.18087966448005,40.328283126919885,100.56544502617758,88830.0,18,6,0
16.9513350559862,200,19.51260504201681,0.0,30.84525217765351,40.08729086409825,229.50043066322067,23620.0,21,6,0
0.8935898612512999,200,29.44166052566937,0.0,60.64200451661469,40.23751836729867,78.63453949289301,64270.0,22,0,0
22.3032837670384,200,16.63917525773196,0.0,31.48403054091838,40.15965136871483,17.84386617100368,43200.0,21,6,0
0.1388574848706,200,19.32776349614396,0.0,37.44596193139047,40.004656498254185,3.51798896056372,1260.0,13,3,0
0.006153443309766955,200,9.169267707082833,0.0,49.84084310140875,40.00011086900605,263.99581042157513,30.0,5,0,0
4.096383734307,200,19.5244140625,0.0,37.03301430261318,40.181603431913125,83.23413194618064,49140.0,5,5,0
0.08983481766758936,200,14.877350044762755,0.0,60.96461985159694,40.01326732439089,63.22210855698535,3590.0,12,4,0
1.0549088068209,200,30.061177152797917,0.0,55.60275298419185,40.242544428906356,63.2092668859264,65630.0,18,6,0
4.0793968174623,200,20.482935153583615,0.0,38.05893106785676,40.217155426520456,83.99566774972864,58760.0,21,1,0
4.7389937106918,200,18.40277777777778,0.0,35.90386063017529,40.16707959212032,44.3773584905658,45210.0,7,4,0
0.005057422821620482,200,8.519748653500898,0.0,53.15732874502635,40.00011086900605,169.93994310399205,30.0,1,3,0
2.9267646669315,200,45.21556886227545,0.0,31.303365953328314,40.04900410067497,410.22381141570577,13260.0,20,4,0
1.0168194695398,200,67.81996974281392,0.0,34.7618023443381,40.10107557718405,267.0503468736725,27350.0,0,3,0
1.977637678472,200,76.82336182336182,0.0,32.49704269276266,40.118260273122104,320.54885963285597,32000.0,14,3,0
7.0559791332263,200,23.18139534883721,0.0,31.56145822131412,40.07801482392524,125.22070626003155,21110.0,0,3,0
42.443668753009106,200,39.56190476190476,0.0,31.12270136573825,40.390961071674596,55.464612421762084,105790.0,4,5,0
0.008933773548261798,200,11.46770601336303,0.0,45.3435853317561,40.00011086900605,89.80384540687496,30.0,15,3,0
14.6340775558166,200,18.827433628318584,0.0,31.755027422303474,40.1381058252054,73.7015276145708,37370.0,18,3,0
4.8497615262321,200,11.867924528301886,0.0,30.890418324551028,40.01356297507369,1282.1144674085845,3670.0,3,1,0
3.0724771855574,200,72.00952380952381,0.0,30.858156791052803,40.05151713147882,645.9595291628084,13940.0,2,0,0
0.004525352257533683,200,10.815350389321468,0.0,57.60296806108184,40.00011086900605,216.23984366964834,30.0,16,2,0
0.009475218658892129,200,8.82315112540193,0.0,42.56264114420905,40.0001478253414,174.99999999999943,40.0,16,0,0
0.013589897775105232,200,46.9774011299435,0.0,32.32928271857189,40.00025869434745,86.89116055321651,70.0,11,3,0
0.3258124510571,200,29.18857142857143,0.0,32.535756532960534,40.00739126707013,220.24275646045353,2000.0,13,1,0
3.9511881233625004,200,19.76112624886467,0.0,37.54919883858479,40.19062077773869,80.0845704830622,51580.0,20,4,0
6.4946106671622,200,17.16427432216906,0.0,34.226260888267554,40.154994870460655,82.10369819736044,41940.0,5,1,0
6.7659119071758,200,71.016,0.0,30.916227551349607,40.133190632603764,611.5692238368811,36040.0,2,3,0
0.005015673981191223,200,9.906832298136646,0.0,51.995913539090225,40.00011086900605,184.83803552769007,30.0,8,1,0
45.4033707865168,200,43.20388349514563,0.0,31.04527368534251,40.44802165345601,103.91011235954993,121230.0,4,6,0
0.153548743441,200,15.163316582914574,0.0,38.52349715023121,40.006171708003556,117.7354322010492,1670.0,23,1,0
0.0116973618715779,200,14.936802973977697,0.0,43.03365953328315,40.00011086900605,22.3992035838723,30.0,16,3,0
30.374023293527898,200,42.39375,0.0,31.62598128831057,40.456854217604814,101.56273035529972,123620.0,13,5,0
0.5288966725043001,200,10.574074074074074,0.0,32.67770728035273,40.00336302651691,247.14535901926416,910.0,20,6,0
11.0985548935004,200,97.34,0.0,31.109796752338962,40.35932644861443,568.0706800904036,97230.0,2,1,0
2.5206725809779003,200,30.52267002518892,0.0,41.75610280675342,40.27092689445566,85.01959975242363,73310.0,0,2,0
6.7427413026419005,200,96.78481012658229,0.0,31.090439832240026,40.228648846814515,509.03086581218736,61870.0,19,2,0
1.2820906994619,200,6.920212765957447,0.0,31.277556726529735,40.00373258987042,56.03382013835512,1010.0,20,1,0
0.9783372365339,200,5.023529411764706,0.0,31.161415205936123,40.00188477310288,56.674473067915564,510.0,22,5,0
9.2696889477167,200,18.42682926829268,0.0,32.81965802774492,40.155290521143456,78.4778292521508,42020.0,0,4,0
0.3414601383571,200,48.34090909090909,0.0,34.11657167437359,40.0113086386173,101.61192826919194,3060.0,2,3,0
3.0049081697276003,200,63.16,0.0,32.08409506398537,40.12627979789319,314.2073042009691,34170.0,17,2,0
0.1236326555837,200,23.553129548762737,0.0,36.729755887729866,40.00447171657743,27.74241394227783,1210.0,9,4,0
0.1067594614264,200,24.84067796610169,0.0,38.11054952145392,40.005210843284445,66.59843522561802,1410.0,21,1,0
0.9022988505747,200,5.22,0.0,31.354984406925475,40.00210651111499,64.75095785440594,570.0,2,4,0
0.196659850034,200,9.32415254237288,0.0,37.6072695988816,40.00384345887647,305.56691660986115,1040.0,7,6,0
0.8846545683055,200,31.258333333333333,0.0,55.80277449188085,40.20603156957991,66.86312221502675,55750.0,13,0,0
0.4620829120323,200,5.26063829787234,0.0,31.354984406925475,40.00103477738982,783.0131445904952,280.0,23,2,0
215.0986842105263,200,2.7142857142857144,0.0,30.916227551349607,40.18127082489497,26.315789473684198,49050.0,17,1,0
1.0178443968592998,200,14.36923076923077,0.0,31.2581998064308,40.006356489680314,24.12562455388982,1720.0,14,3,0
0.1048346055979,200,23.11764705882353,0.0,38.155715668351434,40.00502606160769,35.82697201017792,1360.0,21,5,0
10.4536445536445,200,25.33195020746888,0.0,31.755027422303474,40.141542764393016,121.1466011466004,38300.0,22,6,0
0.009122807017543859,200,23.170731707317078,0.0,42.73685342509947,40.0000739126707,80.84210526315745,20.0,1,1,0
5.9564365947383004,200,96.65714285714286,0.0,31.01946445854393,40.178757794091126,515.0458173219032,48370.0,9,3,0
0.005241935483870968,200,32.847682119205295,0.0,53.054091837832026,40.0000739126707,163.3064516129025,20.0,1,5,0
0.09323554242296328,200,35.758490566037736,0.0,33.116464135928595,40.00199564210894,62.56859434360458,540.0,16,5,0
1.3915453915453,200,9.30967741935484,0.0,31.28400903322938,40.00447171657743,320.44352044352024,1210.0,7,1,0
1.2937665782493,200,6.528138528138528,0.0,31.542101301215183,40.00436084757138,111.4721485411139,1180.0,0,6,0
0.8804086538461,200,16.313725490196077,0.0,31.684052048607377,40.006504315021715,15.895432692307478,1760.0,8,4,0
26.6524363949978,200,18.404761904761905,0.0,30.864609097752446,40.13707104781558,121.12979732643345,37090.0,10,4,0
0.141551301583,200,20.90997229916897,0.0,37.32336810409721,40.004767367260236,5.9614492945617,1290.0,21,5,0
0.011352169525731585,200,46.36257309941521,0.0,32.2454027314765,40.0002217380121,128.670534813319,60.0,15,4,0
0.7873606564794999,200,30.500575109270763,0.0,62.945478008388,40.231494484636514,52.1691581313253,62640.0,6,0,0
0.2904529024027,200,17.386321626617374,0.0,33.89719324658565,40.006060838997506,50.61662768445613,1640.0,9,5,0
0.14870768110660001,200,9.723893805309734,0.0,39.16227551349607,40.00365867719972,342.51911175828167,990.0,22,5,0
0.6909158050221,200,6.099099099099099,0.0,31.62598128831057,40.00210651111499,57.90251107828656,570.0,2,3,0
0.00895638629283489,200,24.692307692307693,0.0,41.65931820625874,40.0000739126707,135.55295950155738,20.0,17,4,0
7.1045425933696995,200,39.38842975206612,0.0,32.85191956124314,40.15019054686507,107.01846412085585,40640.0,23,6,0
0.005769735116706006,200,37.38235294117647,0.0,46.99537584686526,40.0000739126707,147.5216365066875,20.0,12,5,0
0.01044504995458674,200,12.728323699421964,0.0,43.79503172384128,40.00011086900605,98.91008174386879,30.0,6,6,0
3.6229989580373,200,19.021621621621623,0.0,37.63307882568018,40.169629579259514,37.515392630481664,45900.0,3,0,0
22.352941176470498,200,16.07103825136612,0.0,31.225938272932574,40.14579274295834,46.54879292757559,39450.0,12,3,0
0.6547314578004999,200,5.792592592592593,0.0,30.929132164748896,40.00114564639587,945.7800511508946,310.0,19,1,0
0.8136461704422,200,15.778723404255318,0.0,31.61307667491128,40.006726053033816,13.0528586839266,1820.0,0,6,0
9.0213669012551,200,90.08496732026144,0.0,31.13560597913754,40.27573121805125,652.97830660959,74610.0,7,5,0
0.8342433697347,200,6.284313725490196,0.0,31.503387461017315,40.00240216179779,151.01404056162247,650.0,13,0,0
0.3916712030484,200,12.440180586907449,0.0,34.12302398107323,40.004804323595586,325.82108510252095,1300.0,15,2,0
15.1395271271864,200,42.5615141955836,0.0,32.43251962576621,40.452936846057646,123.33975689297235,122560.0,13,0,0
0.010715914272685818,200,14.057692307692308,0.0,44.14345628562211,40.00011086900605,87.64249886000852,30.0,11,0,0
0.9034234069746,200,28.73557187827912,0.0,59.377352403484245,40.219446719312195,68.53752054044052,59380.0,18,3,0
0.1554839142991,200,19.31128404669261,0.0,36.55554360683944,40.005136930613745,27.5102424608768,1390.0,22,1,0
0.4444077862091,200,6.2366255144032925,0.0,33.213248736423274,40.002993463163406,63.87330913889772,810.0,14,2,0
0.006727664155005383,200,8.826603325415677,0.0,44.930637702978814,40.00011086900605,131.87567276641494,30.0,1,4,0
1.2017205576980001,200,9.312154696132596,0.0,32.85837186794279,40.00901734582556,224.53277959062515,2440.0,1,4,0
0.154752315747,200,9.396404919583729,0.0,38.194429508549305,40.00343693918761,135.48127265404744,930.0,22,6,0
1.4088716014458,200,28.93587994542974,0.0,46.16302828261104,40.19878812785118,92.80056577086235,53790.0,21,0,0
14.7769496734537,200,81.34375,0.0,31.090439832240026,40.42647610994658,196.6961198616976,115400.0,18,3,0
2.1853888452474,200,8.902097902097902,0.0,31.13560597913754,40.006171708003556,292.30164964650425,1670.0,21,3,0
1.8834264757247,200,26.50925925925926,0.0,33.96171631358211,40.0478584542791,101.85120502968887,12950.0,21,4,0
0.20927707105180002,200,43.26174496644296,0.0,31.735670502204538,40.002993463163406,76.01613403661129,810.0,16,6,0
0.14692900426420002,200,44.855704697986575,0.0,33.99397784708033,40.00436084757138,74.811101967531,1180.0,19,6,0
0.1181815428415,200,15.180229885057472,0.0,45.36294225185504,40.0086847388074,79.48632522639761,2350.0,9,6,0
0.059977292376279905,200,15.579844206426484,0.0,73.31433487471772,40.01278689203133,63.03553013968158,3460.0,5,2,0
1.1060455896927,200,9.500941619585689,0.0,34.18754704806969,40.01238037234247,231.19920713577778,3350.0,14,1,0
0.1726051726051,200,7.621827411167513,0.0,38.11700182815356,40.00347389552296,134.31013431013417,940.0,21,2,0
0.07105233665807464,200,14.704202142268608,0.0,55.131734595117756,40.0084630007953,45.45556427210448,2290.0,10,5,0
1.0319672131147002,200,7.973856209150327,0.0,31.038821378642865,40.00280868148665,9.918032786885188,760.0,4,5,0
9.4386624656977,200,82.68067226890756,0.0,30.806538337455642,40.205957656909206,703.0084358166479,55730.0,0,1,0
0.5565326633165,200,9.309941520467836,0.0,31.238842886331863,40.00199564210894,76.94723618090424,540.0,7,4,0
0.08134200196270854,200,15.764842390253335,0.0,65.9780621572212,40.01470862146956,79.14131501471914,3980.0,20,1,0
0.008781558726673985,200,8.85899513776337,0.0,46.569523604688676,40.00011086900605,45.73728503475999,30.0,11,3,0
1.2576786291625999,200,18.632530120481928,0.0,31.2581998064308,40.00864778247205,51.7297122534752,2340.0,11,5,0
0.1437867601051,200,13.281440443213295,0.0,42.311001182922894,40.007649961417584,57.10173945688837,2070.0,4,0,0
1.4155185238638999,200,32.38870909744696,0.0,51.26035057533068,40.28271596543252,71.06347074039917,76500.0,6,0,0
9.0795377294357,200,24.247252747252748,0.0,31.37434132702441,40.08887998651833,167.5957398595057,24050.0,3,4,0
13.9970108918188,200,39.39032258064516,0.0,32.35509194537047,40.379024175356335,102.72704938170416,102560.0,5,3,0
2.0369776609723997,200,62.377049180327866,0.0,32.18087966448005,40.08596043602563,498.6281208935611,23260.0,12,2,0
0.6075491209927,200,11.622596153846152,0.0,32.729325733949885,40.006541271357065,31.458117890382297,1770.0,19,3,0
0.007154213036565978,200,9.554430379746837,0.0,44.53059468760082,40.0001478253414,378.39162692103787,40.0,14,0,0
0.1780205655526,200,14.107454667562122,0.0,40.465641466824394,40.008315175453895,42.9639150718841,2250.0,2,0,0
0.8338741077222,200,11.207272727272729,0.0,31.793741262501346,40.005728231979354,35.33419857235554,1550.0,22,5,0
3.420917892385,200,55.08717948717949,0.0,31.49693515431767,40.081488719448195,402.7555390057701,22050.0,7,3,0
0.6841919548341,200,8.801242236024844,0.0,31.213033659533284,40.00218042378569,40.64925899788272,590.0,19,3,0
1.0209334286185,200,28.65626969124133,0.0,53.944510162383054,40.205920700573856,72.6172282997067,55720.0,15,0,0
21.143753233316,200,42.95555555555556,0.0,31.974405850091408,40.36254164978994,82.77289187790959,98100.0,12,2,0
0.010347864376926464,200,11.828125,0.0,44.62092698139585,40.00011086900605,64.20079260237782,30.0,17,4,0
20.3628714173021,200,17.365296803652967,0.0,31.6582428218088,40.1717360903745,19.169077044438364,46470.0,9,6,0
0.6820964039785,200,5.914027149321267,0.0,31.580815141413055,40.00199564210894,141.46901300688566,540.0,18,4,0
10.5028357235984,200,100.26143790849672,0.0,31.096892138939673,40.357256893834794,433.92438070403944,96670.0,16,3,0
6.726186029137001,200,17.918340026773762,0.0,35.123131519518225,40.19963812356425,40.91146806126196,54020.0,23,4,0
7.2768737003887,200,18.04404567699837,0.0,34.226260888267554,40.17849909974367,85.06464153331473,48300.0,18,0,0
0.1262686009588,200,20.15181932245922,0.0,37.11689428970857,40.00450867291278,22.4145445489068,1220.0,22,0,0
0.6196403872752001,200,5.201438848920863,0.0,31.038821378642865,40.00099782105447,697.2337482710925,270.0,4,3,0
2.5743505829412,200,30.70015698587127,0.0,35.63286374879019,40.11164508909433,113.52526078952638,30210.0,20,3,0
13.8261377870563,200,87.4087591240876,0.0,30.99365523174535,40.367161191708774,604.2672233820457,99350.0,22,6,0
0.07730804795353892,200,16.923266986959504,0.0,81.76040434455317,40.021139023820574,45.55991758999236,5720.0,8,6,0
0.013448090371167296,200,10.04864864864865,0.0,40.51725992042155,40.00011086900605,25.847229693383472,30.0,11,5,0
7.451733232856,200,35.38666666666666,0.0,33.12291644262824,40.219298893970794,89.53278070836409,59340.0,20,3,0
2.3061844017439,200,26.856027753686035,0.0,38.30411872244327,40.15835789697756,104.63426449216739,42850.0,0,2,0
8.5717415115005,200,24.238938053097343,0.0,31.064630605441444,40.05207147650908,10.551296093464721,14090.0,0,4,0
0.8476821192052,200,6.094170403587444,0.0,31.57436283471341,40.00258694347455,117.7336276674024,700.0,14,3,0
0.4023756495916,200,12.208459214501511,0.0,34.43918700935585,40.007243441728725,155.20910665676752,1960.0,1,1,0
9.420394813689901,200,32.30566037735849,0.0,32.122808904183245,40.17883170676183,88.41256862515993,48390.0,21,5,0
1.3959633027521998,200,8.5423197492163,0.0,32.445424239165504,40.0084630007953,164.7339449541281,2290.0,15,1,0
0.8653463799811999,200,30.201158052755737,0.0,65.30056995375847,40.270224724084,64.33450734228965,73120.0,7,0,0
0.1429031012739,200,36.829383886255926,0.0,32.509947306161955,40.0024760744685,72.38450649852001,670.0,12,6,0
4.587241782512599,200,49.65806451612903,0.0,32.52285191956124,40.07831047460804,165.89580355982758,21190.0,20,4,0
0.4216489216489,200,12.291946308724832,0.0,33.93590708678352,40.006873878375224,120.61152061152032,1860.0,0,3,0
29.5146608315098,200,41.17117117117117,0.0,31.167867512635766,40.29908762199286,320.3719912472638,80930.0,15,1,0
0.7497303128371,200,5.867088607594937,0.0,31.077535218840737,40.00155216608473,110.46386192017248,420.0,6,4,0
1.7345642365232998,200,25.253373313343328,0.0,40.11721690504355,40.129605868074755,89.8717644265005,35070.0,4,0,0
13.808762619725599,200,83.0752688172043,0.0,31.27110441983009,40.47315196149445,219.10432306497506,128030.0,21,6,0
0.5453616673477,200,24.71717171717172,0.0,31.632433595010216,40.005949969991455,59.583163056803826,1610.0,22,2,0
4.1839410904322,200,20.93664202745512,0.0,36.65232820733412,40.18396863737557,113.4816159782115,49780.0,2,5,0
0.006363636363636364,200,8.133086876155268,0.0,46.75018819227874,40.0001478253414,273.01136363636266,40.0,11,4,0
0.1002023730317,200,13.97597830298334,0.0,47.58253575653296,40.00801952477109,30.5638722554886,2170.0,15,4,0
0.09066235714396177,200,15.948452336909607,0.0,87.25776965265082,40.02601726008686,57.628783075328,7040.0,18,2,0
0.8939108600125,200,16.01005025125628,0.0,31.290461339929024,40.006319533344964,55.367231638417856,1710.0,4,4,0
4.644739312762,200,18.730363423212196,0.0,35.94257447037316,40.16456656131648,28.94160355510988,44530.0,21,0,0
7.119562166713401,200,25.818840579710145,0.0,32.00666738358964,40.11253204114275,328.5012629806329,30450.0,13,0,0
2.8700956149027,200,27.324324324324323,0.0,30.935584471448543,40.019328163388394,398.9449390042853,5230.0,4,2,0
0.008852629751779206,200,7.21026282853567,0.0,43.58855790945263,40.0001478253414,163.3223398715501,40.0,14,5,0
1.9357206405693,200,60.21428571428572,0.0,31.12270136573825,40.028973766914916,485.77995255041435,7840.0,16,3,0
0.14377190617410002,200,18.27093596059113,0.0,37.19432197010431,40.004730410924886,5.28444324615788,1280.0,13,1,0
0.1342225927469,200,21.44699872286079,0.0,36.51682976664158,40.00502606160769,52.61716191270113,1360.0,19,3,0
1.227755440679,200,29.552998868351565,0.0,50.111839982793846,40.21331196764399,58.45427276788384,57720.0,4,4,0
0.15217233098020003,200,18.7462482946794,0.0,36.71685127433057,40.004656498254185,4.1918346554107195,1260.0,11,1,0
0.8859824780976,200,10.710455764075068,0.0,33.35519948381546,40.00787169942969,198.27284105131397,2130.0,15,2,0
0.8251928020565,200,17.592964824120603,0.0,31.49693515431767,40.006430402351015,19.30876892316476,1740.0,15,2,0
10.3068550020251,200,36.71375464684015,0.0,34.07785783417572,40.45142163630827,100.6530984204129,122150.0,20,5,0
0.908322496749,200,5.696296296296296,0.0,30.967846004946768,40.00155216608473,68.79063719115724,420.0,6,1,0
0.009286702232760324,200,9.303308823529411,0.0,46.19528981610926,40.00011086900605,51.39300533491359,30.0,3,0,0
2.4063313096270003,200,34.162962962962965,0.0,34.200451661468975,40.07383875803061,133.68025440878785,19980.0,0,1,0
0.402989590898,200,11.669491525423728,0.0,34.72308850414023,40.00739126707013,42.132655531348135,2000.0,4,4,0
29.1183576786419,200,91.77536231884058,0.0,30.916227551349607,40.817769788639325,63.955783655743495,221280.0,22,0,0
1.130345635618,200,10.558762886597938,0.0,33.85847940638779,40.01286080470203,253.7785588752195,3480.0,9,6,0
3.0203767078554002,200,38.24075924075924,0.0,37.63307882568018,40.256403054662854,133.43086287520362,69380.0,21,6,0
0.8444733796296,200,15.926267281105993,0.0,31.780836649102053,40.006504315021715,10.445601851851691,1760.0,4,6,0
12.4754412893323,200,21.716666666666665,0.0,30.83234756425422,40.07210181026913,157.17574827321536,19510.0,3,2,0
0.3450686641697,200,6.522801302931596,0.0,34.11657167437359,40.00306737583411,81.1235955056179,830.0,1,1,0
0.009361233480176211,200,7.662447257383966,0.0,43.09173029357996,40.0001478253414,87.38986784140926,40.0,19,6,0
0.01800220965750309,200,47.637770897832816,0.0,34.27787934186472,40.00062825770096,70.29310456879152,170.0,9,3,0
3.3107572115384003,200,47.27272727272727,0.0,31.387245940423703,40.06108882233463,327.2235576923065,16530.0,18,5,0
3.9472584856396002,200,63.13186813186813,0.0,31.529196687815894,40.10059514482449,376.53611836379343,27220.0,0,3,0
0.5133782150871,200,25.977578475336323,0.0,31.49693515431767,40.006615184027766,52.21819437251835,1790.0,23,6,0
0.2147002672775,200,13.945686900958467,0.0,36.51682976664158,40.006245620674264,79.4501718213051,1690.0,4,5,0
15.655037546933599,200,34.833787465940055,0.0,32.6454457468545,40.443808631226034,96.3782853566954,120090.0,12,4,0
16.7712146422628,200,21.087719298245613,0.0,31.922787396494247,40.17883170676183,58.42346089850242,48390.0,3,3,0
1.5875122910521,200,6.39622641509434,0.0,31.07108291214109,40.003584764529016,61.455260570304745,970.0,15,1,0
0.9108409321175001,200,7.833333333333333,0.0,30.858156791052803,40.00199564210894,73.86018237082052,540.0,23,1,0
0.5292713967546,200,24.944444444444443,0.0,31.716313582105602,40.00739126707013,75.73973910276763,2000.0,15,3,0
3.2935233877663,200,35.42156862745098,0.0,30.806538337455642,40.02638682344037,527.0965956269021,7140.0,22,6,0
6.9696231551798,200,51.50553505535056,0.0,33.568125604903756,40.215714129441785,54.22696661412735,58370.0,1,1,0
3.6886803473384,200,21.91211604095563,0.0,38.43961716313582,40.21005981013313,112.5345586231054,56840.0,16,4,0
9.2468521685061,200,85.77333333333333,0.0,32.01957199698892,40.527625599801326,160.14689880304604,142770.0,19,0,0
14.2368253968253,200,17.96577946768061,0.0,31.980858156791054,40.1491927258106,61.714285714285566,40370.0,23,6,0
0.5768817204301,200,6.326530612244898,0.0,31.109796752338962,40.00121955906657,72.68817204301068,330.0,11,4,0
7.3070444104134,200,51.21568627450981,0.0,30.81944295085493,40.08466696428835,375.1914241960178,22910.0,17,5,0
12.1344558725945,200,18.266666666666666,0.0,32.52285191956124,40.16220135585403,61.72859986728584,43890.0,2,4,0
1.1945881514432,200,28.83664068036853,0.0,51.60877513711152,40.21556630410038,53.164899172983525,58330.0,0,6,0
0.9601215343714,200,11.063025210084032,0.0,31.567910528013766,40.0056173629733,18.38207368021266,1520.0,0,5,0
0.01507300989166274,200,12.201149425287356,0.0,38.47187869663405,40.0000739126707,301.46019783325437,20.0,18,6,0
0.1310548977395,200,37.535353535353536,0.0,32.33573502527153,40.00218042378569,79.77664155005314,590.0,10,1,0
9.4579382579933,200,34.35606060606061,0.0,33.73588557909453,40.380465472435006,111.15766262403488,102950.0,4,0,0
0.11175608656439999,200,18.59958071278826,0.0,38.17507258845037,40.00439780390673,54.12533814247056,1190.0,11,6,0
16.9625362127995,200,70.97196261682242,0.0,30.75491988385848,40.28563551592522,733.4211219383715,77290.0,2,6,0
28.0109077040427,200,40.96875,0.0,31.696956662006667,40.40714794655818,90.45003813882498,110170.0,0,1,0
0.005006739842095128,200,36.31468531468531,0.0,50.234433810087104,40.0000739126707,159.4646639707294,20.0,0,2,0
0.08447219887114207,200,15.270493306436824,0.0,67.93956339391332,40.01563252985333,49.48841119250511,4230.0,7,1,0
10.570473568900601,200,35.1798418972332,0.0,33.63910097859985,40.417237026108914,76.90017414751892,112900.0,9,5,0
0.003231435403606282,200,8.278758694489031,0.0,69.13324013334767,40.00011086900605,186.77696632844211,30.0,10,1,0
0.005461010922021844,200,11.121468926553671,0.0,53.14442413162706,40.00011086900605,228.0416560833112,30.0,11,1,0
202.97442455242958,200,2.7535211267605635,0.0,30.929132164748896,40.17598606893983,6.3938618925831,47620.0,12,0,0
5.9474413179763,200,33.21549636803874,0.0,33.568125604903756,40.180938217876815,198.46187490887834,48960.0,11,1,0
1.4752482734283998,200,30.8147572815534,0.0,49.466609312829334,40.25958129950301,57.17724454302518,70240.0,13,6,0
39.6178515362188,200,41.67289719626168,0.0,31.154962899236477,40.39173715471696,62.99618748598337,106000.0,1,0,0
19.9841381741276,200,97.82758620689656,0.0,30.800086030755995,40.502864855116385,245.76136764187478,136070.0,18,3,0
3.0462405284631,200,20.67068273092369,0.0,38.61382944402624,40.17384260148949,90.96172527685924,47040.0,17,2,0
49.4293559660509,200,16.691666666666666,0.0,30.838799870953867,40.21955758831825,72.0918622066898,59410.0,2,0,0
0.1266059331931,200,18.90066225165563,0.0,38.43961716313582,40.004841279930936,3.9476757766875004,1310.0,22,5,0
0.8849053134767,200,53.85148514851485,0.0,33.98752554038069,40.032041142749016,65.01807930379302,8670.0,16,3,0
4.2859179159498,200,20.284147557328016,0.0,36.955586622217446,40.193355546554635,48.17399852543552,52320.0,7,0,0
0.6825121443442,200,18.714285714285715,0.0,32.322830411872246,40.006578227692415,14.457552625491498,1780.0,9,0,0
0.004871426289730075,200,7.658715596330275,0.0,51.995913539090225,40.0001478253414,184.50726720970977,40.0,1,2,0
3.1321831210916997,200,31.43328550932568,0.0,36.058715990966775,40.15218618897401,90.74353005614013,41180.0,18,6,0
11.5570084516026,200,21.926573426573427,0.0,32.14861813098182,40.16072310244,120.69845319725641,43490.0,8,5,0
0.1971363715732,200,39.22602739726028,0.0,31.755027422303474,40.00251303080385,243.1290378906923,680.0,6,4,0
0.9886075949367,200,5.642857142857143,0.0,30.987202925045704,40.00173694776148,45.69620253164556,470.0,3,4,0
0.0038931297709923663,200,11.654804270462634,0.0,62.158296591031295,40.0001478253414,299.26717557251726,40.0,20,0,0
13.7169226957383,200,22.05464480874317,0.0,31.277556726529735,40.12276894603488,214.2963330029732,33220.0,17,1,0
1.2947303921568,200,10.953020134228188,0.0,30.96139369824712,40.004693454589535,17.708333333333222,1270.0,12,5,0
0.9904644724699999,200,14.844748858447488,0.0,31.477578234218733,40.007169529058025,24.115656721008722,1940.0,10,3,0
10.3002711903525,200,36.10625,0.0,33.4455317776105,40.39583930794088,117.99088338814778,107110.0,23,1,0
1.1470083073363,200,30.04106704106704,0.0,51.37003978922465,40.217709771550716,46.26987743465618,58910.0,3,1,0
0.7688702516033,200,21.00518134715026,0.0,31.264652113130445,40.006947791045924,127.87370498273256,1880.0,20,5,0
0.9800680602819001,200,8.753191489361702,0.0,31.72276588880525,40.00447171657743,46.718522119591384,1210.0,3,6,0
1.1132930513595,200,6.186915887850467,0.0,30.851704484353156,40.00166303509078,18.277945619335274,450.0,9,0,0
15.0292856267614,200,63.7578125,0.0,30.88396601785138,40.27199862818083,561.1567209900728,73600.0,4,0,0
0.3003839716451,200,12.98849104859335,0.0,35.2328207334122,40.00679996570452,63.0107315152104,1840.0,8,0,0
32.6634136492125,200,40.375,0.0,31.290461339929024,40.53808424270556,97.254004576659,145600.0,23,0,0
2.1085331966439003,200,33.91308325709058,0.0,39.31713087428756,40.17332521279458,140.24334313540294,46900.0,2,4,0
0.7286075949367,200,9.186046511627907,0.0,31.57436283471341,40.00321520117551,62.02531645569596,870.0,16,0,0
3.3941814033086,200,56.54838709677419,0.0,31.41950747392193,40.079160470321106,281.27020346073357,21420.0,2,4,0
13.2017804154302,200,21.51063829787234,0.0,31.354984406925475,40.118408098463505,204.77250247279915,32040.0,15,4,0
0.06906012947653462,200,15.873327640193567,0.0,54.88654694053124,40.00857386980135,63.3825296343444,2320.0,3,6,0
1.419629057187,200,5.483050847457627,0.0,30.812990644155285,40.00206955477964,74.80680061823783,560.0,17,0,0
15.892504667911401,200,19.94148936170213,0.0,31.451769007420154,40.132118898878595,47.0525473459587,35750.0,16,2,0
6.829869304774,200,29.53887399463807,0.0,32.69706420045166,40.166894810443566,68.69667816300519,45160.0,6,3,0
1.4867854947756,200,8.518324607329843,0.0,31.503387461017315,40.005395624961196,236.2630608481865,1460.0,23,1,0
24.2528963573739,200,49.64248704663213,0.0,31.48403054091838,40.515282183794206,195.8981317190262,139430.0,22,4,0
0.8396656223064,200,31.37626100021464,0.0,64.93924077857835,40.27218340985758,52.48867849666703,73650.0,4,5,0
0.5365329512893,200,6.359908883826879,0.0,32.94225185503818,40.00332607018156,41.404011461317964,900.0,11,5,0
4.8805377163383,200,20.41555555555556,0.0,36.368426712549734,40.19886204052188,57.73919669097632,53810.0,16,3,0
10.2295631976256,200,36.55424528301887,0.0,33.1035595225293,40.3515656181908,76.65655848764348,95130.0,22,5,0
0.8554063860666999,200,15.570621468926554,0.0,31.20012904613399,40.005247799619795,37.155297532656,1420.0,12,2,0
11.1939883106039,200,22.45625,0.0,31.264652113130445,40.08921259353649,205.84469802393465,24140.0,22,5,0
1.0767558911004,200,9.82247191011236,0.0,33.74233788579417,40.01045864290423,153.832075040036,2830.0,2,1,0
13.3085860017002,200,18.721485411140584,0.0,32.54866114635983,40.2082859060363,136.07254179654197,56360.0,8,1,0
15.4719619105199,200,54.22950819672131,0.0,31.290461339929024,40.22698581172373,151.14873035066498,61420.0,16,4,0
9.4894906166219,200,71.18320610687023,0.0,30.89687063125067,40.19623814071198,162.24128686326992,53100.0,16,0,0
0.9024896265560001,200,9.009345794392525,0.0,32.826110334444564,40.005802144650055,199.72337482710896,1570.0,19,6,0
16.6811239193083,200,64.85981308411215,0.0,30.70330143026132,40.25673566168101,247.2766570605181,69470.0,15,2,0
1.1567912488605,200,14.561946902654867,0.0,31.503387461017315,40.0084630007953,10.969310240048511,2290.0,21,4,0
2.7297082754514,200,46.657407407407405,0.0,31.051725992042154,40.030525932999645,520.8176225441543,8260.0,12,2,0
2.1411006617903,200,55.0,0.0,32.0453812237875,40.068184438721964,362.1316614420054,18450.0,18,0,0
8.852464262854701,200,23.088669950738915,0.0,31.509839767716958,40.092021275023136,192.5538724130567,24900.0,16,5,0
0.09210015213802479,200,15.571068548387096,0.0,57.42230347349177,40.01263906668992,53.02333862039915,3420.0,3,5,0
2.5555754670489,200,32.30246020260492,0.0,35.07796537262071,40.1265015359053,109.02737332556785,34230.0,11,6,0
167.0072115384615,200,3.3015873015873014,0.0,30.88396601785138,40.15407096207689,86.77884615384612,41690.0,8,0,0
0.1139521640091,200,18.426023084994757,0.0,38.37509409613937,40.00447171657743,6.201594533029501,1210.0,18,4,0
0.15614766299490002,200,39.751479289940825,0.0,32.06473814388644,40.00232824912709,107.54688895504614,630.0,11,6,0
0.010351444152696425,200,42.68103448275862,0.0,33.00677492203463,40.00025869434745,96.99050696828836,70.0,8,0,0
9.6829827915869,200,24.4392523364486,0.0,31.542101301215183,40.11231030313065,107.55258126195,30390.0,6,3,0
0.8409763313609,200,6.693069306930693,0.0,32.01311969028928,40.00380650254112,154.6351084812621,1030.0,13,1,0
0.9740273525209,200,28.871994342291373,0.0,61.65501666845898,40.26453344844,59.964074300875694,71580.0,19,6,0
4.4609634551495,200,10.379310344827584,0.0,30.88396601785138,40.01193689631826,289.11960132890357,3230.0,18,6,0
1.5845231296402,200,10.94375,0.0,31.038821378642865,40.006171708003556,16.50485436893192,1670.0,14,4,0
0.01099163679808841,200,14.581881533101043,0.0,43.87891171093666,40.00011086900605,22.96296296296294,30.0,15,2,0
3.4435123042505,200,7.8766519823788546,0.0,31.696956662006667,40.01367384407974,98.6577181208052,3700.0,20,3,0
0.1309277704692,200,18.433025404157043,0.0,37.16851274330573,40.004656498254185,26.4674559919809,1260.0,4,4,0
0.8283969465648,200,15.162037037037036,0.0,31.57436283471341,40.006023882662156,13.4656488549618,1630.0,2,0,0
0.4864227642276,200,11.988304093567251,0.0,33.39391332401333,40.006652140363116,66.60162601625984,1800.0,11,0,0
8.3157043132541,200,83.84108527131782,0.0,31.761479729003117,40.39886972743964,146.47496648328774,107930.0,19,0,0
1.0739856801909,200,7.980952380952381,0.0,30.967846004946768,40.00199564210894,38.66348448687348,540.0,20,0,0
17.1677693082122,200,82.77380952380952,0.0,31.103344445639316,40.529399503898155,131.05853588379063,143250.0,3,2,0
264.6054421768707,200,2.7735849056603774,0.0,30.70330143026132,40.17251217341686,3.0612244897959,46680.0,20,3,0
11.1541253326881,200,22.961111111111112,0.0,31.32272287342725,40.10222122357992,166.68279699975778,27660.0,22,5,0
0.6802810427473,200,48.34603174603175,0.0,34.18109474137004,40.02298684058811,86.8408956595958,6220.0,15,1,0
20.8983392048314,200,36.127272727272725,0.0,31.103344445639316,40.18415341905232,288.0976346250621,49830.0,6,2,0
6.490720311486,200,58.81679389312977,0.0,31.000107538444993,40.11090596238732,577.8195976638528,30010.0,12,2,0
0.2609342337996,200,13.789356984478935,0.0,36.207119045058604,40.007206485393375,68.04952564720988,1950.0,20,5,0
2.9434410646387,200,9.147826086956522,0.0,30.812990644155285,40.006873878375224,237.64258555133048,1860.0,9,5,0
0.8511520737327001,200,7.91970802919708,0.0,30.916227551349607,40.00206955477964,23.59447004608288,560.0,6,1,0
0.7926136363636,200,5.739130434782608,0.0,31.277556726529735,40.00188477310288,122.72727272727239,510.0,13,1,0
0.0658922914466737,200,16.542172683413742,0.0,74.14668243897194,40.01456079612816,60.3660682858135,3940.0,4,5,0
29.6550802139037,200,15.16216216216216,0.0,30.800086030755995,40.11068422437522,28.75816993464052,29950.0,2,0,0
0.7626666666666,200,4.901960784313726,0.0,31.096892138939673,40.00129347173727,563.3333333333329,350.0,22,2,0
11.2162110127069,200,14.26923076923077,0.0,31.213033659533284,40.06459967419295,100.15402387370041,17480.0,10,4,0
0.1823400558954,200,18.110807113543093,0.0,36.27164211205506,40.005358668625846,26.293526701412212,1450.0,10,1,0
7.1946496449831,200,39.05602240896359,0.0,32.87772878804172,40.2224401824756,68.88044179875166,60190.0,17,1,0
4.6562870699881,200,13.596774193548388,0.0,31.000107538444993,40.01744339028551,1080.960854092527,4720.0,14,5,0
0.2032226241367,200,7.05568445475638,0.0,36.04581137756748,40.0027717251513,164.419598816178,750.0,11,3,0
11.711971104231099,200,38.65691489361702,0.0,32.922894934939244,40.37750896560696,89.41176470588165,102150.0,8,4,0
0.00425642807505212,200,10.839924670433144,0.0,56.67383589633294,40.00011086900605,323.56671299513374,30.0,9,4,0
23.6123114553607,200,21.14655172413793,0.0,30.851704484353156,40.128460221678885,36.6897676314714,34760.0,11,1,0
2.0532409463741,200,25.62291350531108,0.0,39.60748467577159,40.153775311394085,67.51650824672039,41610.0,16,0,0
0.5371144798745,200,9.963541666666666,0.0,31.57436283471341,40.00229129279174,135.96445373758462,620.0,5,3,0
6.8236721488271,200,18.42218543046357,0.0,34.1617378212711,40.168373063857594,41.556574099038315,45560.0,6,4,0
7.437699069945199,200,69.46017699115045,0.0,30.935584471448543,40.12945804273335,474.57000891833206,35030.0,13,1,0
6.3335605403395,200,18.85280373831776,0.0,33.116464135928595,40.11334508052046,60.7262362126651,30670.0,12,4,0
0.311823973922,200,50.93584905660377,0.0,33.48424561780837,40.00934995284371,86.41280189657628,2530.0,7,6,0
15.5175327575938,200,87.22077922077922,0.0,31.000107538444993,40.46217592989531,178.86390708755164,125060.0,9,3,0
14.922611850060399,200,22.81379310344828,0.0,31.07108291214109,40.10946466530864,174.60701330108762,29620.0,8,3,0
1.391382405745,200,6.365714285714286,0.0,31.174319819335413,40.00343693918761,122.89048473967652,930.0,17,6,0
0.6807051909892,200,5.801136363636363,0.0,31.2581998064308,40.00155216608473,94.12340842311448,420.0,1,2,0
1.1028806584361999,200,6.6880733944954125,0.0,30.903322937950318,40.00181086043218,30.864197530864196,490.0,4,6,0
0.1774300730985,200,14.147863247863247,0.0,38.20088181524895,40.006541271357065,65.34162991602687,1770.0,4,5,0
6.3009160305343,200,27.75423728813559,0.0,32.67125497365308,40.13729278582769,166.75826972010114,37150.0,5,5,0
0.00834756213242269,200,14.8061797752809,0.0,48.260027959995696,40.00011086900605,47.429330297856,30.0,18,1,0
15.6280552603613,200,25.994475138121548,0.0,31.277556726529735,40.1630513515671,76.5143464399572,44120.0,7,3,0
0.3953656770456,200,7.6722222222222225,0.0,31.60017206151199,40.00121955906657,110.13758146270816,330.0,15,2,0
0.008579272477693892,200,21.426470588235293,0.0,42.672330358103025,40.0000739126707,140.5628002745363,20.0,12,2,0
0.18410924891369998,200,8.095477386934673,0.0,37.24594042370147,40.00328911384621,109.69584109248909,890.0,0,4,0
13.1754741299944,200,19.190812720848054,0.0,32.27121195827508,40.15869050399572,85.14085803719324,42940.0,21,4,0
1.1022612217347,200,14.668316831683168,0.0,31.380793633724057,40.007243441728725,9.75362807964888,1960.0,19,6,0
0.8593852190974,200,6.95,0.0,31.645338208409505,40.0029195504927,163.50555918901202,790.0,16,2,0
1.6237016564605,200,28.668565510098396,0.0,44.32412087321217,40.19934247288144,65.89895048682229,53940.0,6,6,0
6.6076408254322,200,30.64957264957265,0.0,31.251747499731152,40.05255190886864,46.87674288901254,14220.0,12,6,0
4.4931668856767,200,60.3968253968254,0.0,30.838799870953867,40.07583440013955,641.8002628120894,20520.0,3,4,0
0.9827771797631,200,8.445454545454545,0.0,30.81944295085493,40.00203259844429,72.76641550053797,550.0,3,3,0
13.051013874066099,200,18.815261044176708,0.0,31.96150123669212,40.13559279440156,53.361792956243,36690.0,5,6,0
1.5947211579395,200,8.213286713286713,0.0,32.16797505108076,40.008315175453895,124.13793103448253,2250.0,18,0,0
1.2945414995581,200,26.351992834751456,0.0,46.85342509947306,40.16892740888785,53.84406226633096,45710.0,11,3,0
0.49078834618679995,200,12.436944937833037,0.0,33.845574792988494,40.007649961417584,89.1316766638102,2070.0,21,2,0
0.6483253588515999,200,6.2388059701492535,0.0,31.464673620819443,40.00181086043218,127.5917065390748,490.0,6,2,0
4.0178868168389,200,19.120917917034426,0.0,37.87181417356705,40.193022939536476,66.4697193500736,52230.0,9,6,0
0.0053388537807801265,200,8.98922624877571,0.0,51.866867405097324,40.00011086900605,232.25103508389594,30.0,18,3,0
0.7482464929859,200,11.53757225433526,0.0,32.30992579847295,40.006652140363116,96.29258517034009,1800.0,6,4,0
0.10161090458479999,200,38.276679841897234,0.0,32.826110334444564,40.00221738012104,69.4341181330027,600.0,2,4,0
0.15849673202609998,200,17.485714285714284,0.0,37.207226583503605,40.005173886949095,5.33769063180808,1400.0,12,5,0
7.8871859598509,200,74.94594594594595,0.0,30.825895257554574,40.145497092275534,335.2446207476845,39370.0,12,2,0
7.5177201670065,200,17.63527397260274,0.0,34.01978707387891,40.17169913403915,51.74288765899533,46460.0,17,1,0
7.2069849407241,200,20.135483870967743,0.0,33.142273362727174,40.14963620183481,141.24746341984405,40490.0,19,5,0
0.2837659309916,200,15.925742574257423,0.0,35.85869448327777,40.008130393777144,54.83369599005228,2200.0,7,4,0
0.143708399366,200,17.76463963963964,0.0,37.58146037208302,40.00506301794304,10.142630744849198,1370.0,8,3,0
15.3517560073937,200,19.744525547445257,0.0,32.251855038176146,40.18419037538767,101.21996303142278,49840.0,6,4,0
4.7735849056603,200,50.03496503496503,0.0,31.154962899236477,40.07576048746885,394.4654088050306,20500.0,0,3,0
0.2388264955305,200,14.575723830734969,0.0,36.290999032154,40.006947791045924,57.8271831308727,1880.0,2,5,0
8.704960185799601,200,25.327731092436974,0.0,31.832455102699214,40.11637550001922,143.480424684804,31490.0,12,2,0
22.761208576998,200,17.448979591836736,0.0,30.987202925045704,40.12945804273335,50.52631578947352,35030.0,16,4,0
1.6871663041328,200,45.55855855855856,0.0,31.12270136573825,40.018921643699535,334.1902313624667,5120.0,23,6,0
9.1253796454801,200,37.032719836400815,0.0,33.54231637810517,40.36645902133711,125.90976862333585,99160.0,0,3,0
1.148313833448,200,6.85377358490566,0.0,31.49693515431767,40.00373258987042,53.957329662766604,1010.0,5,2,0
0.047748759036889035,200,15.90011462256427,0.0,74.14668243897194,40.01031081756283,47.1627772857403,2790.0,20,1,0
0.5948275862068,200,14.637223974763408,0.0,33.49069792450801,40.006134751668206,347.6077586206895,1660.0,5,3,0
0.6542857142857,200,6.60377358490566,0.0,31.167867512635766,40.00103477738982,432.14285714285677,280.0,11,5,0
1.405290102389,200,6.201058201058201,0.0,31.251747499731152,40.00365867719972,81.99658703071644,990.0,12,1,0
16.8260013131976,200,18.276,0.0,31.955048929992472,40.17047957497258,56.92711753118811,46130.0,12,1,0
1.0136186770428,200,7.671641791044776,0.0,31.445316700720507,40.00347389552296,93.64461738002586,940.0,14,0,0
1.5786555521566,200,32.029393753827314,0.0,43.504677922357246,40.1831186416625,95.07685836647248,49550.0,20,4,0
9.179837416357898,200,34.44380952380953,0.0,33.74233788579417,40.368085100092536,105.31438367527393,99600.0,15,3,0
6.9937665281450005,200,22.81896551724138,0.0,31.696956662006667,40.082116977149155,127.01171137136333,22220.0,21,1,0
0.2008191992615,200,15.71532184950136,0.0,37.91698032046457,40.007723874088285,71.07995846313507,2090.0,20,0,0
12.0585602387168,200,22.720338983050848,0.0,30.84525217765351,40.07169529058027,157.59045132413246,19400.0,10,5,0
0.49097664543520003,200,12.0,0.0,33.180987202925046,40.006171708003556,84.2356687898088,1670.0,4,2,0
0.7213049690427,200,12.960905349794238,0.0,34.56823314334875,40.01008907955073,240.18098110811158,2730.0,3,6,0
7.7605293238371,200,34.88650306748466,0.0,32.45187654586515,40.195720752017074,108.3355315220258,52960.0,2,6,0
0.9075008409014,200,14.432038834951456,0.0,31.367889020324768,40.005986926326806,10.8980827447023,1620.0,18,3,0
0.7557018575123,200,20.06132075471698,0.0,31.748575115603828,40.007132572722675,39.52504114742524,1930.0,19,1,0
12.255196304849798,200,23.405405405405407,0.0,31.316270566727606,40.11766897175649,199.7459584295605,31840.0,17,6,0
0.011423550087873465,200,14.875816993464053,0.0,39.38165394128401,40.0000739126707,260.5008787346219,20.0,14,4,0
7.4779352894079,200,38.46557971014493,0.0,34.28433164856436,40.35208300688571,79.5930862336922,95270.0,8,6,0
1.2065439672801,200,8.35897435897436,0.0,30.806538337455642,40.0026238998099,58.895705521472166,710.0,16,6,0
0.1172163995067,200,20.64050901378579,0.0,38.129906441552855,40.00506301794304,72.75482942868813,1370.0,13,6,0
4.237031547745,200,67.9568345323741,0.0,31.129153672437898,40.08876911751228,512.386195214905,24020.0,14,0,0
0.14749700598799997,200,14.210347174948945,0.0,40.233358425637164,40.006836922039874,40.546107784431,1850.0,0,1,0
0.30307076101459995,200,7.213483146067416,0.0,34.32304548876223,40.00303041949876,149.62171784601665,820.0,20,4,0
0.6076412525527,200,12.190871369294603,0.0,33.180987202925046,40.00794561210039,27.229407760381196,2150.0,21,1,0
0.08110454301186391,200,16.805140673845084,0.0,50.75707065275836,40.008721695142754,79.40143028398953,2360.0,21,3,0
3.0210727969348,200,6.823529411764706,0.0,31.038821378642865,40.007021703716624,259.0038314176243,1900.0,2,3,0
29.169176470588198,200,15.510948905109489,0.0,30.95494139154748,40.13747756750444,31.8117647058822,37200.0,15,3,0
0.8833073727933,200,16.18487394957983,0.0,31.813098182600278,40.007576048746884,14.953271028037198,2050.0,22,5,0
0.1843309187952,200,7.025892857142857,0.0,37.54919883858479,40.00325215751086,112.28872791968425,880.0,10,6,0
1.6202749140893,200,5.490566037735849,0.0,30.75491988385848,40.00210651111499,55.67010309278334,570.0,11,5,0
16.4425966740132,200,18.485185185185184,0.0,32.08409506398537,40.181972995266634,52.11380484872736,49240.0,9,0,0
0.009344012204424103,200,8.682119205298013,0.0,42.18195504892999,40.00011086900605,274.59954233409604,30.0,15,3,0
1.5521972559156,200,48.589371980676326,0.0,32.761587267448114,40.03462808622356,73.53350566713007,9370.0,7,4,0
0.4110526315789,200,49.62686567164179,0.0,31.793741262501346,40.006097795332856,116.45112781954872,1650.0,5,1,0
0.1167995444191,200,18.70074547390841,0.0,38.226691042047534,40.004582585583485,9.1116173120728,1240.0,11,6,0
2.0496134020618,200,8.868571428571428,0.0,32.58737498655769,40.01411732010395,206.1855670103088,3820.0,23,2,0
0.6812785388127,200,6.9523809523809526,0.0,32.122808904183245,40.00332607018156,153.60730593607258,900.0,20,4,0
11.379407616361,200,24.554112554112557,0.0,31.6582428218088,40.143131886813094,249.66502115655737,38730.0,7,6,0
0.7574791564491999,200,7.2821428571428575,0.0,31.955048929992472,40.00343693918761,200.88278567925443,930.0,3,5,0
0.011145272867025366,200,16.787096774193547,0.0,38.14281105495215,40.0000739126707,318.25518831667927,20.0,7,5,0
7.1541654939487005,200,94.74666666666668,0.0,31.12270136573825,40.22547060197436,579.5735997748361,61010.0,17,4,0
0.6380403458213,200,9.747191011235955,0.0,31.516292074416604,40.0024760744685,121.95965417867427,670.0,4,5,0
0.1038668654355,200,14.235166738847989,0.0,45.95655446822239,40.007576048746884,65.74279716450096,2050.0,8,3,0
0.8313206577595,200,17.221238938053098,0.0,31.813098182600278,40.007206485393375,16.0585817060635,1950.0,3,0,0
7.7895763162559,200,27.517073170731702,0.0,31.6582428218088,40.09745385631968,180.83673107605028,26370.0,21,1,0
0.014560582423296933,200,12.568627450980392,0.0,37.85245725346812,40.0000739126707,284.76339053562094,20.0,16,0,0
2.6239333604225004,200,34.18055555555556,0.0,38.09764490805463,40.20048811927731,89.9053810878256,54250.0,8,6,0
0.4618929457639,200,6.91421568627451,0.0,32.94870416173782,40.0029195504927,85.11166253101736,790.0,0,1,0
0.13898065125050002,200,14.414965986394558,0.0,41.181847510485,40.007206485393375,72.5041829336305,1950.0,20,1,0
0.12028739184170001,200,10.380112269446672,0.0,39.981718464351005,40.00347389552296,102.17088998763859,940.0,19,0,0
0.8413533834586,200,6.157407407407407,0.0,31.5872674481127,40.00251303080385,43.30827067669152,680.0,12,4,0
2.3505338078291,200,13.171875,0.0,30.84525217765351,40.008795607813454,13.345195729537348,2380.0,15,1,0
0.5437352245861999,200,8.294117647058824,0.0,30.864609097752446,40.00103477738982,1404.3735224586287,280.0,12,0,0
0.1770213842844,200,8.130658436213992,0.0,36.8781589418217,40.00310433216946,213.8428444894339,840.0,13,1,0
234.9673590504451,200,2.612403100775194,0.0,30.838799870953867,40.17561650558632,7.418397626112751,47520.0,2,2,0
0.011153298528713811,200,15.435897435897436,0.0,43.756317883643405,40.00011086900605,79.82914095870865,30.0,5,4,0
6.1780364070426,200,20.23550724637681,0.0,35.639316055489836,40.229535798862926,130.7311250373016,62110.0,17,3,0
11.330717488789201,200,21.23809523809524,0.0,31.2581998064308,40.08965606956069,285.90246636771224,24260.0,18,1,0
0.714424951267,200,19.63636363636364,0.0,32.10345198408431,40.006504315021715,19.10331384015572,1760.0,4,2,0
1.2011834319526,200,7.752293577981652,0.0,30.742015270459188,40.00225433645639,19.99999999999989,610.0,14,3,0
0.6565513329551,200,9.08762886597938,0.0,31.406602860522636,40.00258694347455,65.5700510493474,700.0,1,3,0
0.1354063510926,200,17.370412844036696,0.0,37.36853425099473,40.004582585583485,5.55225457186235,1240.0,9,6,0
0.28253156201,200,16.831944444444446,0.0,35.1618453597161,40.007613005082234,62.45564815578805,2060.0,23,1,0
0.9049122266707,200,46.220640569395016,0.0,33.67136251209808,40.02609117275756,83.27687095780624,7060.0,17,0,0
14.015707874336998,200,19.0,0.0,32.09054737068502,40.15237097065076,71.01183190534418,41230.0,12,1,0
0.1408956047747,200,21.281938325991188,0.0,36.35552209915045,40.00454562924813,5.802801352376781,1230.0,4,2,0
5.439771729587299,200,26.737089201877936,0.0,31.909882783094957,40.068701827416874,189.92098331870042,18590.0,22,3,0
1.829263886021,200,43.92743764172336,0.0,35.955479083772445,40.07860612529085,163.55564732603688,21270.0,23,1,0
19.7867056245434,200,23.603448275862068,0.0,30.787181417356706,40.120145046224984,336.5960555149738,32510.0,0,0,0
5.0550733496332,200,53.4640522875817,0.0,31.116249059038605,40.09172562434033,391.6992665036663,24820.0,21,6,0
0.1680350681881,200,43.02994011976048,0.0,31.96795354339176,40.0026978124806,89.0620651266344,730.0,0,1,0
0.2016782899586,200,15.66341030195382,0.0,38.80094633831595,40.00790865576504,103.33390032318374,2140.0,17,4,0
12.0725244072524,200,18.0377358490566,0.0,32.574470373158405,40.15355357338198,36.8898186889815,41550.0,14,6,0
0.6525374855824,200,9.527472527472527,0.0,31.316270566727606,40.00251303080385,116.7820069204152,680.0,16,0,0
20.7547885075818,200,21.058823529411764,0.0,30.851704484353156,40.1153407226294,212.64964086193086,31210.0,10,2,0
26.1291302696543,200,44.6271186440678,0.0,31.922787396494247,40.45766725698253,18.280795037346444,123840.0,20,3,0
1.7436893203883,200,7.686567164179104,0.0,31.942144316593183,40.00798256843574,116.55339805825197,2160.0,21,1,0
10.1363437909312,200,33.96822033898305,0.0,33.25841488332079,40.36036122600425,82.48612237260615,97510.0,16,0,0
1.1260985861673,200,14.300546448087433,0.0,31.225938272932574,40.006541271357065,12.38058846006876,1770.0,12,6,0
0.4800057954216,200,12.369175627240145,0.0,33.72943327239488,40.00735431073478,66.99507389162513,1990.0,0,4,0
0.45840436413220004,200,11.874493927125506,0.0,33.63910097859985,40.005986926326806,129.03170814865254,1620.0,1,0,0
1.331552587646,200,15.28061224489796,0.0,31.36143671362512,40.008869520484154,19.23205342237056,2400.0,8,5,0
0.1568156630956,200,13.926688102893891,0.0,40.723733734810196,40.007539092411534,49.9445881049128,2040.0,2,4,0
3.7586253920632,200,41.19662921348315,0.0,31.432412087321218,40.06112577866998,362.3210145915716,16540.0,0,6,0
0.014823599169878448,200,10.6403785488959,0.0,39.90429078395526,40.00011086900605,57.396975985769195,30.0,20,2,0
0.007923128792987188,200,8.08174386920981,0.0,47.67286805032799,40.00011086900605,64.80107889413333,30.0,15,3,0
33.115825042237596,200,36.99305555555556,0.0,31.522744381116247,40.3911828096867,89.37488267317391,105850.0,22,6,0
0.9163822525597001,200,10.10344827586207,0.0,31.690504355307024,40.005358668625846,16.72354948805457,1450.0,5,2,0
1.0685591858596,200,10.174386920980927,0.0,33.21970104312292,40.008869520484154,184.49384038564537,2400.0,16,1,0
0.4741499767116,200,31.573529411764707,0.0,32.14861813098182,40.00905430216091,52.27061015370234,2450.0,4,0,0
3.0473389355741998,200,47.389380530973455,0.0,30.95494139154748,40.03621720864364,660.0186741363199,9800.0,4,5,0
0.7173601147776,200,5.28030303030303,0.0,30.922679858049253,40.00110869006052,683.0703012912479,300.0,5,4,0
0.13596621661799999,200,18.660377358490567,0.0,38.17507258845037,40.00509997427839,12.0442514720751,1380.0,2,4,0
0.1084204265443,200,37.72115384615385,0.0,33.41327024411227,40.002845637822,44.0479225082844,770.0,20,0,0
9.357689586415301,200,42.947513812154696,0.0,33.16808258952575,40.32262880761123,92.6223708754092,87300.0,22,5,0
0.09519876097057305,200,14.99806426635695,0.0,48.156791052801374,40.008204306447844,64.43985544656586,2220.0,4,0,0
0.11254655493480001,200,43.68813559322034,0.0,33.87138401978707,40.00325215751086,61.46027312228428,880.0,20,1,0
1.2105100781571,200,11.35981308411215,0.0,33.78105172599204,40.01308254271413,170.32085561497277,3540.0,4,2,0
13.427782974742701,200,39.3014705882353,0.0,32.30347349177331,40.318304916375205,139.2329279700647,86130.0,9,6,0
27.4987955221765,200,44.10625,0.0,31.755027422303474,40.430319568823045,67.46492843984637,116440.0,9,4,0
0.147971602434,200,18.3271375464684,0.0,36.8071835681256,40.004878236266286,24.3407707910748,1320.0,18,1,0
15.6224233983286,200,17.095238095238095,0.0,31.47112592751909,40.12439502479031,84.2618384401112,33660.0,16,2,0
0.3380997400141,200,7.159052453468697,0.0,34.05204860737714,40.00317824484016,63.90924131410988,860.0,20,1,0
212.4554896142433,200,2.7851239669421486,0.0,30.800086030755995,40.15876441666642,66.76557863501475,42960.0,13,5,0
13.592235004108401,200,17.140845070422536,0.0,32.14861813098182,40.146753607677454,37.98274445357403,39710.0,8,4,0
0.00872865275142315,200,11.002087682672236,0.0,45.963006774922036,40.00011086900605,98.3681214421248,30.0,13,6,0
0.005368098159509202,200,7.86896551724138,0.0,53.04763953113238,40.00011086900605,182.30718667835166,30.0,0,0,0
1.3731751824817,200,6.298850574712644,0.0,31.18077212603506,40.00336302651691,105.47445255474426,910.0,18,0,0
3.9614649681527996,200,19.4937917860554,0.0,37.32982041079686,40.179312139121386,64.79666829985196,48520.0,12,2,0
0.22511424597649998,200,17.475694444444443,0.0,34.942466931928166,40.00502606160769,8.940989469501002,1360.0,12,6,0
1.7616229923922,200,9.38888888888889,0.0,30.980750618346057,40.004656498254185,314.539306846999,1260.0,3,3,0
0.1384911894273,200,37.06122448979592,0.0,32.23895042477686,40.00225433645639,69.39702643171758,610.0,0,5,0
5.6084874250883,200,32.70184254606365,0.0,34.290783955264004,40.242803123253815,139.45090406187438,65700.0,16,2,0
0.1490367139222,200,17.61203585147247,0.0,36.729755887729866,40.00454562924813,6.5430752453652,1230.0,7,3,0
10.5157874470542,200,18.09756097560976,0.0,32.058285837186794,40.12114286727945,97.05429341547875,32780.0,1,1,0
2.3251953125,200,10.52054794520548,0.0,32.509947306161955,40.01585426786543,306.28255208333303,4290.0,7,5,0
0.09971319311663479,200,22.616216216216216,0.0,38.284761802344335,40.004656498254185,78.31739961758976,1260.0,6,1,0
0.151045370502,200,18.749333333333333,0.0,36.6781374341327,40.004730410924886,9.73545726070239,1280.0,1,6,0
11.341967734605701,200,94.64516129032258,0.0,31.28400903322938,40.442736897500865,222.69938650306577,119800.0,21,4,0
0.014305750350631136,200,11.537216828478964,0.0,40.078503064845684,40.0001478253414,64.62833099579233,40.0,21,5,0
3.0711430855315,200,8.34,0.0,31.116249059038605,40.008536913466,191.92645883293343,2310.0,2,3,0
0.9839506172838999,200,5.5479452054794525,0.0,31.038821378642865,40.00177390409683,39.99999999999996,480.0,17,4,0
0.00728650539201399,200,9.1128818061089,0.0,48.36326486719002,40.00011086900605,79.80180705333719,30.0,11,0,0
28.066328054974598,200,44.626666666666665,0.0,31.567910528013766,40.41660876840795,69.07678518075883,112730.0,0,3,0
0.7268475691232,200,45.89150943396226,0.0,32.83901494784386,40.01570644252403,67.43755781683596,4250.0,21,2,0
18.1101816443594,200,19.192660550458715,0.0,31.632433595010216,40.168040456839435,67.13671128107039,45470.0,11,0,0
0.1299171238473,200,17.20281124497992,0.0,38.16862028175073,40.00495214893699,21.71705381113518,1340.0,4,0,0
26.031739961759,200,16.656050955414013,0.0,31.025916765243576,40.15096662990743,49.560229445506565,40850.0,16,2,0
0.01981252662974009,200,45.57281553398058,0.0,31.316270566727606,40.0002217380121,126.3101832126111,60.0,15,5,0
24.0572315118083,200,36.48427672955975,0.0,31.61307667491128,40.3094723522264,68.41923806240273,83740.0,14,0,0
0.2375124875124,200,7.369325153374233,0.0,35.5618883750941,40.00317824484016,150.26640026640007,860.0,22,6,0
1.1138014527845,200,6.164179104477612,0.0,31.013012151844283,40.00206955477964,43.7046004842614,560.0,14,3,0
1.316609735269,200,12.326315789473684,0.0,31.23239057963222,40.006873878375224,18.83005977796734,1860.0,4,4,0
0.2820975187536,200,48.30662020905923,0.0,33.87138401978707,40.0086847388074,147.4971148297747,2350.0,20,0,0
0.022606382978723406,200,7.300970873786408,0.0,33.051941068932145,40.0000739126707,387.7659574468081,20.0,13,3,0
0.1365806223479,200,34.27878787878788,0.0,31.819550489299925,40.00173694776148,49.66407355021179,470.0,1,1,0
0.020128824476650563,200,55.2,0.0,31.7872889558017,40.00033260701816,116.06280193236668,90.0,10,3,0
0.7061721991701,200,17.447963800904976,0.0,31.47112592751909,40.006060838997506,33.609958506223926,1640.0,18,4,0
0.673168292073,200,11.046961325966851,0.0,32.348639638670825,40.005986926326806,40.0100025006248,1620.0,6,3,0
0.00915157292659676,200,12.00228832951945,0.0,45.72427142703516,40.00011086900605,93.42230695900831,30.0,5,2,0
0.5984570168993001,200,50.407407407407405,0.0,32.18087966448005,40.01086516259309,115.22165074699893,2940.0,1,4,0
0.8619737750172,200,8.625,0.0,31.19367673943435,40.0027717251513,62.11180124223601,750.0,5,5,0
0.26110378188210004,200,8.970414201183432,0.0,33.83912248628885,40.00266085614525,178.10026385224228,720.0,17,1,0
1.3848797250859,200,7.657894736842105,0.0,30.774276803957413,40.0026978124806,37.11340206185562,730.0,1,2,0
1.0404595404594998,200,5.530386740331492,0.0,31.264652113130445,40.00232824912709,25.57442557442544,630.0,17,5,0
0.1791093917194,200,17.581765557163532,0.0,35.85224217657813,40.004841279930936,8.4286772573872,1310.0,14,3,0
12.6529891903816,200,16.91417910447761,0.0,31.86471663619744,40.12720370627696,57.37921906022457,34420.0,18,4,0
1.7316072801845,200,13.134680134680137,0.0,33.026131842133566,40.01500427215237,310.1768777236602,4060.0,1,1,0
15.6673283878382,200,41.9780701754386,0.0,32.445424239165504,40.332533105485204,71.97784975446585,89980.0,19,2,0
13.320295202952,200,21.94331983805668,0.0,31.671147435208088,40.16009484473904,90.4059040590405,43320.0,5,5,0
0.006792639249104606,200,8.416839916839917,0.0,45.853317561028064,40.0001478253414,141.39804865999744,40.0,0,5,0
28.4358452138492,200,40.30597014925373,0.0,31.451769007420154,40.3405526302563,48.15774856508046,92150.0,23,1,0
0.14591284281529998,200,46.36625514403292,0.0,33.25196257662114,40.00365867719972,75.12203780953169,990.0,14,6,0
0.8616863905325,200,16.25,0.0,31.41950747392193,40.006467358686365,54.70414201183406,1750.0,22,3,0
7.3964095847137,200,20.63434022257552,0.0,34.452091622755134,40.21286849161978,62.4085060482315,57600.0,9,1,0
0.140477198927,200,17.886363636363637,0.0,36.98784815571567,40.00443476024208,2.04009600451769,1200.0,18,5,0
50.772231543624095,200,34.05714285714286,0.0,30.722658350360255,40.40260231731005,149.0212527964205,108940.0,16,0,0
6.2193744164332,200,19.65137614678899,0.0,33.85202709968814,40.14771447239657,212.8944911297847,39970.0,4,2,0
1.2307823129251,200,14.923857868020304,0.0,31.342079793526185,40.00805648110644,17.99319727891138,2180.0,3,1,0
0.1966099823321,200,16.405797101449274,0.0,37.71050650607592,40.00790865576504,108.215547703179,2140.0,9,6,0
0.8382608695652,200,16.121495327102803,0.0,31.43886439402086,40.006430402351015,44.086956521738905,1740.0,23,5,0
0.008530438154323382,200,14.28808864265928,0.0,48.56328637487901,40.00011086900605,26.54129507561034,30.0,16,3,0
0.0063254744105807935,200,10.97160883280757,0.0,51.39584901602323,40.00011086900605,138.06785508913137,30.0,9,5,0
0.1565081024568,200,7.2297808012093725,0.0,38.84611248521347,40.00332607018156,133.49712493465734,900.0,16,3,0
0.8394557823129001,200,8.855421686746988,0.0,31.19367673943435,40.0027717251513,65.37414965986376,750.0,19,1,0
3.9503320890095,200,19.187906976744188,0.0,37.37498655769438,40.180716479864714,69.8114122266924,48900.0,23,3,0
0.4835818942961,200,11.705972434915774,0.0,34.34240240886117,40.008204306447844,45.53898482469858,2220.0,4,4,0
14.7415495224809,200,40.69432314410481,0.0,31.72921819550489,40.304631072295464,94.81704045498378,82430.0,1,4,0
0.12420267180159998,200,21.525906735751292,0.0,37.09753736960963,40.004582585583485,19.55108918040678,1240.0,5,4,0
0.9428658722884,200,14.482300884955752,0.0,31.516292074416604,40.006873878375224,8.82981973724395,1860.0,20,6,0
0.6502472422973999,200,12.143187066974596,0.0,32.87772878804172,40.007613005082234,70.76835298592611,2060.0,1,6,0
12.8941831683168,200,24.76628352490421,0.0,31.819550489299925,40.18481863308863,73.6540841584155,50010.0,12,0,0
28.1231327048585,200,41.04166666666666,0.0,31.187224432734702,40.429986961804886,185.19216823785348,116350.0,10,6,0
1.0003368137420001,200,14.698019801980198,0.0,31.400150553822993,40.006615184027766,12.15897608622413,1790.0,10,1,0
5.8748784440842,200,26.594827586206897,0.0,32.52285191956124,40.12058852224919,74.43544030253899,32630.0,15,5,0
15.1246200607902,200,16.218309859154928,0.0,31.219485966232927,40.07723874088287,80.28658271819337,20900.0,10,5,0
1.054109589041,200,16.685714285714287,0.0,31.187224432734702,40.006836922039874,57.56849315068469,1850.0,18,0,0
14.124564025909299,200,16.725,0.0,31.80019356920099,40.12572545286293,35.97409068261078,34020.0,14,6,0
208.63424657534242,200,2.786259541984733,0.0,30.864609097752446,40.1688904525525,17.5342465753424,45700.0,22,3,0
23.376372653205802,200,20.456521739130437,0.0,31.00655984514464,40.1463470879886,27.771873893021436,39600.0,22,0,0
0.004753199268738574,200,9.147157190635452,0.0,53.718679427895474,40.0001478253414,171.56307129798842,40.0,15,3,0
218.59948320413432,200,2.74468085106383,0.0,30.935584471448543,40.18759035823993,4.1343669250646,50760.0,10,3,0
2.7393031233074,200,33.671732522796354,0.0,35.510269921496935,40.13459497334709,124.37263043870588,36420.0,21,2,0
0.177832351015,200,19.18341708542713,0.0,37.5362942251855,40.006023882662156,3.77210216110008,1630.0,15,5,0
1.3234077750206,200,6.535135135135135,0.0,31.2581998064308,40.003547808193666,125.80645161290309,960.0,7,4,0
0.7803819444444,200,15.36,0.0,31.619528981610927,40.005986926326806,44.01041666666658,1620.0,3,6,0
0.005288262131895479,200,7.599684791174153,0.0,54.486503925153244,40.0001478253414,245.9145582745744,40.0,7,3,0
0.7875354107648,200,8.557575757575757,0.0,31.19367673943435,40.0024760744685,77.12464589235121,670.0,3,2,0
0.1230855435188,200,16.713839750260146,0.0,37.71050650607592,40.00439780390673,15.5646868385005,1190.0,23,5,0
17.6682628797886,200,17.707602339181285,0.0,31.187224432734702,40.118629836475606,69.88110964332883,32100.0,2,4,0
0.947155337737,200,9.696280991735538,0.0,33.93590708678352,40.00986734153862,200.49009162582507,2670.0,2,3,0
8.3206044277849,200,28.64765100671141,0.0,32.14861813098182,40.157507901264495,194.9279606419116,42620.0,17,3,0
25.9119825708061,200,15.19867549668874,0.0,30.980750618346057,40.131897160866494,69.71677559912838,35690.0,18,0,0
0.1447868585392,200,19.82772543741588,0.0,37.22658350360254,40.004730410924886,3.5908226988866496,1280.0,18,0,0
0.1172913423542,200,18.91506228765572,0.0,38.09119260135498,40.00436084757138,15.57298527122496,1180.0,20,5,0
0.26825705939620004,200,40.27450980392157,0.0,31.167867512635766,40.0024760744685,112.5608568646538,670.0,4,4,0
0.8025629887054,200,10.583908045977012,0.0,33.94235939348317,40.008204306447844,262.814943527367,2220.0,17,3,0
1.0240303541315,200,11.18867924528302,0.0,31.387245940423703,40.005395624961196,24.283305227655838,1460.0,9,5,0
1.8334714167357,200,9.143939393939394,0.0,32.01311969028928,40.00983038520327,214.74730737365326,2660.0,21,5,0
0.1211727488419,200,19.474147414741477,0.0,38.284761802344335,40.004767367260236,13.563439159416578,1290.0,20,1,0
0.7109406540169,200,12.024271844660197,0.0,32.72287342725024,40.00783474309434,32.29713362939,2120.0,5,6,0
233.0256797583081,200,3.1826923076923075,0.0,30.722658350360255,40.17103392000284,97.88519637462223,46280.0,0,0,0
0.8508601553828999,200,15.20675105485232,0.0,31.542101301215183,40.00679996570452,23.335183129855597,1840.0,4,4,0
0.008737092930897538,200,15.26060606060606,0.0,48.05355414560705,40.00011086900605,28.67355043685454,30.0,8,3,0
0.3348193336461,200,7.2482993197278915,0.0,33.92945478008388,40.00317824484016,220.76489910839916,860.0,11,5,0
4.2891434806327995,200,33.027027027027025,0.0,30.89687063125067,40.03488678057102,542.3076923076915,9440.0,13,3,0
0.1560047878707,200,18.139927623642944,0.0,37.426605011291535,40.005210843284445,3.8302965819921604,1410.0,1,1,0
27.3524268917696,200,41.9873417721519,0.0,31.696956662006667,40.40238057929795,69.70153753391585,108880.0,16,4,0
0.00851214754389076,200,8.518126888217523,0.0,47.266372728250346,40.00011086900605,24.27735414080488,30.0,13,5,0
9.756835769561398,200,26.552511415525117,0.0,31.60017206151199,40.12583632186899,168.5468615649182,34050.0,12,3,0
29.9823828550672,200,17.53503184713376,0.0,31.0581782987418,40.1830447289918,67.16309480566643,49530.0,8,0,0
0.17320839226770002,200,7.636363636363637,0.0,37.72986342617486,40.00328911384621,193.116454502592,890.0,14,6,0
0.11418033877679999,200,15.31770529994176,0.0,54.0800086030756,40.01334123706159,53.01990456455179,3610.0,21,1,0
0.0102757409893628,200,47.234146341463415,0.0,32.69706420045166,40.0002217380121,81.80316017763037,60.0,14,4,0
0.5257717360521,200,12.724324324324323,0.0,33.74233788579417,40.008241262783194,75.46020957235905,2230.0,23,1,0
0.11321021388859999,200,43.31836734693878,0.0,33.05839337563179,40.0026978124806,96.11796852916218,730.0,10,0,0
0.8037459283387,200,9.164179104477611,0.0,31.00655984514464,40.00221738012104,78.257328990228,600.0,15,4,0
0.49836358226710004,200,22.632996632996637,0.0,32.251855038176146,40.00742822340548,97.60487950014831,2010.0,16,1,0
2.0994152046782997,200,11.305785123966942,0.0,30.78072911065706,40.006393446015664,14.327485380116862,1730.0,3,2,0
0.0166256157635468,200,13.533333333333331,0.0,36.755565114528444,40.0000739126707,124.69211822660084,20.0,0,0,0
0.7611473626971,200,17.02777777777778,0.0,31.41950747392193,40.006208664338914,73.51821642196825,1680.0,7,0,0
0.1113580795732,200,10.52808112324493,0.0,40.4527368534251,40.00336302651691,66.86671112098975,910.0,16,0,0
0.7688588007735999,200,6.628205128205129,0.0,31.277556726529735,40.00177390409683,60.4448742746615,480.0,2,2,0
0.9326325140657,200,11.766550522648084,0.0,31.89052586299602,40.006984747381274,28.457210541901006,1890.0,19,2,0
0.007413376309427881,200,9.635093167701864,0.0,46.79535433917626,40.00011086900605,111.02336825140982,30.0,14,3,0
1.3891102257635999,200,11.584615384615384,0.0,31.264652113130445,40.006984747381274,34.70562195661792,1890.0,14,5,0
31.524084061744404,200,42.0078125,0.0,31.400150553822993,40.37588288685153,36.00520736470108,101710.0,23,6,0
0.16059584035969998,200,7.468513853904282,0.0,38.07828798795569,40.00317824484016,170.08431703204002,860.0,21,1,0
5.7601582461056,200,31.928947368421053,0.0,33.00677492203463,40.154994870460655,96.13450918981188,41940.0,13,3,0
0.09687034277198212,200,13.869094488188976,0.0,51.02806753414346,40.00909125849626,35.209235209234166,2460.0,22,1,0
0.1347082626288,200,37.55392156862745,0.0,32.23895042477686,40.00229129279174,227.43767132228078,620.0,13,6,0
0.3868055555555,200,9.133192389006345,0.0,33.79395633939133,40.00373258987042,60.20833333333305,1010.0,23,5,0
0.1144890377269,200,19.481141692150867,0.0,38.17507258845037,40.004878236266286,38.70022500130808,1320.0,1,2,0
0.8915776241357,200,15.22488038277512,0.0,31.42595978062157,40.006319533344964,19.641734758013747,1710.0,12,5,0
0.1932740626207,200,7.246498599439776,0.0,37.336272717496506,40.00332607018156,153.085942533178,900.0,13,2,0
8.441739824421301,200,18.24757281553398,0.0,32.729325733949885,40.1407297250153,117.53125831338063,38080.0,23,6,0
0.015499070055796652,200,11.68840579710145,0.0,36.8071835681256,40.0000739126707,142.8394296342216,20.0,18,5,0
9.2502540076766,200,33.68060836501901,0.0,33.690719432197014,40.36339164550301,85.39738089862166,98330.0,6,3,0
0.0057094523155001055,200,8.693014705882353,0.0,47.69867727712658,40.0001478253414,159.9598223725944,40.0,2,4,0
27.4615214506855,200,15.486301369863014,0.0,31.08398752554038,40.13769930551655,51.127819548872154,37260.0,14,3,0
0.009386523633925576,200,22.428571428571427,0.0,43.60146252285192,40.0000739126707,159.6044250754272,20.0,22,1,0
11.143172395345701,200,18.10411622276029,0.0,32.87772878804172,40.18478167675328,40.4574027016181,50000.0,13,3,0
1.0012066365007,200,14.932432432432432,0.0,31.516292074416604,40.00739126707013,14.600301659125158,2000.0,10,6,0
1.5551558752997001,200,8.176470588235293,0.0,30.683944510162384,40.00288259415735,52.87769784172659,780.0,14,0,0
40.1912523770714,200,34.72641509433962,0.0,31.219485966232927,40.32806138890778,76.31078511274099,88770.0,12,1,0
3.3106646058732,200,12.563106796116504,0.0,30.696849123561673,40.00953473452047,22.333848531684648,2580.0,17,5,0
0.1344537815126,200,38.28695652173913,0.0,32.7164211205506,40.00266085614525,45.071542130365174,720.0,5,1,0
0.4706386292834,200,11.546762589928058,0.0,33.65200559199914,40.006726053033816,28.800623052959306,1820.0,2,4,0
14.8131932282545,200,19.31954887218045,0.0,32.01311969028928,40.168816539881796,82.21443860673226,45680.0,18,2,0
0.5657383419689,200,12.0625,0.0,33.41972255081191,40.007760830423635,42.114637305699034,2100.0,14,5,0
38.6780895844576,200,36.333333333333336,0.0,30.71620604366061,40.317861440350995,121.12790070156491,86010.0,22,1,0
0.6927244582043001,200,8.229299363057326,0.0,31.129153672437898,40.00199564210894,69.659442724458,540.0,4,5,0
0.9643507281553001,200,16.398009950248756,0.0,31.61307667491128,40.007058660051975,17.475728155339677,1910.0,9,5,0
0.4536821059646,200,6.898850574712644,0.0,32.916442628239594,40.00303041949876,197.56747750749705,820.0,6,5,0
0.15624772047549998,200,21.254263565891478,0.0,36.439402086245835,40.004767367260236,34.72901013932436,1290.0,16,2,0
0.4840357598978,200,7.369411764705882,0.0,32.88418109474137,40.00336302651691,79.82120051085549,910.0,6,6,0
1.1276159212146,200,10.595652173913043,0.0,31.48403054091838,40.006097795332856,21.70701682396382,1650.0,21,3,0
14.4043440486533,200,19.844827586206897,0.0,32.187331971179695,40.18382081203416,75.6907037358813,49740.0,11,5,0
16.048503132977398,200,16.260377358490565,0.0,31.748575115603828,40.153368791705226,33.511255511719504,41500.0,16,0,0
256.8981818181818,200,2.66990291262136,0.0,30.677492203462737,40.156657905551434,9.09090909090905,42390.0,12,6,0
1.0969418960244,200,11.89090909090909,0.0,31.780836649102053,40.00798256843574,56.54434250764516,2160.0,19,4,0
0.8115702479338,200,9.37984496124031,0.0,30.99365523174535,40.00218042378569,84.6280991735536,590.0,3,2,0
0.1407317238114,200,17.05536332179931,0.0,37.11689428970857,40.004619541918835,7.364576993304631,1250.0,9,1,0
0.9135373934995,200,15.534313725490197,0.0,31.37434132702441,40.006430402351015,15.27295676869666,1740.0,2,2,0
0.00881316098707403,200,16.74098360655738,0.0,47.71158189052586,40.00011086900605,52.95730513121776,30.0,8,1,0
0.9206489675516,200,17.20812182741117,0.0,31.83890740939886,40.006947791045924,11.7994100294984,1880.0,12,2,0
0.896095301125,200,14.45933014354067,0.0,31.413055167222282,40.006023882662156,8.471211118464481,1630.0,17,1,0
0.4104619403871,200,12.895865237366005,0.0,34.329497795461876,40.007686917752935,48.64030400189952,2080.0,14,5,0
0.8046781883194,200,14.655021834061136,0.0,31.54855360791483,40.006023882662156,9.654350417163181,1630.0,3,3,0
0.7853457172342,200,6.636986301369863,0.0,31.08398752554038,40.00169999142613,208.97832817337445,460.0,14,1,0
1.1567164179104,200,5.742857142857143,0.0,31.025916765243576,40.00206955477964,35.94527363184067,560.0,21,1,0
0.004786934484700582,200,7.793708851499634,0.0,55.18335304871492,40.0001478253414,151.38914961516684,40.0,1,0,0
1.2459016393442,200,6.989583333333333,0.0,31.342079793526185,40.00373258987042,54.321907600596056,1010.0,14,1,0
0.0916030534351145,200,4.330578512396694,0.0,30.81944295085493,40.00011086900605,6.87022900763358,30.0,7,0,0
0.03289473684210526,200,2.111111111111111,0.0,30.709753736960963,40.00003695633535,15.78947368421052,10.0,7,4,0
0.0996309963099631,200,2.2583333333333333,0.0,30.787181417356706,40.0000739126707,13.2841328413284,20.0,16,5,0
1.636287625418,200,9.723577235772357,0.0,30.79363372405635,40.00436084757138,16.3879598662206,1180.0,11,0,0
1.9441805225653002,200,7.321739130434783,0.0,30.76782449725777,40.00365867719972,20.0712589073633,990.0,18,3,0
0.8552036199095,200,15.11111111111111,0.0,30.722658350360255,40.00336302651691,4.58144796380085,910.0,9,6,0
0.9480259870064001,200,12.745222929936306,0.0,31.051725992042154,40.004213022229976,16.191904047975903,1140.0,8,5,0
1.4376979936641998,200,8.025423728813559,0.0,30.748467577158834,40.00303041949876,30.517423442449743,820.0,4,0,0
0.5295267042987,200,14.762820512820513,0.0,30.974298311646415,40.00273476881595,8.51063829787234,740.0,5,5,0
0.6828087167069999,200,6.770491803278689,0.0,30.81944295085493,40.00125651540192,9.80629539951573,340.0,19,5,0
0.9498982706002,200,14.562962962962963,0.0,30.88396601785138,40.004176065894626,14.699898270600197,1130.0,1,5,0
1.0862318840579,200,9.387755102040815,0.0,30.987202925045704,40.00332607018156,45.28985507246375,900.0,23,4,0
1.5319080012957,200,22.532846715328468,0.0,30.99365523174535,40.01049559923958,18.658892128279682,2840.0,12,3,0
1.1054054054054,200,9.866666666666667,0.0,30.99365523174535,40.00365867719972,38.91891891891888,990.0,5,2,0
1.0303347280334,200,7.772357723577236,0.0,30.806538337455642,40.00221738012104,10.460251046025101,600.0,4,2,0
1.0659203980099,200,10.93877551020408,0.0,30.967846004946768,40.00380650254112,17.97263681592025,1030.0,0,0,0
1.1376811594201999,200,12.756302521008404,0.0,30.806538337455642,40.00384345887647,37.94466403162032,1040.0,20,5,0
0.9981735159817,200,10.528846153846152,0.0,30.671039896763094,40.00243911813315,4.4748858447488296,660.0,21,0,0
0.6754385964912,200,13.070063694267516,0.0,31.04527368534251,40.00310433216946,32.94346978557492,840.0,20,4,0
0.2074175824175,200,3.4339622641509435,0.0,30.696849123561673,40.00018478167675,4.39560439560436,50.0,5,4,0
0.6085440278987999,200,10.06140350877193,0.0,30.748467577158834,40.00155216608473,22.3190932868352,420.0,5,1,0
0.7180008126777,200,15.98051948051948,0.0,31.03236907194322,40.00395432788252,122.91751320601337,1070.0,22,4,0
0.1296296296296,200,2.076923076923077,0.0,30.690396816862027,40.0000739126707,4.16666666666664,20.0,15,1,0
1.2559274755927,200,12.690265486725664,0.0,30.748467577158834,40.00402824055322,50.836820083681765,1090.0,3,3,0
1.1291187739463,200,10.116279069767442,0.0,30.851704484353156,40.00328911384621,30.651340996168404,890.0,10,0,0
2.0535810446957,200,16.72972972972973,0.0,30.709753736960963,40.0084630007953,36.4028002154011,2290.0,23,6,0
1.2529258777632999,200,12.403225806451612,0.0,30.787181417356706,40.004286934900676,7.86736020806241,1160.0,22,3,0
0.822998046875,200,12.962025316455696,0.0,31.04527368534251,40.00376954620577,56.4453125,1020.0,8,4,0
0.026442307692307692,200,2.0194174757281558,0.0,30.671039896763094,40.00003695633535,4.3269230769230695,10.0,22,3,0
0.7726849697532999,200,11.192708333333334,0.0,31.264652113130445,40.00369563353507,60.30711959050692,1000.0,2,3,0
1.4243079584775,200,11.223300970873789,0.0,30.65168297666416,40.00365867719972,7.00692041522484,990.0,18,3,0
1.2031134173461,200,10.792,0.0,30.79363372405635,40.003621720864366,7.412898443291299,980.0,7,4,0
2.6712732215677,200,16.227941176470587,0.0,30.877513711151735,40.01308254271413,58.72224739465332,3540.0,4,6,0
0.5411570247933,200,15.512820512820513,0.0,31.33562748682654,40.00365867719972,45.25619834710712,990.0,3,5,0
0.6550141242937,200,13.615384615384617,0.0,31.413055167222282,40.004139109559276,45.762711864406555,1120.0,23,3,0
2.2167577413479,200,25.416666666666668,0.0,30.709753736960963,40.01352601873834,49.872495446265866,3660.0,5,1,0
1.9400691509796,200,17.707482993197278,0.0,30.96139369824712,40.01119776961125,18.59393008067606,3030.0,1,4,0
0.1045045045045,200,4.404761904761905,0.0,30.858156791052803,40.0001478253414,6.48648648648648,40.0,19,3,0
0.82782369146,200,11.862745098039216,0.0,31.000107538444993,40.00336302651691,14.10468319559216,910.0,10,6,0
1.1223241590214001,200,9.96951219512195,0.0,31.090439832240026,40.004102153223926,24.4648318042812,1110.0,3,5,0
2.3165137614678,200,13.872727272727271,0.0,30.722658350360255,40.00787169942969,23.65661861074689,2130.0,14,4,0
0.8660145586897,200,14.366013071895424,0.0,31.013012151844283,40.004249978565326,40.946314831665,1150.0,5,2,0
0.9322974472807,200,11.123456790123456,0.0,31.090439832240026,40.00373258987042,67.9800221975581,1010.0,21,5,0
2.7144896502497997,200,20.158273381294965,0.0,30.948489084847832,40.01688904525525,111.92005710206945,4570.0,16,1,0
0.9952483801294999,200,15.641891891891891,0.0,30.96139369824712,40.005136930613745,41.51187904967589,1390.0,23,3,0
0.4732974910394,200,13.609756097560975,0.0,31.354984406925475,40.00295650682805,34.444444444444414,800.0,5,6,0
1.0568454763811,200,12.366336633663366,0.0,30.65168297666416,40.00295650682805,11.52922337870292,800.0,18,2,0
1.1710414902624,200,9.760330578512397,0.0,30.838799870953867,40.00306737583411,16.59610499576624,830.0,1,6,0
0.9752916952642,200,10.635036496350365,0.0,30.89687063125067,40.00317824484016,13.45229924502394,860.0,14,2,0
1.047356321839,200,13.425925925925926,0.0,31.077535218840737,40.00506301794304,50.06896551724122,1370.0,10,4,0
1.7595744680851,200,10.846153846153848,0.0,30.825895257554574,40.005506493967246,8.58156028368793,1490.0,7,2,0
1.9062776304155,200,15.493150684931509,0.0,30.95494139154748,40.00957169085582,34.65959328028288,2590.0,18,1,0
1.0226814516129,200,17.557522123893804,0.0,30.722658350360255,40.00450867291278,12.903225806451522,1220.0,12,1,0
1.9690376569037003,200,10.482456140350877,0.0,30.742015270459188,40.005247799619795,10.1255230125522,1420.0,11,0,0
0.6313107920333,200,12.06145251396648,0.0,31.187224432734702,40.00303041949876,41.6859657248724,820.0,4,1,0
1.0058458165875002,200,16.487951807228917,0.0,31.096892138939673,40.006134751668206,55.571793934964965,1660.0,5,5,0
6.4535881011833,200,60.20261437908497,0.0,30.987202925045704,40.13182324819579,3.9192270111821097,35670.0,21,2,0
2.0440484196367996,200,14.57843137254902,0.0,30.632326056565223,40.00676300936917,6.724949562878199,1830.0,3,1,0
2.3191899710703,200,9.513761467889909,0.0,30.696849123561673,40.005358668625846,24.6865959498552,1450.0,18,4,0
0.1771653543307,200,2.152542372881356,0.0,30.78072911065706,40.00011086900605,9.84251968503935,30.0,19,6,0
1.5050980392156,200,11.91588785046729,0.0,30.683944510162384,40.004286934900676,7.843137254901899,1160.0,0,6,0
1.6348408710217,200,11.055555555555555,0.0,30.71620604366061,40.00436084757138,12.06030150753768,1180.0,19,0,0
1.0768203072812002,200,13.017391304347829,0.0,30.742015270459188,40.003584764529016,19.305277221108717,970.0,16,6,0
0.4372469635627,200,12.133333333333333,0.0,31.858264329497796,40.00336302651691,15.29786003470201,910.0,11,2,0
0.8604978863316001,200,11.633879781420765,0.0,31.2581998064308,40.004065196888575,86.84828558008442,1100.0,14,0,0
0.7291558777835,200,10.727777777777778,0.0,31.19367673943435,40.00314128850481,11.6519937856032,850.0,0,2,0
1.4974396488661001,200,13.14423076923077,0.0,30.65168297666416,40.00454562924813,7.3152889539135995,1230.0,13,4,0
4.8395348837209,200,55.9,0.0,30.967846004946768,40.08998867657885,2.68336314847935,24350.0,5,0,0
3.7746252676659,200,23.54621848739496,0.0,30.79363372405635,40.02346727294767,72.26980728051375,6350.0,4,3,0
0.7679856115107,200,11.956989247311828,0.0,31.24529519303151,40.00380650254112,79.3165467625898,1030.0,10,5,0
0.7114731839782,200,12.921052631578949,0.0,30.75491988385848,40.00232824912709,108.6218601493548,630.0,3,5,0
0.7773262901259,200,14.825301204819278,0.0,31.109796752338962,40.004249978565326,17.91954490044684,1150.0,12,2,0
1.1629292221443,200,11.062015503875967,0.0,30.94203677814819,40.00369563353507,112.123335669236,1000.0,10,6,0
2.7582061950993,200,14.137254901960784,0.0,31.00655984514464,40.01323036805554,56.63430420711945,3580.0,2,3,0
2.7445956765412003,200,10.408333333333331,0.0,30.79363372405635,40.007613005082234,9.68775020016012,2060.0,0,0,0
2.5718113612004,200,15.421487603305785,0.0,30.787181417356706,40.01064342458099,6.48445873526253,2880.0,5,3,0
0.9661016949151999,200,10.280303030303031,0.0,30.851704484353156,40.0029195504927,5.9690493736181995,790.0,17,3,0
1.4185861795074999,200,11.141592920353984,0.0,30.71620604366061,40.00399128421787,13.42335186656074,1080.0,23,6,0
0.7889972144846,200,10.184397163120568,0.0,30.948489084847832,40.00251303080385,11.76880222841219,680.0,9,0,0
1.2676537585421002,200,13.404580152671755,0.0,30.89687063125067,40.00495214893699,136.73120728929368,1340.0,4,4,0
0.04608294930875576,200,2.1067961165048543,0.0,30.671039896763094,40.00003695633535,4.14746543778801,10.0,22,6,0
0.9362012395187,200,14.668449197860962,0.0,31.28400903322938,40.005728231979354,106.30696317900066,1550.0,9,3,0
1.8492063492063,200,12.886363636363637,0.0,30.877513711151735,40.006984747381274,72.0164609053498,1890.0,11,3,0
1.1615331964407,200,11.4140625,0.0,30.84525217765351,40.00376954620577,15.400410677617948,1020.0,1,4,0
0.8179012345679001,200,13.368932038834952,0.0,31.33562748682654,40.00502606160769,39.542483660130664,1360.0,12,3,0
7.2788679245283,200,12.5,0.0,30.877513711151735,40.02139771816803,280.8301886792452,5790.0,7,3,0
1.4662113587346999,200,10.303703703703704,0.0,30.89687063125067,40.00454562924813,28.756290438533398,1230.0,1,3,0
0.029045643153526972,200,2.171171171171171,0.0,30.7291106570599,40.00003695633535,10.37344398340245,10.0,19,5,0
0.6897570584372,200,10.431506849315069,0.0,30.980750618346057,40.00236520546244,75.90282337491783,640.0,0,6,0
0.1586538461538,200,2.0194174757281558,0.0,30.664587590063448,40.0000739126707,1.92307692307692,20.0,4,1,0
1.6852189781021,200,15.117241379310345,0.0,30.987202925045704,40.008204306447844,158.80474452554694,2220.0,8,6,0
6.4261946217837,200,42.3688524590164,0.0,30.787181417356706,40.07369093268921,2.78583865351128,19940.0,16,4,0
1.3243243243243001,200,18.5,0.0,30.78072911065706,40.006541271357065,18.018018018018,1770.0,8,3,0
0.8181818181818,200,10.580152671755725,0.0,30.84525217765351,40.0025499871392,5.84415584415576,690.0,10,6,0
1.6817036290321998,200,17.873873873873872,0.0,30.696849123561673,40.00742822340548,20.161290322580598,2010.0,14,5,0
1.7723952326028,200,17.34,0.0,30.987202925045704,40.01023690489213,16.9550173010379,2770.0,23,4,0
1.8238993710691,200,8.91588785046729,0.0,30.683944510162384,40.00388041521182,15.094339622641439,1050.0,5,2,0
1.9312480644162,200,18.242937853107343,0.0,31.20012904613399,40.0138586257565,49.5509445648804,3750.0,22,6,0
2.1010818120351002,200,13.445454545454544,0.0,30.696849123561673,40.006910834710574,5.47667342799183,1870.0,2,2,0
0.07661290322580645,200,2.016260162601626,0.0,30.79363372405635,40.0000739126707,1.6129032258064402,20.0,16,3,0
0.10192837465560001,200,3.4245283018867925,0.0,30.71620604366061,40.00011086900605,17.63085399449032,30.0,4,5,0
0.14092140921399998,200,3.236842105263158,0.0,30.748467577158834,40.0001478253414,6.7750677506775006,40.0,11,5,0
1.1751863684771,200,13.132867132867132,0.0,30.89687063125067,40.004915192601636,5.3248136315228,1330.0,17,6,0
1.4299913569576,200,17.53030303030303,0.0,30.89687063125067,40.00735431073478,126.0155574762316,1990.0,13,4,0
0.8493265993265,200,9.684782608695652,0.0,31.238842886331863,40.00336302651691,76.82379349045979,910.0,20,4,0
0.624053030303,200,11.668508287292818,0.0,31.206581352833638,40.00295650682805,27.27272727272712,800.0,23,5,0
0.6214092140921,200,10.25,0.0,31.18077212603506,40.0025499871392,7.8048780487804805,690.0,10,4,0
1.3688204683434,200,17.208955223880597,0.0,30.88396601785138,40.007021703716624,44.40589765828256,1900.0,8,5,0
1.283340257582,200,16.263513513513512,0.0,31.00655984514464,40.006873878375224,56.875778977980694,1860.0,1,6,0
1.2704755614266,200,11.646153846153846,0.0,30.838799870953867,40.004286934900676,9.511228533685559,1160.0,11,1,0
0.06493506493506493,200,3.3771929824561404,0.0,30.748467577158834,40.0000739126707,9.3506493506493,20.0,2,5,0
1.3342105263157,200,12.9126213592233,0.0,30.6581352833638,40.00395432788252,36.39097744360892,1070.0,2,2,0
0.8803582853486001,200,14.47222222222222,0.0,30.696849123561673,40.00306737583411,20.729366602687076,830.0,0,4,0
1.3836424957841,200,10.136752136752136,0.0,30.787181417356706,40.00365867719972,8.4317032040472,990.0,7,5,0
0.8246250604741,200,12.91875,0.0,31.04527368534251,40.00380650254112,17.46492501209467,1030.0,21,5,0
0.1195219123505,200,2.1271186440677967,0.0,30.78072911065706,40.0000739126707,6.37450199203184,20.0,7,6,0
0.703744493392,200,9.557894736842105,0.0,31.2581998064308,40.002845637822,15.914096916299538,770.0,10,4,0
0.9204474829085999,200,11.251748251748252,0.0,30.94203677814819,40.00328911384621,15.91050341827216,890.0,8,1,0
1.1841526045486999,200,10.325757575757576,0.0,30.84525217765351,40.003584764529016,10.56493030080696,970.0,4,6,0
0.03255813953488372,200,2.0283018867924527,0.0,30.690396816862027,40.00003695633535,4.1860465116279,10.0,13,1,0
0.640921409214,200,12.834782608695653,0.0,30.748467577158834,40.00210651111499,27.100271002710002,570.0,2,6,0
0.8760708166761,200,13.165413533834586,0.0,30.890418324551028,40.00343693918761,48.02969731581951,930.0,20,4,0
1.4535055350553001,200,10.753968253968257,0.0,30.83234756425422,40.00439780390673,7.380073800738001,1190.0,4,0,0
1.9245283018867,200,9.198347107438016,0.0,30.812990644155285,40.004767367260236,8.984725965858,1290.0,4,4,0
2.0539499036608,200,9.1858407079646,0.0,30.71620604366061,40.004730410924886,13.872832369942078,1280.0,18,4,0
0.7907949790794,200,11.38095238095238,0.0,31.109796752338962,40.00336302651691,30.125523012552236,910.0,13,1,0
0.24669603524220002,200,2.121495327102804,0.0,30.71620604366061,40.0001478253414,7.048458149779719,40.0,3,1,0
1.4359073359073,200,12.696078431372548,0.0,30.671039896763094,40.004139109559276,17.374517374517247,1120.0,12,4,0
0.9929742388757999,200,10.330645161290322,0.0,30.79363372405635,40.002845637822,25.292740046838304,770.0,9,4,0
0.5332043842681999,200,14.229357798165138,0.0,31.43886439402086,40.00369563353507,23.50096711798824,1000.0,17,4,0
2.2775384615384,200,11.607142857142858,0.0,30.877513711151735,40.008241262783194,10.4,2230.0,7,1,0
0.02395209580838324,200,3.2427184466019416,0.0,30.677492203462737,40.00003695633535,14.670658682634711,10.0,7,4,0
1.1100702576112,200,10.330645161290322,0.0,30.81944295085493,40.00317824484016,6.32318501170953,860.0,6,4,0
0.9712701612903,200,14.696296296296296,0.0,30.83234756425422,40.004286934900676,3.2258064516128804,1160.0,7,3,0
1.0356065178032,200,12.64885496183206,0.0,30.812990644155285,40.00380650254112,2.9571514785757,1030.0,13,0,0
1.0647109577221,200,11.25242718446602,0.0,30.6581352833638,40.0027717251513,4.227782571182029,750.0,18,2,0
1.2274573517465,200,16.74829931972789,0.0,30.871061404452092,40.006726053033816,11.73842404549141,1820.0,5,0,0
1.0337748344370001,200,12.17741935483871,0.0,30.81944295085493,40.00347389552296,19.13907284768201,940.0,0,3,0
1.0616078136739,200,12.4392523364486,0.0,30.709753736960963,40.00314128850481,24.34259954921094,850.0,22,2,0
0.6789500252396999,200,14.78358208955224,0.0,30.871061404452092,40.002993463163406,6.108026249369,810.0,14,6,0
1.0897284533648,200,8.223300970873787,0.0,30.6581352833638,40.00206955477964,14.28571428571419,560.0,0,4,0
0.7504019292604001,200,12.196078431372548,0.0,30.6581352833638,40.00210651111499,8.038585209003198,570.0,16,3,0
1.611475409836,200,10.59027777777778,0.0,30.95494139154748,40.005469537631896,26.229508196721202,1480.0,0,6,0
1.1022176022176,200,10.688888888888888,0.0,30.890418324551028,40.003547808193666,30.56133056133045,960.0,14,4,0
0.1413333333333,200,3.289473684210526,0.0,30.75491988385848,40.0001478253414,9.6,40.0,22,1,0
0.8411642411642,200,16.818181818181817,0.0,30.96139369824712,40.00450867291278,91.85031185031164,1220.0,1,5,0
1.5587546816479,200,13.87012987012987,0.0,31.025916765243576,40.00739126707013,50.98314606741543,2000.0,13,3,0
6.715909090909,200,9.694915254237287,0.0,31.12270136573825,40.017036870596655,346.940559440559,4610.0,20,1,0
0.2363636363636,200,2.156862745098039,0.0,30.683944510162384,40.0001478253414,7.2727272727272405,40.0,7,3,0
1.331109763493,200,11.45138888888889,0.0,30.935584471448543,40.004878236266286,32.08004851425093,1320.0,7,3,0
0.5991972477063999,200,13.841269841269842,0.0,30.812990644155285,40.00232824912709,3.66972477064216,630.0,18,1,0
3.0368311327310002,200,13.836538461538462,0.0,30.677492203462737,40.00971951619722,33.6344683808199,2630.0,6,2,0
1.0136319376825,200,18.17699115044248,0.0,30.742015270459188,40.004619541918835,53.01850048685487,1250.0,18,0,0
1.9211165048543,200,12.02919708029197,0.0,30.864609097752446,40.007021703716624,3.88349514563104,1900.0,5,4,0
0.13199105145409998,200,3.0408163265306123,0.0,30.974298311646415,40.0001478253414,8.053691275167779,40.0,5,3,0
0.7221873035826001,200,11.698529411764708,0.0,30.890418324551028,40.0025499871392,52.85983658076672,690.0,2,4,0
0.0712401055408971,200,3.509259259259259,0.0,30.722658350360255,40.0000739126707,6.5963060686015496,20.0,6,5,0
0.6163484486873,200,15.44700460829493,0.0,31.413055167222282,40.004582585583485,40.841288782816235,1240.0,18,1,0
1.7994296577946,200,14.61111111111111,0.0,31.219485966232927,40.01049559923958,29.80988593155888,2840.0,7,4,0
1.1759674134419,200,15.15432098765432,0.0,31.07108291214109,40.006430402351015,86.19144602851303,1740.0,9,1,0
0.6327387198321001,200,15.795580110497236,0.0,31.225938272932574,40.00402824055322,40.4337180832456,1090.0,19,4,0
1.0170006071645,200,10.835526315789474,0.0,31.03236907194322,40.00373258987042,117.54705525197318,1010.0,14,0,0
0.8043224299065,200,11.567567567567568,0.0,30.95494139154748,40.00306737583411,8.411214953271,830.0,14,0,0
0.5649477806788,200,13.321739130434782,0.0,30.742015270459188,40.00192172943824,4.1775456919059994,520.0,0,0,0
0.6008968609865001,200,10.453125,0.0,31.2581998064308,40.0026978124806,8.42052815146985,730.0,19,0,0
0.6178493845039,200,13.473170731707317,0.0,31.342079793526185,40.00380650254112,86.92976104272257,1030.0,6,0,0
0.7767902488572,200,14.268115942028986,0.0,30.89687063125067,40.00339998285226,6.14525139664799,920.0,3,0,0
1.3443054641210999,200,12.450819672131148,0.0,30.79363372405635,40.00454562924813,16.853192890059198,1230.0,5,1,0
1.1292984869324998,200,10.850746268656716,0.0,30.916227551349607,40.00365867719972,42.98486932599725,990.0,0,3,0
1.2205029013539,200,14.771428571428572,0.0,30.65168297666416,40.004213022229976,7.801418439716221,1140.0,4,4,0
2.7878787878787,200,594.0,0.0,30.135498440692547,40.00369563353507,141.5824915824915,1000.0,22,0,1
1.625,200,8.0,0.0,30.058070760296808,40.00003695633535,200.0,10.0,0,1,1
0.6666666666666,200,18.0,0.0,30.019356920098936,40.00003695633535,555.5555555555555,10.0,3,1,1
8.1111111111111,200,9.0,0.0,30.058070760296808,40.00018478167675,711.1111111111111,50.0,21,1,1
3509.8571428571427,200,70.0,0.0,30.01290461339929,40.54481029573938,1041.4285714285713,147420.0,1,3,1
0.62,200,50.0,0.0,30.1290461339929,40.0000739126707,578.0,20.0,9,4,1
15.0,200,3.0,0.0,30.01290461339929,40.00011086900605,133.33333333333331,30.0,4,3,1
9598.933823529413,200,68.0,0.0,30.01290461339929,41.44735791767311,847.0588235294116,391640.0,9,2,1
16280.328947368422,200,114.0,0.0,30.01290461339929,44.11538359197841,737.719298245614,830773.5999999985,0,6,1
27052.56818181811,200,14.0,0.0,30.01290461339929,40.879080348986065,864.2857142857142,237870.0,21,1,1
4.125,200,4.0,0.0,30.02580922679858,40.00003695633535,25.0,10.0,5,2,1
2.0,200,13.0,0.0,30.058070760296808,40.0000739126707,1300.0,20.0,12,5,1
458.42748091603056,200,131.0,0.0,30.019356920098936,40.133190632603764,733.587786259542,36040.0,14,0,1
1.7815884476534,200,554.0,0.0,30.17421228089042,40.00221738012104,184.8375451263536,600.0,3,6,1
1.7815884476534,200,554.0,0.0,30.17421228089042,40.00221738012104,184.8375451263536,600.0,12,0,1
1.7815884476534,200,554.0,0.0,30.17421228089042,40.00221738012104,184.8375451263536,600.0,23,3,1
1.7815884476534,200,554.0,0.0,30.17421228089042,40.00221738012104,184.8375451263536,600.0,19,6,1
1144.6502242152467,200,446.0,0.0,30.01290461339929,41.13200950812596,606.2780269058292,306310.0,23,4,1
0.1927781013395,200,1717.0,0.0,30.677492203462737,40.00073912670701,117.93826441467674,200.0,14,2,1
10.5,200,2.0,0.0,30.01290461339929,40.0000739126707,200.0,20.0,7,4,1
15.758522727272702,200,176.0,0.0,30.141950747392194,40.006171708003556,56.8181818181818,1670.0,4,3,1
9.8712121212121,200,66.0,0.0,30.11614152059361,40.00147825341403,733.3333333333333,400.0,14,0,1
992.2392909896603,200,677.0,0.0,30.019356920098936,41.48952509630821,1460.0434630213795,403050.0,3,6,1
12.375,200,12.0,0.0,30.01290461339929,40.00033260701816,408.33333333333337,90.0,11,4,1
10.8333333333333,200,3.0,0.0,30.01290461339929,40.0000739126707,300.0,20.0,12,4,1
842.6556886227545,200,334.0,0.0,30.01290461339929,40.62408163506654,528.14371257485,168870.0,1,0,1
3789.96875,200,16.0,0.0,30.01290461339929,40.13448410434104,756.25,36390.0,18,6,1
5.0,200,3.0,0.0,30.019356920098936,40.00003695633535,300.0,10.0,18,2,1
88.1,200,10.0,0.0,30.01290461339929,40.00195868577359,489.99999999999994,530.0,3,0,1
0.8846153846153,200,26.0,0.0,30.070975373696097,40.0000739126707,1246.1538461538462,20.0,3,4,1
20.0,200,2.0,0.0,30.01290461339929,40.00011086900605,200.0,30.0,10,2,1
465.609375,200,128.0,0.0,30.01290461339929,40.132155855213945,703.125,35760.0,4,2,1
143.29368029739769,200,269.0,0.0,30.01290461339929,40.08548000366607,719.702602230483,23130.0,19,0,1
0.9753086419753,200,162.0,0.0,31.109796752338962,40.00036956335351,246.9135802469134,100.0,10,4,1
8.0,200,2.0,0.0,30.01290461339929,40.00003695633535,50.0,10.0,9,3,1
2733.840909090909,200,22.0,0.0,30.01290461339929,40.13337541428052,290.9090909090909,36090.0,7,4,1
799.6388888888889,200,54.0,0.0,30.01290461339929,40.09575386489355,1350.0,25910.0,5,1,1
9.0,200,2.0,0.0,30.01290461339929,40.0000739126707,50.0,20.0,5,6,1
7.2118644067796,200,118.0,0.0,30.29035380148403,40.00192172943824,922.8813559322033,520.0,7,5,1
728.3,200,25.0,0.0,30.01290461339929,40.04039327453827,676.0,10930.0,22,3,1
2.25,200,4.0,0.0,30.02580922679858,40.00003695633535,400.0,10.0,14,2,1
328.2222222222222,200,18.0,0.0,30.019356920098936,40.01311949904948,672.2222222222223,3550.0,13,3,1
10012.815217391304,200,138.0,0.0,30.02580922679858,43.06393889491688,609.4202898550722,829070.0,10,6,1
288.7857142857142,200,14.0,0.0,30.045166146897515,40.00898038949021,64.28571428571426,2430.0,11,2,1
41.959999999999994,200,100.0,0.0,30.200021507688998,40.00931299650836,576.0,2520.0,12,6,1
8.5,200,4.0,0.0,30.019356920098936,40.00011086900605,400.0,30.0,7,2,1
8.75,200,2.0,0.0,30.01290461339929,40.0000739126707,200.0,20.0,17,3,1
19480.41279069768,200,86.0,0.0,30.01290461339929,43.71481387311264,615.1162790697673,830773.5999999985,0,2,1
2096.85,200,180.0,0.0,30.01290461339929,40.83691317035097,979.9999999999999,226460.0,14,2,1
2.5,200,12.0,0.0,30.01290461339929,40.0000739126707,408.33333333333337,20.0,7,1,1
202.6176470588235,200,34.0,0.0,30.032261533498225,40.01529992283517,576.4705882352941,4140.0,10,4,1
0.8666666666666,200,15.0,0.0,30.02580922679858,40.00003695633535,426.6666666666667,10.0,11,4,1
23.25,200,2.0,0.0,30.01290461339929,40.00011086900605,200.0,30.0,11,5,1
3.625,200,12.0,0.0,30.07742768039574,40.00011086900605,75.0,30.0,3,5,1
5704.351351351353,200,37.0,0.0,30.01290461339929,40.468015030880714,1460.0434630213795,126640.0,15,1,1
492.2380952380952,200,21.0,0.0,30.01290461339929,40.02294988425276,476.1904761904761,6210.0,3,5,1
0.3581780538302,200,966.0,0.0,30.935584471448543,40.00077608304236,209.6273291925465,210.0,4,6,1
52.0172413793103,200,58.0,0.0,30.083879987095386,40.006726053033816,558.6206896551724,1820.0,23,3,1
0.9746666666666,200,375.0,0.0,30.219378427787934,40.00081303937772,308.2666666666665,220.0,4,0,1
1.2631578947368,200,19.0,0.0,30.032261533498225,40.0000739126707,526.3157894736842,20.0,7,6,1
2523.9969325153374,200,326.0,0.0,30.01290461339929,41.824534276261915,567.1779141104292,493700.0,9,0,1
14.3055555555555,200,18.0,0.0,30.11614152059361,40.00059130136561,88.88888888888889,160.0,16,0,1
48.25,200,6.0,0.0,30.01290461339929,40.00066521403631,150.0,180.0,8,1,1
0.19914215686269998,200,1632.0,0.0,30.987202925045704,40.00073912670701,118.62745098039176,200.0,21,6,1
63.8888888888888,200,27.0,0.0,30.032261533498225,40.00384345887647,59.259259259259245,1040.0,18,1,1
1528.75,200,6.0,0.0,30.01290461339929,40.02036294077821,600.0,5510.0,13,2,1
849.6745843230403,200,421.0,0.0,30.01290461339929,40.79319382563114,459.857482185273,214630.0,7,0,1
2.0,200,6.0,0.0,30.032261533498225,40.00003695633535,266.66666666666663,10.0,8,3,1
3.0,200,3.0,0.0,30.019356920098936,40.00003695633535,300.0,10.0,21,5,1
10078.358974358975,200,78.0,0.0,30.019356920098936,41.74311946948441,512.8205128205128,471670.0,10,3,1
231.2142857142857,200,14.0,0.0,30.045166146897515,40.007206485393375,64.28571428571426,1950.0,22,5,1
3.5,200,12.0,0.0,30.01290461339929,40.00011086900605,408.33333333333337,30.0,0,0,1
10668.225352112677,200,71.0,0.0,30.01290461339929,41.67955457268128,1267.6056338028168,454470.0,13,0,1
11.0,200,2.0,0.0,30.01290461339929,40.0000739126707,200.0,20.0,4,0,1
3.4056094929881,200,927.0,0.0,30.22583073448758,40.007021703716624,199.4606256742176,1900.0,20,1,1
6.6666666666666,200,3.0,0.0,30.019356920098936,40.0000739126707,133.33333333333331,20.0,13,6,1
11721.073076923078,200,130.0,0.0,30.01290461339929,43.37873295943377,1356.9230769230771,830773.5999999985,3,5,1
11721.073076923078,200,130.0,0.0,30.01290461339929,43.37873295943377,1356.9230769230771,830773.5999999985,21,6,1
11721.073076923078,200,130.0,0.0,30.01290461339929,43.37873295943377,1356.9230769230771,830773.5999999985,22,1,1
11721.073076923078,200,130.0,0.0,30.01290461339929,43.37873295943377,1356.9230769230771,830773.5999999985,0,1,1
397.9231927710843,200,664.0,0.0,30.01290461339929,40.58590574064931,439.1566265060237,158540.0,21,4,1
837.6634615384615,200,52.0,0.0,30.01290461339929,40.09660386060661,930.7692307692308,26140.0,22,3,1
84.42,200,25.0,0.0,30.02580922679858,40.004693454589535,400.0,1270.0,18,3,1
20.774193548387,200,155.0,0.0,30.200021507688998,40.007169529058025,790.3225806451612,1940.0,7,2,1
11.0,200,2.0,0.0,30.01290461339929,40.0000739126707,200.0,20.0,14,1,1
194.81927710843368,200,83.0,0.0,30.070975373696097,40.03588460162549,120.4819277108433,9710.0,20,5,1
480.75581395348837,200,43.0,0.0,30.01290461339929,40.045862812170164,1125.5813953488373,12410.0,14,4,1
480.75581395348837,200,43.0,0.0,30.01290461339929,40.045862812170164,1125.5813953488373,12410.0,8,4,1
480.75581395348837,200,43.0,0.0,30.01290461339929,40.045862812170164,1125.5813953488373,12410.0,20,6,1
480.75581395348837,200,43.0,0.0,30.01290461339929,40.045862812170164,1125.5813953488373,12410.0,8,3,1
66.0,200,2.0,0.0,30.01290461339929,40.00029565068281,200.0,80.0,9,1,1
740.4627659574468,200,94.0,0.0,30.03871384019787,40.154366612759695,664.8936170212764,41770.0,19,2,1
1.0526315789473002,200,19.0,0.0,30.032261533498225,40.0000739126707,526.3157894736842,20.0,20,1,1
2267.0,200,9.0,0.0,30.019356920098936,40.045271510804554,100.0,12250.0,8,6,1
59.5,200,44.0,0.0,30.070975373696097,40.005839100985405,227.2727272727272,1580.0,2,0,1
1.7777777777777,200,9.0,0.0,30.032261533498225,40.00003695633535,711.1111111111111,10.0,19,1,1
1.0,200,13.0,0.0,30.058070760296808,40.00003695633535,1300.0,10.0,10,6,1
3.0,200,6.0,0.0,30.032261533498225,40.0000739126707,416.6666666666667,20.0,5,0,1
13.5,200,2.0,0.0,30.01290461339929,40.0000739126707,200.0,20.0,1,0,1
3210.0862068965516,200,58.0,0.0,30.019356920098936,40.41287617853754,993.1034482758619,111720.0,6,2,1
602.75,200,6.0,0.0,30.01290461339929,40.00801952477109,150.0,2170.0,17,5,1
621.859375,200,32.0,0.0,30.01290461339929,40.044125864408684,612.5,11940.0,1,3,1
5.8181818181818,200,11.0,0.0,30.058070760296808,40.0001478253414,909.0909090909091,40.0,16,1,1
27052.56818181811,200,22.0,0.0,30.01290461339929,42.29188409310631,368.1818181818182,620160.0,10,0,1
669.0952380952381,200,21.0,0.0,30.019356920098936,40.031191147035955,476.1904761904761,8440.0,11,1,1
0.6034019695613,200,1117.0,0.0,30.5290891493709,40.00151520974938,122.56042972247062,410.0,18,5,1
953.5379310344828,200,290.0,0.0,30.01290461339929,40.61317951613809,932.4137931034481,165920.0,21,3,1
156.5,200,5.0,0.0,30.01290461339929,40.00173694776148,320.0,470.0,23,5,1
7.25,200,2.0,0.0,30.01290461339929,40.00003695633535,50.0,10.0,6,3,1
1.4285714285714,200,14.0,0.0,30.090332293795033,40.0000739126707,1028.5714285714284,20.0,19,4,1
2975.7903930131006,200,229.0,0.0,30.01290461339929,41.511070639817646,807.423580786026,408880.0,5,3,1
103.5,200,10.0,0.0,30.01290461339929,40.00232824912709,489.99999999999994,630.0,20,2,1
7064.972972972973,200,37.0,0.0,30.01290461339929,40.579660119975046,1460.0434630213795,156850.0,23,5,1
21.5,200,2.0,0.0,30.01290461339929,40.00011086900605,200.0,30.0,0,0,1
3.5,200,8.0,0.0,30.05161845359716,40.0000739126707,612.5,20.0,16,4,1
804.7777777777778,200,9.0,0.0,30.019356920098936,40.01607600587754,177.77777777777777,4350.0,10,2,1
150.16,200,50.0,0.0,30.045166146897515,40.01666730724315,392.00000000000006,4510.0,21,1,1
1.2857142857142,200,14.0,0.0,30.06452306699645,40.0000739126707,1207.142857142857,20.0,17,5,1
1271.8333333333333,200,3.0,0.0,30.01290461339929,40.0084630007953,300.0,2290.0,20,6,1
2985.2580645161293,200,31.0,0.0,30.02580922679858,40.205218530202195,322.5806451612903,55530.0,16,6,1
2.9090909090909,200,11.0,0.0,30.070975373696097,40.0000739126707,909.0909090909091,20.0,6,0,1
1312.1852791878173,200,197.0,0.0,30.01290461339929,40.57322971762403,772.0812182741116,155110.0,16,3,1
1.9375,200,8.0,0.0,30.03871384019787,40.00003695633535,800.0,10.0,19,0,1
2731.596551724138,200,290.0,0.0,30.01290461339929,41.7565346192167,1460.0434630213795,475300.0,8,6,1
175.21739130434779,200,23.0,0.0,30.07742768039574,40.00894343315486,39.13043478260868,2420.0,16,1,1
458.05,200,10.0,0.0,30.01290461339929,40.01016299222143,640.0,2750.0,19,4,1
127.7295081967213,200,61.0,0.0,30.06452306699645,40.017295564944106,163.93442622950812,4680.0,21,4,1
10253.05,200,270.0,0.0,30.01290461339929,46.138447301744044,1460.0434630213795,830773.5999999985,21,5,1
2277.0405405405404,200,37.0,0.0,30.01290461339929,40.18685123153292,327.0270270270271,50560.0,7,4,1
1.3658340048347999,200,1241.0,0.0,30.41294762877729,40.00376954620577,87.75181305398871,1020.0,16,5,1
43.375,200,12.0,0.0,30.01290461339929,40.00118260273122,408.33333333333337,320.0,6,5,1
164.10256410256412,200,39.0,0.0,30.032261533498225,40.01419123277465,256.4102564102564,3840.0,0,5,1
27052.56818181811,200,23.0,0.0,30.01290461339929,42.33312736335765,626.086956521739,631320.0,12,6,1
569.1422594142259,200,239.0,0.0,30.01290461339929,40.30163760913206,810.0418410041838,81620.0,22,6,1
3.625,200,4.0,0.0,30.02580922679858,40.00003695633535,25.0,10.0,18,3,1
0.30434782608690003,200,23.0,0.0,30.070975373696097,40.00003695633535,17.391304347826082,10.0,23,2,1
10640.357142857145,200,7.0,0.0,30.01290461339929,40.165157862682086,700.0,44690.0,18,5,1
923.9264705882351,200,34.0,0.0,30.01290461339929,40.069662692135985,1176.4705882352941,18850.0,16,5,1
0.3151680290644,200,3303.0,0.0,30.683944510162384,40.00232824912709,61.3079019073566,630.0,12,2,1
4189.119658119658,200,117.0,0.0,30.01290461339929,41.08681190999211,492.30769230769226,294080.0,15,0,1
6.0,200,2.0,0.0,30.01290461339929,40.00003695633535,50.0,10.0,7,5,1
1156.0714285714287,200,42.0,0.0,30.01290461339929,40.10769076121181,1050.0,29140.0,18,3,1
4773.262500000001,200,40.0,0.0,30.01290461339929,40.42337177777712,1210.0000000000002,114560.0,17,4,1
858.905,200,100.0,0.0,30.01290461339929,40.190472952397286,1460.0434630213795,51540.0,0,4,1
20335.78947368421,200,19.0,0.0,30.01290461339929,40.85675872243427,526.3157894736842,231830.0,13,1,1
27052.56818181811,200,22.0,0.0,30.01290461339929,42.013898538598674,454.5454545454545,544940.0,18,1,1
3564.1875,200,8.0,0.0,30.01290461339929,40.06323228978497,612.5,17110.0,14,4,1
76.875,200,4.0,0.0,30.01290461339929,40.00070217037166,400.0,190.0,17,4,1
2749.826923076923,200,52.0,0.0,30.02580922679858,40.317085357308635,276.92307692307685,85800.0,1,6,1
895.125,200,4.0,0.0,30.01290461339929,40.00794561210039,225.0,2150.0,21,3,1
26363.99504950495,200,101.0,0.0,30.01290461339929,45.90436587363298,253.46534653465343,830773.5999999985,16,2,1
1524.5,200,412.0,0.0,30.01290461339929,41.39273645402484,1460.0434630213795,376860.0,17,1,1
0.9473684210526,200,19.0,0.0,30.032261533498225,40.0000739126707,526.3157894736842,20.0,5,6,1
4600.0,200,12.0,0.0,30.019356920098936,40.12239938268137,833.3333333333334,33120.0,18,6,1
335.0,200,5.0,0.0,30.02580922679858,40.00373258987042,179.99999999999997,1010.0,3,2,1
34.6407766990291,200,206.0,0.0,30.18711689428971,40.01585426786543,95.14563106796105,4290.0,0,6,1
25.451923076923002,200,52.0,0.0,30.02580922679858,40.00295650682805,276.92307692307685,800.0,7,3,1
18789.785714285717,200,14.0,0.0,30.01290461339929,40.58331879717476,1028.5714285714284,157840.0,22,4,1
727.6666666666666,200,6.0,0.0,30.02580922679858,40.00968255986187,150.0,2620.0,6,5,1
350.6,200,10.0,0.0,30.01290461339929,40.007797786758985,810.0,2110.0,2,2,1
63.3333333333333,200,3.0,0.0,30.019356920098936,40.00044347602421,133.33333333333331,120.0,9,4,1
1880.75,200,8.0,0.0,30.01290461339929,40.03337157082164,312.5,9030.0,9,4,1
6.0096153846153,200,52.0,0.0,30.34842456178084,40.00070217037166,30.76923076923076,190.0,18,0,1
217.4375,200,16.0,0.0,30.01290461339929,40.007723874088285,400.0,2090.0,13,2,1
219.1356673960612,200,457.0,0.0,30.02580922679858,40.22207061912209,761.7067833698027,60090.0,1,6,1
1.4615384615384,200,13.0,0.0,30.058070760296808,40.0000739126707,1300.0,20.0,0,5,1
50.8333333333333,200,3.0,0.0,30.01290461339929,40.00036956335351,300.0,100.0,22,2,1
4.8333333333333,200,6.0,0.0,30.02580922679858,40.0000739126707,266.66666666666663,20.0,22,6,1
2.5286956521739,200,575.0,0.0,30.135498440692547,40.00325215751086,136.3478260869564,880.0,17,4,1
2.5286956521739,200,575.0,0.0,30.135498440692547,40.00325215751086,136.3478260869564,880.0,6,5,1
2.5286956521739,200,575.0,0.0,30.135498440692547,40.00325215751086,136.3478260869564,880.0,7,6,1
2.5286956521739,200,575.0,0.0,30.135498440692547,40.00325215751086,136.3478260869564,880.0,0,3,1
2.7692307692307,200,13.0,0.0,30.058070760296808,40.00011086900605,1300.0,30.0,22,6,1
115.34615384615381,200,26.0,0.0,30.019356920098936,40.006652140363116,384.6153846153846,1800.0,2,0,1
2958.545918367347,200,98.0,0.0,30.01290461339929,40.64292936609537,368.36734693877537,173970.0,23,4,1
5.0,200,4.0,0.0,30.019356920098936,40.0000739126707,225.0,20.0,22,6,1
55.18,200,50.0,0.0,30.032261533498225,40.006134751668206,200.0,1660.0,7,1,1
19126.83333333333,200,3.0,0.0,30.01290461339929,40.12724066261231,133.33333333333331,34430.0,21,1,1
1.8888888888888,200,9.0,0.0,30.032261533498225,40.0000739126707,711.1111111111111,20.0,14,0,1
343.6666666666667,200,6.0,0.0,30.01290461339929,40.004582585583485,416.6666666666667,1240.0,4,3,1
67.0,200,2.0,0.0,30.01290461339929,40.00033260701816,200.0,90.0,2,4,1
21208.0,200,37.0,0.0,30.01290461339929,41.73997818097961,1308.1081081081084,470820.0,18,2,1
2.75,200,12.0,0.0,30.07742768039574,40.0000739126707,833.3333333333334,20.0,0,0,1
798.755376344086,200,744.0,0.0,30.01290461339929,41.31775204959836,467.8763440860215,356570.0,14,3,1
8.0,200,2.0,0.0,30.01290461339929,40.00003695633535,50.0,10.0,7,2,1
5.8333333333333,200,6.0,0.0,30.02580922679858,40.00011086900605,266.66666666666663,30.0,1,1,1
27052.56818181811,200,756.0,0.0,30.03871384019787,90.0,111.24338624338608,830773.5999999985,2,1,1
2.125,200,8.0,0.0,30.03871384019787,40.0000739126707,800.0,20.0,23,2,1
966.25,200,78.0,0.0,30.01290461339929,40.16715350479102,1153.8461538461536,45230.0,13,0,1
0.6571428571428,200,35.0,0.0,30.22583073448758,40.0000739126707,482.85714285714283,20.0,23,1,1
31.872093023255797,200,86.0,0.0,30.122593827293258,40.006097795332856,786.046511627907,1650.0,13,4,1
1.3,200,5.0,0.0,30.02580922679858,40.00003695633535,80.0,10.0,10,5,1
0.4814814814814,200,27.0,0.0,30.17421228089042,40.00003695633535,948.148148148148,10.0,15,6,1
979.2114537444934,200,227.0,0.0,30.01290461339929,40.492886644571705,1145.814977973568,133370.0,3,2,1
424.6388888888889,200,18.0,0.0,30.01290461339929,40.01696295792595,555.5555555555555,4590.0,19,2,1
64.44354838709671,200,62.0,0.0,30.090332293795033,40.008869520484154,645.1612903225806,2400.0,4,1,1
374.02380952380946,200,21.0,0.0,30.01290461339929,40.01744339028551,933.3333333333333,4720.0,21,0,1
1.7966171617161,200,1212.0,0.0,30.296806108183677,40.004841279930936,106.93069306930694,1310.0,20,4,1
5.25,200,4.0,0.0,30.019356920098936,40.0000739126707,400.0,20.0,13,0,1
5.1818181818181,200,11.0,0.0,30.058070760296808,40.0001478253414,909.0909090909091,40.0,22,3,1
1778.529761904762,200,84.0,0.0,30.01290461339929,40.331276590083284,867.8571428571427,89640.0,15,3,1
591.6531476997578,200,826.0,0.0,30.141950747392194,41.0836706214873,148.3050847457627,293230.0,17,5,1
378.85064935064935,200,770.0,0.0,30.01290461339929,40.64684673764254,392.8571428571427,175030.0,6,1,1
137.45,200,10.0,0.0,30.01290461339929,40.00306737583411,489.99999999999994,830.0,9,1,1
33.4166666666666,200,48.0,0.0,30.06452306699645,40.003584764529016,208.33333333333331,970.0,6,1,1
21599.333333333332,200,30.0,0.0,30.01290461339929,41.436825362098176,480.00000000000006,388790.0,0,5,1
13.0,200,19.0,0.0,30.02580922679858,40.00055434503026,1031.578947368421,150.0,22,3,1
428.54838709677415,200,31.0,0.0,30.01290461339929,40.029491155609826,206.45161290322577,7980.0,20,0,1
10.1999999999999,200,5.0,0.0,30.032261533498225,40.0001478253414,179.99999999999997,40.0,18,5,1
1401.6814814814816,200,135.0,0.0,30.01290461339929,40.41960223157135,1460.0434630213795,113540.0,15,5,1
1.3125,200,8.0,0.0,30.03871384019787,40.00003695633535,200.0,10.0,18,0,1
76.74499999999999,200,100.0,0.0,30.103236907194322,40.017036870596655,196.00000000000003,4610.0,3,1,1
2341.9475190839694,200,524.0,0.0,30.01290461339929,42.72113192820419,641.984732824427,736310.0,17,4,1
891.6562162162162,200,925.0,0.0,30.01290461339929,41.82885816749794,818.2702702702696,494870.0,1,0,1
3433.9473684210525,200,19.0,0.0,30.01290461339929,40.14468405289782,1031.578947368421,39150.0,0,3,1
406.0,200,10.0,0.0,30.032261533498225,40.00901734582556,160.0,2440.0,14,2,1
8.25,200,2.0,0.0,30.01290461339929,40.00003695633535,50.0,10.0,4,2,1
3171.5,200,25.0,0.0,30.01290461339929,40.17583824359842,576.0,47580.0,19,6,1
99.3417721518987,200,79.0,0.0,30.058070760296808,40.01740643395016,182.27848101265823,4710.0,10,6,1
465.5384615384615,200,221.0,0.0,30.01290461339929,40.228168414454956,1223.5294117647059,61740.0,9,5,1
2234.935483870968,200,62.0,0.0,30.01290461339929,40.307254972105355,1460.0434630213795,83140.0,1,2,1
47.25,200,2.0,0.0,30.01290461339929,40.0002217380121,200.0,60.0,2,4,1
17.5267857142857,200,112.0,0.0,30.122593827293258,40.00436084757138,750.892857142857,1180.0,22,1,1
1438.63,200,200.0,0.0,30.01290461339929,40.63801417349374,612.5,172640.0,22,3,1
7.5,200,2.0,0.0,30.01290461339929,40.00003695633535,50.0,10.0,11,6,1
186.0,200,2.0,0.0,30.01290461339929,40.00084999571307,50.0,230.0,19,4,1
3227.523809523809,200,21.0,0.0,30.01290461339929,40.15030141587112,1071.4285714285716,40670.0,4,3,1
592.3846153846154,200,13.0,0.0,30.01290461339929,40.017110783267356,492.3076923076923,4630.0,4,3,1
1406.4173913043478,200,115.0,0.0,30.01290461339929,40.35866123457812,281.7391304347826,97050.0,5,1,1
1.6666666666666,200,9.0,0.0,30.032261533498225,40.00003695633535,711.1111111111111,10.0,8,5,1
2056.586206896552,200,29.0,0.0,30.01290461339929,40.13226672422,775.8620689655172,35790.0,1,2,1
10.25,200,2.0,0.0,30.01290461339929,40.0000739126707,200.0,20.0,20,1,1
5741.806122448979,200,147.0,0.0,30.01290461339929,41.8715796911633,1317.0068027210882,506430.0,11,4,1
2.1875,200,8.0,0.0,30.05161845359716,40.0000739126707,450.0,20.0,2,5,1
0.8611111111111001,200,18.0,0.0,30.11614152059361,40.00003695633535,672.2222222222223,10.0,19,4,1
7.0,200,2.0,0.0,30.01290461339929,40.00003695633535,50.0,10.0,21,5,1
607.6323529411765,200,34.0,0.0,30.01290461339929,40.04582585583481,1460.0434630213795,12400.0,11,6,1
5.8819095477386005,200,597.0,0.0,30.245187654586516,40.007797786758985,160.97152428810708,2110.0,23,4,1
8.542510121457399,200,247.0,0.0,30.167759974190773,40.004693454589535,295.1417004048581,1270.0,16,1,1
5.75,200,2.0,0.0,30.01290461339929,40.00003695633535,200.0,10.0,9,5,1
27052.56818181811,200,8.0,0.0,30.01290461339929,40.98211461194369,200.0,265750.0,23,5,1
2744.6346153846157,200,78.0,0.0,30.01290461339929,40.47470412757918,565.3846153846154,128450.0,13,3,1
2936.099173553719,200,242.0,0.0,30.01290461339929,41.57555944500454,661.1570247933885,426330.0,22,3,1
408.2303370786517,200,89.0,0.0,30.01290461339929,40.080564811064434,759.5505617977526,21800.0,16,0,1
2625.8649885583523,200,437.0,0.0,30.01290461339929,42.54448064522805,549.427917620137,688510.0,17,4,1
52.5,200,2.0,0.0,30.01290461339929,40.00025869434745,200.0,70.0,18,3,1
6.5,200,4.0,0.0,30.019356920098936,40.0000739126707,400.0,20.0,16,0,1
207.0,200,21.0,0.0,30.019356920098936,40.00964560352652,476.1904761904761,2610.0,13,6,1
58.8,200,20.0,0.0,30.019356920098936,40.0026238998099,500.0,710.0,8,6,1
441.5874999999999,200,320.0,0.0,30.01290461339929,40.31335276743822,577.8125,84790.0,7,3,1
19133.529411764706,200,51.0,0.0,30.01290461339929,42.163756478445585,384.313725490196,585490.0,1,4,1
6.8999999999999995,200,210.0,0.0,30.148403054091837,40.00321520117551,347.142857142857,870.0,12,5,1
37.625,200,12.0,0.0,30.01290461339929,40.00103477738982,408.33333333333337,280.0,6,2,1
569.4191616766467,200,167.0,0.0,30.032261533498225,40.21087284951085,538.9221556886226,57060.0,8,4,1
10611.48,200,50.0,0.0,30.01290461339929,41.17650493588815,450.0,318350.0,21,1,1
4.5833333333333,200,6.0,0.0,30.02580922679858,40.0000739126707,266.66666666666663,20.0,21,6,1
11.75,200,4.0,0.0,30.019356920098936,40.00011086900605,225.0,30.0,10,3,1
23.431818181818098,200,88.0,0.0,30.200021507688998,40.004582585583485,501.13636363636357,1240.0,13,3,1
314.45238095238096,200,21.0,0.0,30.02580922679858,40.01467166513421,385.7142857142856,3970.0,3,5,1
309.114006514658,200,614.0,0.0,30.019356920098936,40.42085874697327,1378.5016286644952,113880.0,12,1,1
1.4166666666666,200,6.0,0.0,30.03871384019787,40.00003695633535,266.66666666666663,10.0,1,5,1
2.625,200,12.0,0.0,30.05161845359716,40.0000739126707,1200.0,20.0,22,1,1
10.75,200,2.0,0.0,30.01290461339929,40.0000739126707,200.0,20.0,4,2,1
27052.56818181811,200,17.0,0.0,30.01290461339929,43.059578047345504,588.2352941176471,827890.0,10,6,1
17.4,200,5.0,0.0,30.01290461339929,40.0002217380121,179.99999999999997,60.0,5,3,1
17.5,200,10.0,0.0,30.01290461339929,40.00040651968886,1000.0,110.0,17,3,1
7.5,200,2.0,0.0,30.01290461339929,40.00003695633535,200.0,10.0,20,2,1
1.64,200,150.0,0.0,30.438756855575868,40.00055434503026,322.6666666666666,150.0,9,0,1
2.0,200,14.0,0.0,30.058070760296808,40.0000739126707,1207.142857142857,20.0,3,6,1
1266.3202247191011,200,89.0,0.0,30.01290461339929,40.24993569597649,702.247191011236,67630.0,8,5,1
179.11111111111111,200,9.0,0.0,30.01290461339929,40.003584764529016,400.0,970.0,5,2,1
4.9090909090909,200,11.0,0.0,30.058070760296808,40.0001478253414,909.0909090909091,40.0,1,5,1
1.9375,200,8.0,0.0,30.03871384019787,40.00003695633535,800.0,10.0,16,4,1
2.25,200,12.0,0.0,30.05161845359716,40.0000739126707,1200.0,20.0,4,3,1
24.9826989619377,200,289.0,0.0,30.103236907194322,40.01603904954219,291.00346020761225,4340.0,5,5,1
13.721951219512102,200,205.0,0.0,30.212926121088287,40.006245620674264,632.1951219512192,1690.0,11,1,1
12.5,200,6.0,0.0,30.01290461339929,40.00018478167675,150.0,50.0,22,5,1
1.9375,200,8.0,0.0,30.03871384019787,40.00003695633535,800.0,10.0,20,4,1
19.9705882352941,200,34.0,0.0,30.032261533498225,40.00151520974938,497.0588235294117,410.0,9,6,1
120.326923076923,200,26.0,0.0,30.05161845359716,40.006947791045924,650.0,1880.0,21,3,1
1.5454545454545001,200,11.0,0.0,30.070975373696097,40.0000739126707,581.8181818181819,20.0,20,2,1
8.0,200,2.0,0.0,30.01290461339929,40.00003695633535,50.0,10.0,5,4,1
6.0,200,2.0,0.0,30.01290461339929,40.00003695633535,200.0,10.0,7,3,1
3836.141791044776,200,67.0,0.0,30.01290461339929,40.56994060377782,658.2089552238805,154220.0,1,5,1
1596.5714285714287,200,7.0,0.0,30.019356920098936,40.02479770102029,128.57142857142856,6710.0,11,6,1
234.86111111111111,200,18.0,0.0,30.06452306699645,40.009386909179064,49.99999999999998,2540.0,12,0,1
1.0208333333333,200,24.0,0.0,30.05161845359716,40.0000739126707,704.1666666666666,20.0,20,6,1
2.3913043478260003,200,23.0,0.0,30.05161845359716,40.0001478253414,734.7826086956521,40.0,6,0,1
959.3564814814815,200,108.0,0.0,30.01290461339929,40.229757536875034,1460.0434630213795,62170.0,9,1,1
2985.230769230769,200,13.0,0.0,30.01290461339929,40.08607130503168,492.3076923076923,23290.0,12,6,1
22909.45333333333,200,75.0,0.0,30.01290461339929,43.80993948030523,971.9999999999999,830773.5999999985,16,3,1
452.0984848484848,200,264.0,0.0,30.01290461339929,40.2646812737814,576.1363636363636,71620.0,20,0,1
2611.5,200,3.0,0.0,30.01290461339929,40.01740643395016,300.0,4710.0,13,2,1
134.1818181818181,200,11.0,0.0,30.01290461339929,40.00328911384621,581.8181818181819,890.0,1,3,1
10.25,200,2.0,0.0,30.01290461339929,40.0000739126707,200.0,20.0,21,2,1
18909.666666666664,200,9.0,0.0,30.01290461339929,40.377398096600906,400.0,102120.0,10,6,1
9.6028368794326,200,141.0,0.0,30.154855360791483,40.00303041949876,479.432624113475,820.0,0,2,1
99.6666666666666,200,3.0,0.0,30.019356920098936,40.00066521403631,300.0,180.0,18,0,1
3.0,200,4.0,0.0,30.019356920098936,40.00003695633535,225.0,10.0,20,3,1
3240.220873786408,200,412.0,0.0,30.01290461339929,42.960165505252235,873.7864077669901,800990.0,3,5,1
3.4545454545454,200,11.0,0.0,30.058070760296808,40.00011086900605,909.0909090909091,30.0,18,4,1
378.25,200,4.0,0.0,30.01290461339929,40.00336302651691,225.0,910.0,20,0,1
619.4285714285714,200,7.0,0.0,30.02580922679858,40.00964560352652,128.57142857142856,2610.0,10,0,1
666.0741324921136,200,317.0,0.0,30.01290461339929,40.468199812557465,1458.675078864353,126690.0,7,5,1
5.090909090909,200,11.0,0.0,30.058070760296808,40.0001478253414,909.0909090909091,40.0,10,3,1
0.2202937249666,200,1498.0,0.0,30.6581352833638,40.00073912670701,117.757009345794,200.0,3,3,1
0.9090909090909,200,11.0,0.0,30.019356920098936,40.00003695633535,445.45454545454544,10.0,16,6,1
3705.173333333333,200,75.0,0.0,30.01290461339929,40.616209935636846,1452.0,166740.0,6,2,1
2695.3165938864627,200,229.0,0.0,30.01290461339929,41.36864092337621,565.938864628821,370340.0,7,6,1
8.6,200,5.0,0.0,30.032261533498225,40.00011086900605,179.99999999999997,30.0,2,5,1
555.3541666666666,200,24.0,0.0,30.01290461339929,40.029565068280526,816.6666666666667,8000.0,21,6,1
186.44827586206893,200,29.0,0.0,30.02580922679858,40.01201080898896,344.82758620689657,3250.0,1,5,1
456.4444444444444,200,9.0,0.0,30.032261533498225,40.00912821483161,100.0,2470.0,22,3,1
27052.56818181811,200,56.0,0.0,30.01290461339929,43.56854069779474,578.5714285714284,830773.5999999985,14,2,1
1118.9255617977528,200,356.0,0.0,30.01290461339929,40.88329337121604,647.191011235955,239010.0,23,6,1
2.5625,200,8.0,0.0,30.03871384019787,40.0000739126707,112.5,20.0,21,0,1
1102.4347826086957,200,46.0,0.0,30.01290461339929,40.11245812847205,426.08695652173907,30430.0,21,1,1
62.0,200,2.0,0.0,30.01290461339929,40.00029565068281,200.0,80.0,4,4,1
0.030769230769230767,200,455.0,0.0,32.258307344875796,40.00003695633535,1460.0434630213795,10.0,23,0,1
1704.9756097560976,200,82.0,0.0,30.019356920098936,40.31002669725666,1025.6097560975609,83890.0,0,3,1
278.1590013140604,200,761.0,0.0,30.01290461339929,40.469382415288685,1394.0867279894871,127010.0,3,4,1
977.2767653758542,200,439.0,0.0,30.01290461339929,40.9513299845966,740.0911161731206,257420.0,14,1,1
217.25,200,20.0,0.0,30.019356920098936,40.00964560352652,500.0,2610.0,19,1,1
267.25,200,8.0,0.0,30.01290461339929,40.004767367260236,450.0,1290.0,18,2,1
2159.348432055749,200,287.0,0.0,30.01290461339929,41.37418437367881,705.5749128919861,371840.0,2,4,1
2758.485294117647,200,272.0,0.0,30.01290461339929,41.663737261151205,503.3088235294114,450190.0,19,2,1
565.3636363636364,200,22.0,0.0,30.019356920098936,40.02760638250694,654.5454545454545,7470.0,10,0,1
7.3804347826086,200,46.0,0.0,30.1290461339929,40.00077608304236,628.2608695652174,210.0,16,5,1
35.5454545454545,200,11.0,0.0,30.01290461339929,40.00088695204842,445.45454545454544,240.0,12,5,1
0.8457943925233,200,428.0,0.0,30.096784600494676,40.00081303937772,196.4953271028035,220.0,10,5,1
7.2029850746268,200,335.0,0.0,30.283901494784384,40.005358668625846,345.0746268656715,1450.0,1,4,1
295.0714285714285,200,14.0,0.0,30.05161845359716,40.00916517116696,64.28571428571426,2480.0,8,5,1
2212.8500948766605,200,1054.0,0.0,30.122593827293258,45.17170652530622,69.16508538899426,830773.5999999985,1,0,1
8.7083333333333,200,12.0,0.0,30.01290461339929,40.00025869434745,408.33333333333337,70.0,20,2,1
8.5,200,2.0,0.0,30.01290461339929,40.0000739126707,50.0,20.0,8,4,1
95.31034482758619,200,58.0,0.0,30.058070760296808,40.01226950333642,172.41379310344828,3320.0,8,2,1
116.1666666666666,200,3.0,0.0,30.01290461339929,40.00077608304236,133.33333333333331,210.0,7,4,1
57.1470588235294,200,102.0,0.0,30.045166146897515,40.01293471737273,192.156862745098,3500.0,16,2,1
10237.916666666664,200,6.0,0.0,30.01290461339929,40.13622105210252,600.0,36860.0,0,1,1
0.8372093023255001,200,43.0,0.0,30.135498440692547,40.00011086900605,232.55813953488368,30.0,10,2,1
6.5,200,2.0,0.0,30.01290461339929,40.00003695633535,200.0,10.0,7,5,1
1000.1322033898306,200,295.0,0.0,30.01290461339929,40.654238004712674,1220.3389830508477,177030.0,9,1,1
1.5555555555554998,200,9.0,0.0,30.032261533498225,40.00003695633535,711.1111111111111,10.0,6,2,1
33.0990099009901,200,202.0,0.0,30.019356920098936,40.01485644681097,309.4059405940593,4020.0,2,4,1
4.0,200,5.0,0.0,30.02580922679858,40.0000739126707,500.0,20.0,2,4,1
6.25,200,2.0,0.0,30.01290461339929,40.00003695633535,200.0,10.0,17,4,1
5.3333333333333,200,186.0,0.0,30.18711689428971,40.00221738012104,284.40860215053755,600.0,4,3,1
1056.5294117647059,200,17.0,0.0,30.01290461339929,40.03983892950801,476.4705882352941,10780.0,11,0,1
2.0217391304347,200,23.0,0.0,30.05161845359716,40.00011086900605,734.7826086956521,30.0,11,4,1
55.790697674418595,200,43.0,0.0,30.045166146897515,40.005321712290495,232.55813953488368,1440.0,18,1,1
21.979591836734603,200,196.0,0.0,30.141950747392194,40.00957169085582,555.6122448979592,2590.0,5,4,1
4.25,200,2.0,0.0,30.01290461339929,40.00003695633535,50.0,10.0,1,3,1
1110.60989010989,200,91.0,0.0,30.05161845359716,40.22410321756638,215.38461538461533,60640.0,11,5,1
16.4583333333333,200,12.0,0.0,30.01290461339929,40.00044347602421,408.33333333333337,120.0,18,1,1
786.367139959432,200,493.0,0.0,30.01290461339929,40.85964131659162,1265.9229208924946,232610.0,4,3,1
663.5,200,3.0,0.0,30.01290461339929,40.00443476024208,300.0,1200.0,11,5,1
1058.7142857142856,200,7.0,0.0,30.01290461339929,40.016445569231045,357.14285714285717,4450.0,16,6,1
1349.9385342789599,200,423.0,0.0,30.01290461339929,41.266197961784194,1329.7872340425533,342620.0,16,6,1
0.9230769230768999,200,13.0,0.0,30.019356920098936,40.00003695633535,276.9230769230769,10.0,9,1,1
505.25,200,18.0,0.0,30.02580922679858,40.020178159101455,555.5555555555555,5460.0,22,2,1
1.1412985630654,200,1879.0,0.0,30.432304548876225,40.004767367260236,117.56253326237317,1290.0,16,0,1
15507.0658436214,200,243.0,0.0,30.019356920098936,48.355605684771334,346.0905349794238,830773.5999999985,14,0,1
1994.448275862069,200,116.0,0.0,30.01290461339929,40.51302784733781,1460.0434630213795,138820.0,11,3,1
1.3,200,10.0,0.0,30.070975373696097,40.00003695633535,359.99999999999994,10.0,15,5,1
394.0,200,17.0,0.0,30.032261533498225,40.01485644681097,476.4705882352941,4020.0,23,0,1
41.0625,200,8.0,0.0,30.01290461339929,40.00073912670701,200.0,200.0,18,5,1
6728.789473684211,200,95.0,0.0,30.01290461339929,41.41746024237443,711.5789473684212,383550.0,7,5,1
53.2727272727272,200,99.0,0.0,30.090332293795033,40.01171515830616,101.010101010101,3170.0,20,3,1
2.0,200,13.0,0.0,30.058070760296808,40.0000739126707,1300.0,20.0,16,3,1
52.0555555555555,200,90.0,0.0,30.122593827293258,40.01042168656888,751.111111111111,2820.0,22,3,1
4.5833333333333,200,6.0,0.0,30.02580922679858,40.0000739126707,266.66666666666663,20.0,4,0,1
2093.636363636364,200,66.0,0.0,30.02580922679858,40.306404976392294,387.8787878787878,82910.0,21,6,1
325.3026315789473,200,38.0,0.0,30.01290461339929,40.02742160083019,444.7368421052631,7420.0,15,3,1
5359.954545454545,200,88.0,0.0,30.01290461339929,41.04590124675893,1460.0434630213795,283010.0,5,0,1
1.0769230769229998,200,13.0,0.0,30.058070760296808,40.00003695633535,1300.0,10.0,7,3,1
1.7777777777777,200,9.0,0.0,30.032261533498225,40.00003695633535,711.1111111111111,10.0,17,4,1
7760.952586206897,200,116.0,0.0,30.01290461339929,41.99627036663641,775.8620689655171,540170.0,11,5,1
452.090909090909,200,11.0,0.0,30.01290461339929,40.01104994426985,736.3636363636364,2990.0,14,3,1
61.0,200,2.0,0.0,30.01290461339929,40.00029565068281,200.0,80.0,8,1,1
244.27777777777771,200,18.0,0.0,30.058070760296808,40.00975647253257,88.88888888888889,2640.0,12,5,1
40.625,200,4.0,0.0,30.01290461339929,40.00036956335351,225.0,100.0,14,5,1
9396.714285714284,200,77.0,0.0,30.02580922679858,41.60438538657805,748.051948051948,434130.0,9,3,1
11.7222222222222,200,9.0,0.0,30.02580922679858,40.00025869434745,400.0,70.0,15,6,1
2005.8467741935483,200,248.0,0.0,30.01290461339929,41.103035741211045,493.9516129032258,298470.0,6,2,1
5496.8515625,200,128.0,0.0,30.01290461339929,41.56014865316332,569.53125,422160.0,16,6,1
1734.4801444043321,200,277.0,0.0,30.01290461339929,41.065377235488725,303.61010830324904,288280.0,22,3,1
27052.56818181811,200,6.0,0.0,30.01290461339929,40.37640027554644,266.66666666666663,101850.0,20,5,1
1.6153846153845999,200,13.0,0.0,30.058070760296808,40.0000739126707,1300.0,20.0,21,1,1
27052.56818181811,200,656.0,0.0,30.032261533498225,84.88162146660477,103.04878048780483,830773.5999999985,6,5,1
474.6666666666667,200,3.0,0.0,30.01290461339929,40.00317824484016,300.0,860.0,13,6,1
403.29166666666663,200,12.0,0.0,30.02580922679858,40.01075429358704,833.3333333333334,2910.0,14,1,1
5333.15,200,20.0,0.0,30.01290461339929,40.2365205462442,1445.0,64000.0,20,0,1
1671.1923076923076,200,52.0,0.0,30.02580922679858,40.192727288853675,1300.0,52150.0,6,4,1
1881.4102564102564,200,39.0,0.0,30.01290461339929,40.16271874454894,310.25641025641016,44030.0,8,5,1
25.8571428571428,200,14.0,0.0,30.03871384019787,40.00081303937772,864.2857142857142,220.0,18,3,1
9.799999999999999,200,5.0,0.0,30.032261533498225,40.00011086900605,179.99999999999997,30.0,15,0,1
27052.56818181811,200,6.0,0.0,30.01290461339929,40.64969237546454,600.0,175800.0,7,4,1
11.75,200,2.0,0.0,30.01290461339929,40.0000739126707,200.0,20.0,17,3,1
6.0,200,11.0,0.0,30.058070760296808,40.0001478253414,909.0909090909091,40.0,22,2,1
1416.2962962962963,200,270.0,0.0,30.01290461339929,40.84792615828546,1040.3703703703704,229440.0,17,3,1
68.35294117647051,200,51.0,0.0,30.058070760296808,40.007760830423635,196.07843137254898,2100.0,19,1,1
3499.029069767442,200,172.0,0.0,30.01290461339929,41.33449326951221,1460.0434630213795,361100.0,6,1,1
1.3076923076923002,200,13.0,0.0,30.058070760296808,40.0000739126707,1300.0,20.0,2,2,1
28.485714285714202,200,35.0,0.0,30.032261533498225,40.00221738012104,411.4285714285714,600.0,17,0,1
70.75,200,2.0,0.0,30.01290461339929,40.00033260701816,200.0,90.0,9,4,1
318.67241379310343,200,29.0,0.0,30.03871384019787,40.020510766119614,675.8620689655172,5550.0,6,3,1
8750.117924528302,200,106.0,0.0,30.01290461339929,42.05665701859938,305.6603773584904,556510.0,16,1,1
8750.117924528302,200,106.0,0.0,30.01290461339929,42.05665701859938,305.6603773584904,556510.0,13,0,1
8750.117924528302,200,106.0,0.0,30.01290461339929,42.05665701859938,305.6603773584904,556510.0,23,2,1
8750.117924528302,200,106.0,0.0,30.01290461339929,42.05665701859938,305.6603773584904,556510.0,2,6,1
13.75,200,2.0,0.0,30.01290461339929,40.0000739126707,200.0,20.0,11,5,1
1108.6518987341772,200,79.0,0.0,30.01290461339929,40.19424249860305,669.620253164557,52560.0,12,6,1
1.875,200,8.0,0.0,30.03871384019787,40.00003695633535,800.0,10.0,1,6,1
10.9593495934959,200,123.0,0.0,30.25163996128616,40.002993463163406,430.08130081300794,810.0,2,1,1
5.75,200,2.0,0.0,30.01290461339929,40.00003695633535,200.0,10.0,4,2,1
722.5973597359736,200,303.0,0.0,30.01290461339929,40.48549537750157,528.052805280528,131370.0,10,3,1
1.8666666666666,200,15.0,0.0,30.096784600494676,40.0000739126707,960.0000000000001,20.0,7,6,1
60.25,200,2.0,0.0,30.01290461339929,40.00029565068281,200.0,80.0,22,6,1
1.4321462945139,200,2078.0,0.0,30.561350682869126,40.006615184027766,76.9971126082768,1790.0,22,4,1
7.6666666666666,200,3.0,0.0,30.019356920098936,40.0000739126707,133.33333333333331,20.0,11,1,1
6.8333333333333,200,6.0,0.0,30.03871384019787,40.00011086900605,150.0,30.0,6,1,1
35.65,200,10.0,0.0,30.01290461339929,40.00081303937772,1000.0,220.0,14,3,1
283.4,200,15.0,0.0,30.05161845359716,40.00946082184977,60.00000000000001,2560.0,23,5,1
11.6,200,30.0,0.0,30.083879987095386,40.00077608304236,563.3333333333333,210.0,16,0,1
3682.2241379310335,200,29.0,0.0,30.01290461339929,40.23681619692701,675.8620689655172,64080.0,3,4,1
26973.636363636364,200,44.0,0.0,30.01290461339929,42.6316975966556,184.09090909090907,712110.0,21,1,1
27052.56818181811,200,54.0,0.0,30.01290461339929,50.063468810331216,416.6666666666667,830773.5999999985,12,4,1
1.75,200,8.0,0.0,30.03871384019787,40.00003695633535,800.0,10.0,17,1,1
1391.8333333333333,200,3.0,0.0,30.01290461339929,40.00927604017301,300.0,2510.0,0,4,1
1.6153846153845999,200,13.0,0.0,30.058070760296808,40.0000739126707,1300.0,20.0,15,2,1
108.5,200,11.0,0.0,30.01290461339929,40.00266085614525,581.8181818181819,720.0,12,6,1
1101.8076923076924,200,26.0,0.0,30.019356920098936,40.06352794046778,650.0,17190.0,9,1,1
4768.25,200,2.0,0.0,30.01290461339929,40.021175980155924,200.0,5730.0,11,4,1
2472.7000000000003,200,15.0,0.0,30.01290461339929,40.08226480249056,666.6666666666666,22260.0,1,0,1
779.3809523809524,200,21.0,0.0,30.019356920098936,40.03632807764969,476.1904761904761,9830.0,22,2,1
106.0,200,4.0,0.0,30.01290461339929,40.00096086471912,225.0,260.0,2,2,1
3487.462962962963,200,27.0,0.0,30.01290461339929,40.20880329473121,625.9259259259258,56500.0,9,0,1
5276.555555555556,200,9.0,0.0,30.01290461339929,40.105325555749374,100.0,28500.0,1,4,1
11328.421348314607,200,89.0,0.0,30.01290461339929,42.235636550702615,944.9438202247192,604940.0,22,3,1
10622.25,200,14.0,0.0,30.01290461339929,40.329761380333906,864.2857142857142,89230.0,12,0,1
11.0,200,2.0,0.0,30.01290461339929,40.0000739126707,200.0,20.0,12,4,1
0.25,200,2.0,0.0,30.01290461339929,40.00003695633535,50.0,10.0,17,0,1
3840.117647058824,200,17.0,0.0,30.019356920098936,40.14475796556852,476.4705882352941,39170.0,2,0,1
3197.9210526315787,200,19.0,0.0,30.01290461339929,40.13474279868849,636.8421052631579,36460.0,6,1,1
2401.95,200,10.0,0.0,30.06452306699645,40.05329103557565,40.0,14420.0,13,4,1
9324.283783783783,200,37.0,0.0,30.01290461339929,40.76499614175859,608.1081081081081,207000.0,19,3,1
9141.666666666666,200,6.0,0.0,30.01290461339929,40.12162329963901,600.0,32910.0,16,6,1
4177.93085106383,200,94.0,0.0,30.01290461339929,40.87083908620287,272.3404255319149,235640.0,20,1,1
9253.94117647059,200,17.0,0.0,30.01290461339929,40.3488678057102,994.1176470588235,94400.0,11,0,1
7797.227272727273,200,11.0,0.0,30.01290461339929,40.19021425804983,736.3636363636364,51470.0,15,6,1
,200,0.0,0.0,30.01290461339929,40.00011086900605,,30.0,23,5,1
124.2539682539682,200,63.0,0.0,30.019356920098936,40.01736947761481,357.142857142857,4700.0,11,6,1
21.3,200,10.0,0.0,30.06452306699645,40.00048043235956,89.99999999999999,130.0,14,0,1
143.5714285714285,200,63.0,0.0,30.019356920098936,40.020067290095405,311.1111111111111,5430.0,9,0,1
114.0459770114942,200,87.0,0.0,30.019356920098936,40.02202597586899,459.7701149425286,5960.0,6,4,1
5.6666666666666,200,3.0,0.0,30.019356920098936,40.0000739126707,133.33333333333331,20.0,19,4,1
126.57812500000001,200,64.0,0.0,30.019356920098936,40.01799773531577,351.5625,4870.0,4,1,1
176.2264150943396,200,53.0,0.0,30.019356920098936,40.020732504131715,369.811320754717,5610.0,0,3,1
1.8571428571428001,200,7.0,0.0,30.045166146897515,40.00003695633535,514.2857142857142,10.0,16,1,1
3.8666666666666,200,15.0,0.0,30.02580922679858,40.0001478253414,540.0,40.0,2,2,1
5.6666666666666,200,6.0,0.0,30.03871384019787,40.00011086900605,66.66666666666666,30.0,12,0,1
,200,0.0,0.0,30.02580922679858,40.00011086900605,,30.0,13,6,1
153.2539682539682,200,63.0,0.0,30.019356920098936,40.02143467450338,311.1111111111111,5800.0,23,5,1
14.3055555555555,200,18.0,0.0,30.11614152059361,40.00059130136561,88.88888888888889,160.0,17,0,1
92.2676056338028,200,71.0,0.0,30.019356920098936,40.01456079612816,407.0422535211266,3940.0,3,0,1
56.181818181818095,200,22.0,0.0,30.141950747392194,40.0027717251513,40.90909090909089,750.0,17,1,1
5.0,200,7.0,0.0,30.045166146897515,40.00011086900605,128.57142857142856,30.0,4,5,1
132.9411764705882,200,85.0,0.0,30.019356920098936,40.02505639536775,470.58823529411757,6780.0,15,5,1
4.75,200,6.0,0.0,30.03871384019787,40.0000739126707,266.66666666666663,20.0,0,5,1
8.6875,200,24.0,0.0,30.154855360791483,40.00048043235956,104.16666666666666,130.0,20,1,1
112.3333333333333,200,63.0,0.0,30.019356920098936,40.01570644252403,357.142857142857,4250.0,13,0,1
122.5873015873015,200,63.0,0.0,30.019356920098936,40.017147739602706,311.1111111111111,4640.0,14,1,1
24.1666666666666,200,12.0,0.0,30.07742768039574,40.00066521403631,33.33333333333332,180.0,8,4,1
72.7741935483871,200,31.0,0.0,30.032261533498225,40.00502606160769,632.2580645161289,1360.0,14,4,1
101.184331797235,200,868.0,0.0,30.019356920098936,40.19475988729796,90.32258064516118,52700.0,16,1,1
110.1904761904761,200,63.0,0.0,30.019356920098936,40.01541079184123,311.1111111111111,4170.0,23,5,1
125.8309859154929,200,71.0,0.0,30.019356920098936,40.019845552083304,456.3380281690141,5370.0,3,0,1
214.0793650793651,200,63.0,0.0,30.019356920098936,40.029934631634035,311.1111111111111,8100.0,11,1,1
95.2222222222222,200,63.0,0.0,30.019356920098936,40.01330428072624,357.142857142857,3600.0,4,1,1
1448.434599156118,200,237.0,0.0,30.01290461339929,40.76118963921747,1460.0434630213795,205970.0,4,1,1
15.25,200,8.0,0.0,30.05161845359716,40.00029565068281,112.5,80.0,10,2,1
5.0,200,5.0,0.0,30.032261533498225,40.0000739126707,179.99999999999997,20.0,5,4,1
26.5341614906832,200,483.0,0.0,30.019356920098936,40.02841942188466,298.96480331262933,7690.0,6,6,1
88.7662337662337,200,77.0,0.0,30.019356920098936,40.01518905382912,420.7792207792207,4110.0,23,5,1
8.3333333333333,200,3.0,0.0,30.019356920098936,40.0000739126707,33.33333333333333,20.0,13,3,1
17.375,200,8.0,0.0,30.05161845359716,40.00033260701816,312.5,90.0,23,6,1
9.3333333333333,200,3.0,0.0,30.019356920098936,40.0000739126707,33.33333333333333,20.0,10,5,1
0.78125,200,32.0,0.0,30.07742768039574,40.0000739126707,153.125,20.0,12,3,1
6.25,200,2.0,0.0,30.01290461339929,40.00003695633535,200.0,10.0,1,2,1
41.125,200,4.0,0.0,30.02580922679858,40.00036956335351,225.0,100.0,6,1,1
3.3930514859773,200,2389.0,0.0,31.18077212603506,40.01799773531577,295.353704478861,4870.0,19,2,1
89.338028169014,200,71.0,0.0,30.019356920098936,40.0140803637686,407.0422535211266,3810.0,3,2,1
4.0833333333333,200,6.0,0.0,30.03871384019787,40.0000739126707,266.66666666666663,20.0,7,6,1
117.06349206349199,200,63.0,0.0,30.019356920098936,40.01637165656034,311.1111111111111,4430.0,19,0,1
34.25,200,4.0,0.0,30.02580922679858,40.00033260701816,225.0,90.0,21,6,1
110.3333333333333,200,63.0,0.0,30.019356920098936,40.01544774817658,311.1111111111111,4180.0,20,4,1
3.3227659574468,200,2350.0,0.0,31.13560597913754,40.01733252127946,300.2553191489359,4690.0,18,3,1
50.6666666666666,200,6.0,0.0,30.03871384019787,40.00070217037166,16.66666666666666,190.0,12,1,1
259.8076923076923,200,13.0,0.0,30.01290461339929,40.007502136076184,623.0769230769231,2030.0,13,6,1
7.453125,200,32.0,0.0,30.206473814388644,40.00055434503026,50.0,150.0,9,3,1
6.6,200,5.0,0.0,30.032261533498225,40.0000739126707,20.0,20.0,10,5,1
30.2857142857142,200,7.0,0.0,30.045166146897515,40.00048043235956,57.14285714285714,130.0,1,3,1
53.125,200,4.0,0.0,30.02580922679858,40.00048043235956,225.0,130.0,8,5,1
8.3333333333333,200,3.0,0.0,30.019356920098936,40.0000739126707,133.33333333333331,20.0,16,6,1
4.2666666666666,200,15.0,0.0,30.096784600494676,40.0001478253414,106.66666666666664,40.0,2,4,1
28.4166666666666,200,12.0,0.0,30.070975373696097,40.00077608304236,133.33333333333331,210.0,23,6,1
132.2539682539682,200,63.0,0.0,30.019356920098936,40.018478167675326,311.1111111111111,5000.0,5,5,1
3.0,200,6.0,0.0,30.03871384019787,40.0000739126707,150.0,20.0,4,3,1
88.0909090909091,200,77.0,0.0,30.019356920098936,40.01504122848772,468.8311688311687,4070.0,4,3,1
134.9014084507042,200,71.0,0.0,30.019356920098936,40.021249892826624,407.0422535211266,5750.0,21,5,1
171.8730158730158,200,63.0,0.0,30.019356920098936,40.02402161797793,311.1111111111111,6500.0,14,2,1
105.4444444444444,200,63.0,0.0,30.019356920098936,40.01474557780491,357.142857142857,3990.0,22,4,1
102.8412698412698,200,63.0,0.0,30.019356920098936,40.01437601445141,357.142857142857,3890.0,16,0,1
,200,0.0,0.0,30.01290461339929,40.00011086900605,,30.0,8,1,1
158.84126984126982,200,63.0,0.0,30.019356920098936,40.02221075754574,311.1111111111111,6010.0,2,3,1
158.84126984126982,200,63.0,0.0,30.019356920098936,40.02221075754574,311.1111111111111,6010.0,19,1,1
158.84126984126982,200,63.0,0.0,30.019356920098936,40.02221075754574,311.1111111111111,6010.0,16,0,1
158.84126984126982,200,63.0,0.0,30.019356920098936,40.02221075754574,311.1111111111111,6010.0,9,6,1
5.3333333333333,200,3.0,0.0,30.019356920098936,40.00003695633535,300.0,10.0,2,1,1
97.6190476190476,200,63.0,0.0,30.019356920098936,40.01363688774439,311.1111111111111,3690.0,17,0,1
5.3905508072174,200,2106.0,0.0,30.99365523174535,40.02520422070915,311.53846153846104,6820.0,17,5,1
7.6666666666666,200,3.0,0.0,30.019356920098936,40.0000739126707,300.0,20.0,16,2,1
91.8270762229806,200,879.0,0.0,30.019356920098936,40.17897953210323,89.19226393629104,48430.0,23,3,1
128.15873015873012,200,63.0,0.0,30.019356920098936,40.017923822645066,357.142857142857,4850.0,2,0,1
7.25,200,2.0,0.0,30.01290461339929,40.00003695633535,200.0,10.0,2,1,1
21.6,200,5.0,0.0,30.019356920098936,40.00025869434745,179.99999999999997,70.0,5,3,1
76.1428571428571,200,21.0,0.0,30.135498440692547,40.003547808193666,19.04761904761904,960.0,12,2,1
3.7791912766924,200,2201.0,0.0,31.077535218840737,40.018478167675326,320.5815538391634,5000.0,23,5,1
43.0,200,4.0,0.0,30.02580922679858,40.00040651968886,225.0,110.0,14,6,1
124.6470588235294,200,51.0,0.0,30.019356920098936,40.01411732010395,384.313725490196,3820.0,8,3,1
50.375,200,4.0,0.0,30.02580922679858,40.00048043235956,225.0,130.0,3,6,1
122.5873015873015,200,63.0,0.0,30.019356920098936,40.017147739602706,311.1111111111111,4640.0,13,0,1
4.25,200,6.0,0.0,30.03871384019787,40.0000739126707,266.66666666666663,20.0,4,2,1
96.7777777777777,200,63.0,0.0,30.019356920098936,40.01352601873834,311.1111111111111,3660.0,1,1,1
4.6666666666666,200,3.0,0.0,30.019356920098936,40.00003695633535,33.33333333333333,10.0,10,2,1
114.943396226415,200,53.0,0.0,30.019356920098936,40.01352601873834,369.811320754717,3660.0,8,2,1
122.15873015873011,200,63.0,0.0,30.019356920098936,40.017073826932005,357.142857142857,4620.0,23,4,1
116.6031746031746,200,63.0,0.0,30.019356920098936,40.01629774388964,311.1111111111111,4410.0,2,2,1
86.0,200,2.0,0.0,30.01290461339929,40.00040651968886,200.0,110.0,8,2,1
134.525641025641,200,78.0,0.0,30.019356920098936,40.02328249127091,462.8205128205127,6300.0,2,3,1
119.0148741418764,200,874.0,0.0,30.019356920098936,40.230681445258796,89.70251716247137,62420.0,1,1,1
,200,0.0,0.0,30.02580922679858,40.00011086900605,,30.0,11,3,1
3.5294117647058,200,17.0,0.0,30.10968921389397,40.0001478253414,94.11764705882352,40.0,9,3,1
5169.958904109589,200,73.0,0.0,30.01290461339929,40.83687621401562,1460.0434630213795,226450.0,8,0,1
8.3333333333333,200,3.0,0.0,30.019356920098936,40.0000739126707,33.33333333333333,20.0,14,3,1
114.1111111111111,200,63.0,0.0,30.019356920098936,40.015965136871486,311.1111111111111,4320.0,7,4,1
8.1999999999999,200,5.0,0.0,30.032261533498225,40.00011086900605,179.99999999999997,30.0,4,4,1
3.4615384615384,200,13.0,0.0,30.070975373696097,40.00011086900605,123.07692307692308,30.0,10,6,1
529.8571428571429,200,7.0,0.0,30.02580922679858,40.008241262783194,128.57142857142856,2230.0,1,0,1
105.06349206349199,200,63.0,0.0,30.019356920098936,40.01470862146956,357.142857142857,3980.0,23,6,1
113.07407407407399,200,135.0,0.0,30.019356920098936,40.0338520031812,267.40740740740733,9160.0,14,6,1
4.75,200,6.0,0.0,30.03871384019787,40.0000739126707,266.66666666666663,20.0,5,5,1
50.5,200,2.0,0.0,30.01290461339929,40.00025869434745,200.0,70.0,7,1,1
50.5,200,2.0,0.0,30.01290461339929,40.00025869434745,200.0,70.0,4,1,1
50.5,200,2.0,0.0,30.01290461339929,40.00025869434745,200.0,70.0,15,3,1
50.5,200,2.0,0.0,30.01290461339929,40.00025869434745,200.0,70.0,17,3,1
6.0,200,3.0,0.0,30.019356920098936,40.0000739126707,300.0,20.0,5,5,1
111.98412698412689,200,63.0,0.0,30.019356920098936,40.01566948618868,311.1111111111111,4240.0,4,3,1
1.40625,200,16.0,0.0,30.05161845359716,40.0000739126707,100.0,20.0,15,1,1
77.1647058823529,200,85.0,0.0,30.019356920098936,40.01456079612816,470.58823529411757,3940.0,12,6,1
3.342287694974,200,2308.0,0.0,31.096892138939673,40.017110783267356,305.71923743500855,4630.0,4,2,1
114.9047619047619,200,63.0,0.0,30.019356920098936,40.01607600587754,357.142857142857,4350.0,12,4,1
100.7777777777777,200,63.0,0.0,30.019356920098936,40.0140803637686,357.142857142857,3810.0,16,2,1
98.36619718309859,200,71.0,0.0,30.019356920098936,40.01552166084728,456.3380281690141,4200.0,17,2,1
85.75,200,2.0,0.0,30.01290461339929,40.00040651968886,200.0,110.0,7,1,1
225.6904761904762,200,42.0,0.0,30.01290461339929,40.02102815481452,466.66666666666663,5690.0,12,2,1
5.0,200,3.0,0.0,30.019356920098936,40.00003695633535,300.0,10.0,18,5,1
134.5238095238095,200,63.0,0.0,30.019356920098936,40.018810774693485,357.142857142857,5090.0,2,0,1
110.5,200,2.0,0.0,30.01290461339929,40.00051738869491,50.0,140.0,23,3,1
141.3243243243243,200,74.0,0.0,30.019356920098936,40.02320857860021,390.54054054054046,6280.0,7,0,1
129.4444444444444,200,63.0,0.0,30.019356920098936,40.018108604321824,357.142857142857,4900.0,1,6,1
106.5396825396825,200,63.0,0.0,30.019356920098936,40.01489340314632,311.1111111111111,4030.0,7,4,1
109.7142857142857,200,63.0,0.0,30.019356920098936,40.01533687917052,311.1111111111111,4150.0,12,3,1
162.4805194805195,200,77.0,0.0,30.019356920098936,40.027754207848346,468.8311688311687,7510.0,12,2,1
109.8730158730158,200,63.0,0.0,30.019356920098936,40.015373835505876,311.1111111111111,4160.0,0,4,1
115.0952380952381,200,63.0,0.0,30.019356920098936,40.01611296221289,311.1111111111111,4360.0,5,3,1
8.0,200,3.0,0.0,30.019356920098936,40.0000739126707,300.0,20.0,23,5,1
55.75,200,6.0,0.0,30.03871384019787,40.00077608304236,66.66666666666666,210.0,18,5,1
124.2727272727272,200,77.0,0.0,30.019356920098936,40.021249892826624,420.7792207792207,5750.0,15,5,1
58.1904761904761,200,21.0,0.0,30.135498440692547,40.00273476881595,19.04761904761904,740.0,7,5,1
103.76190476190469,200,63.0,0.0,30.019356920098936,40.01452383979281,357.142857142857,3930.0,0,2,1
92.46753246753241,200,77.0,0.0,30.019356920098936,40.01581731153008,420.7792207792207,4280.0,15,0,1
108.4935064935064,200,77.0,0.0,30.019356920098936,40.018552080346026,420.7792207792207,5020.0,8,3,1
79.3333333333333,200,3.0,0.0,30.01290461339929,40.00055434503026,133.33333333333331,150.0,12,2,1
1379.923076923077,200,13.0,0.0,30.019356920098936,40.03980197317266,769.2307692307693,10770.0,10,5,1
287.0,200,2.0,0.0,30.01290461339929,40.00129347173727,200.0,350.0,12,6,1
1564.3125,200,64.0,0.0,30.01290461339929,40.22199670645139,451.5625,60070.0,20,0,1
27052.56818181811,200,14.0,0.0,30.01290461339929,44.96024237442976,178.57142857142856,830773.5999999985,9,6,1
27052.56818181811,200,15.0,0.0,30.01290461339929,41.51683582813234,960.0000000000001,410440.0,3,4,1
27052.56818181811,200,2.0,0.0,30.01290461339929,43.782554835810394,50.0,830773.5999999985,5,6,1
27052.56818181811,200,5.0,0.0,30.019356920098936,40.656824948187214,320.0,177730.0,6,4,1
754.0,200,3.0,0.0,30.01290461339929,40.00502606160769,133.33333333333331,1360.0,4,4,1
27052.56818181811,200,7.0,0.0,30.019356920098936,41.038953455713006,128.57142857142856,281130.0,10,5,1
